Order_ID,Order_Date,Order_DateTime,Customer_ID,Restaurant_ID,City,Zone,Qty,Subtotal,Discount,Delivery_Fee,Order_Value,Payment_Method,Order_Channel,Order_Status,Delivery_Partner,Rider_ID,Distance_KM,Promised_Minutes,Delivery_Minutes,On_Time_Delivery,Customer_Rating,Cancellation_Reason
ORD01312,2026-01-27,2026-01-27 14:22:00,C0661,Restaurant_02,Panchkula,Sector 8,3,360,0.0,30,390,Credit Card,Website,Delivered,In-house Rider,RD006,6.1,50,25.0,True,3.0,
ORD01988,2026-04-16,2026-04-16 09:26:00,C0128,Restaurant_08,Panchkula,Sector 15,5,750,75.0,20,695,Credit Card,Restaurant App,Delivered,Ola Logistics,RD012,6.5,40,38.0,True,,
ORD03931,2026-05-12,2026-05-12 09:57:00,C0300,Restaurant_21,Mohali,Phase 5,3,750,30.0,60,780,Debit Card,Restaurant App,Failed,Not Assigned,Not Assigned,6.1,30,,,,Rider Unavailable
ORD02736,2026-04-06,2026-04-06 21:25:00,C0624,Restaurant_22,Panchkula,Sector 8,5,1250,0.0,60,1310,Credit Card,Restaurant App,Delivered,In-house Rider,RD128,4.0,40,27.0,True,5.0,
ORD03821,2026-06-16,2026-06-16 01:04:00,C1121,Restaurant_15,Panchkula,Sector 11,5,2000,0.0,25,2025,Wallet,Website,Delivered,In-house Rider,RD147,8.1,30,32.0,False,5.0,
ORD00412,2026-06-12,2026-06-12 01:02:00,C0936,Restaurant_21,Mohali,Phase 7,4,600,0.0,30,630,Wallet,Restaurant App,Delivered,Shadowfax,RD100,5.3,30,29.0,True,5.0,
ORD01195,2026-03-24,2026-03-24 07:24:00,C0250,Restaurant_16,Chandigarh,Sector 17,5,1750,20.0,50,1780,Debit Card,Restaurant App,Delivered,In-house Rider,RD031,8.2,35,47.0,False,5.0,
ORD00759,2026-06-20,2026-06-20 12:10:00,C0653,Restaurant_04,Panchkula,Sector 8,2,300,0.0,50,350,Debit Card,Website,Delivered,Shiprocket,RD071,5.3,35,28.0,True,4.0,
ORD03250,2026-01-28,2026-01-28 22:53:00,C0667,Restaurant_05,Panchkula,Sector 5,3,540,0.0,25,565,UPI,Website,Failed,Not Assigned,Not Assigned,2.8,40,,,,Customer Cancelled
ORD00322,2026-05-22,2026-05-22 06:31:00,C1121,Restaurant_14,Panchkula,Sector 15,1,400,,20,390,UPI,Restaurant App,Delivered,In-house Rider,RD091,,30,36.0,False,,
ORD00919,2026-02-11,2026-02-11 03:35:00,C0578,Restaurant_13,Chandigarh,Sector 17,3,660,50.0,20,630,Credit Card,Website,Delivered,In-house Rider,RD016,7.2,35,46.0,False,4.0,
ORD02072,2026-02-01,2026-02-01 01:58:00,C0780,Restaurant_05,Chandigarh,Sector 35,3,960,0.0,40,1000,Cash,Website,Failed,Not Assigned,Not Assigned,5.7,45,,,,Payment Failed
ORD01081,2026-02-10,2026-02-10 10:25:00,C0779,Restaurant_04,Mohali,Phase 3B2,3,1200,100.0,50,1150,UPI,Restaurant App,Delivered,Shadowfax,RD144,5.1,30,23.0,True,4.0,
ORD03567,2026-02-11,2026-02-11 10:11:00,C0417,Restaurant_05,Chandigarh,Sector 17,3,1200,0.0,30,1230,Wallet,Restaurant App,Cancelled,Not Assigned,Not Assigned,3.5,40,,,,Restaurant Delay
ORD00038,2026-05-05,2026-05-05 16:48:00,C0109,Restaurant_23,Chandigarh,Manimajra,3,840,75.0,60,825,Wallet,Restaurant App,Delivered,Shiprocket,RD087,3.3,35,29.0,True,4.0,
ORD03914,2026-04-10,2026-04-10 09:21:00,C1089,Restaurant_03,Chandigarh,Sector 22,1,180,50.0,50,180,UPI,Restaurant App,Delivered,In-house Rider,RD025,4.9,45,38.0,True,5.0,
ORD02430,2026-03-23,2026-03-23 01:11:00,C0507,Restaurant_17,Mohali,Phase 7,3,840,50.0,60,850,Cash,Restaurant App,Cancelled,Not Assigned,Not Assigned,5.5,35,,,,Rider Unavailable
ORD03249,2026-01-23,2026-01-23 10:40:00,C0471,Restaurant_07,Panchkula,Sector 15,2,700,,20,5000,Credit Card,Website,Delivered,Shiprocket,RD122,,35,22.0,True,,
ORD00959,2026-03-27,2026-03-27 21:27:00,C0269,Restaurant_07,Panchkula,Sector 15,4,1120,75.0,50,1095,Cash,Restaurant App,Delivered,In-house Rider,RD061,5.8,45,23.0,True,4.0,
ORD00968,2026-02-18,2026-02-18 20:12:00,C0094,Restaurant_06,Panchkula,Sector 11,1,250,0.0,50,300,Credit Card,Restaurant App,Delivered,Shadowfax,RD069,4.9,45,28.0,True,4.0,
ORD01880,2026-03-31,2026-03-31 05:24:00,C0961,Restaurant_05,Mohali,Phase 7,3,1050,0.0,25,1075,Cash,Restaurant App,Delivered,Shiprocket,RD126,7.0,35,50.0,False,5.0,
ORD03858,2026-05-30,2026-05-30 15:37:00,C0870,Restaurant_22,Chandigarh,Sector 22,4,1120,75.0,20,1065,Debit Card,Website,Delivered,In-house Rider,RD099,4.2,30,32.0,False,5.0,
ORD01520,2026-01-18,2026-01-18 22:40:00,C0681,Restaurant_17,Panchkula,Sector 15,3,1200,0.0,30,1230,UPI,Website,Delivered,In-house Rider,RD041,4.7,40,34.0,True,3.0,
ORD02705,2026-01-26,2026-01-26 04:50:00,C0669,Restaurant_23,Mohali,Phase 5,3,750,100.0,30,680,Wallet,Restaurant App,Delivered,In-house Rider,RD034,6.5,30,42.0,False,4.0,
ORD00058,2026-03-01,2026-03-01 15:14:00,C0111,Restaurant_08,Mohali,Phase 5,5,1400,100.0,60,1360,UPI,Website,Delivered,Ola Logistics,RD001,2.6,40,14.0,True,4.0,
ORD02397,2026-05-11,2026-05-11 00:19:00,C0249,Restaurant_21,Mohali,Sector 68,1,320,30.0,25,315,Credit Card,Website,Delivered,Shadowfax,RD065,3.0,45,25.0,True,4.0,
ORD03698,2026-04-04,2026-04-04 06:38:00,C0526,Restaurant_20,Chandigarh,Sector 34,1,120,0.0,60,180,Debit Card,Website,Delivered,In-house Rider,RD100,1.4,40,10.0,True,5.0,
ORD00034,2026-01-13,2026-01-13 13:51:00,C0179,Restaurant_02,Mohali,Sector 68,4,1120,0.0,60,1180,Credit Card,Restaurant App,Failed,Not Assigned,Not Assigned,5.3,45,,,,Customer Cancelled
ORD00837,2026-06-08,2026-06-08 06:19:00,C0763,Restaurant_13,Chandigarh,Manimajra,5,1750,75.0,60,1735,Debit Card,Website,Delivered,In-house Rider,RD014,3.2,50,21.0,True,5.0,
ORD00011,2026-03-11,2026-03-11 16:15:00,C0650,Restaurant_03,Chandigarh,Sector 34,4,480,0.0,25,505,Debit Card,Restaurant App,Delivered,In-house Rider,RD005,9.9,50,57.0,False,4.0,
ORD00982,2026-03-02,2026-03-02 10:02:00,C0179,Restaurant_08,Chandigarh,Manimajra,5,1100,0.0,20,1120,Cash,Website,Delivered,In-house Rider,RD100,3.8,35,28.0,True,4.0,
ORD03826,2026-06-18,2026-06-18 00:17:00,C0754,Restaurant_02,Mohali,Sector 68,1,350,75.0,20,295,Debit Card,Website,Delivered,Ola Logistics,RD038,4.5,45,34.0,True,5.0,
ORD01114,2026-05-15,2026-05-15 19:35:00,C0287,Restaurant_12,Mohali,Phase 5,3,360,50.0,20,330,Wallet,Website,Delivered,In-house Rider,RD147,6.3,45,41.0,True,3.0,
ORD02399,2026-06-20,2026-06-20 17:47:00,C1161,Restaurant_18,Chandigarh,Sector 17,1,320,0.0,40,360,Debit Card,Restaurant App,Delivered,In-house Rider,RD012,5.6,35,36.0,False,5.0,
ORD03134,2026-02-03,2026-02-03 10:34:00,C0024,Restaurant_23,Panchkula,Sector 15,5,750,0.0,50,800,Wallet,Website,Delivered,Ola Logistics,RD095,6.8,45,34.0,True,5.0,
ORD03218,2026-03-07,2026-03-07 21:36:00,C0566,Restaurant_05,Mohali,Sector 68,4,1000,75.0,50,975,Cash,Restaurant App,Cancelled,Not Assigned,Not Assigned,6.1,35,,,,Restaurant Delay
ORD00573,2026-06-23,2026-06-23 21:53:00,C1062,Restaurant_25,Mohali,Sector 68,4,1400,0.0,20,1420,Cash,Website,Delivered,In-house Rider,RD049,2.6,50,15.0,True,4.0,
ORD03550,2026-01-19,2026-01-19 15:17:00,C0090,Restaurant_24,Panchkula,Sector 8,3,540,0.0,50,590,Credit Card,Website,Delivered,In-house Rider,RD020,3.4,30,31.0,False,5.0,
ORD00219,2026-01-31,2026-01-31 15:25:00,C0078,Restaurant_16,Mohali,Phase 5,1,350,0.0,20,370,UPI,Restaurant App,Delivered,Shiprocket,RD069,5.8,40,25.0,True,5.0,
ORD03079,2026-04-07,2026-04-07 09:23:00,C0803,Restaurant_19,Chandigarh,Sector 35,2,360,100.0,40,300,Debit Card,Website,Delivered,In-house Rider,RD001,6.6,45,23.0,True,,
ORD02685,2026-01-15,2026-01-15 11:35:00,C0922,Restaurant_18,Mohali,Sector 68,1,280,50.0,40,270,Credit Card,Website,Delivered,Ola Logistics,RD108,2.6,50,25.0,True,5.0,
ORD03707,2026-03-21,2026-03-21 03:31:00,C0259,Restaurant_03,Panchkula,Sector 11,5,900,20.0,25,905,UPI,Restaurant App,Delivered,In-house Rider,RD091,4.8,30,34.0,False,5.0,
ORD03543,2026-03-08,2026-03-08 04:58:00,C0727,Restaurant_24,Panchkula,Sector 15,2,360,30.0,60,390,Credit Card,Website,Cancelled,Not Assigned,Not Assigned,0.5,45,,,,Customer Cancelled
ORD03288,2026-01-22,2026-01-22 06:11:00,C0569,Restaurant_22,Mohali,Sector 68,5,1600,0.0,20,1620,Credit Card,Restaurant App,Delivered,Shadowfax,RD090,2.0,50,22.0,True,4.0,
ORD01669,2026-06-12,2026-06-12 19:48:00,C0326,Restaurant_12,Panchkula,Sector 15,3,1200,0.0,30,1230,UPI,Website,Delivered,Shiprocket,RD054,7.4,50,28.0,True,5.0,
ORD00853,2026-03-08,2026-03-08 18:14:00,C0675,Restaurant_14,Mohali,Phase 3B2,3,750,100.0,25,675,Debit Card,Restaurant App,Delivered,Shiprocket,RD052,2.1,35,24.0,True,5.0,
ORD02582,2026-05-12,2026-05-12 07:51:00,C0930,Restaurant_23,Chandigarh,Manimajra,4,480,0.0,30,510,UPI,Website,Failed,Not Assigned,Not Assigned,6.4,50,,,,Address Issue
ORD03900,2026-05-18,2026-05-18 06:57:00,C1069,Restaurant_05,Panchkula,Sector 5,3,540,0.0,25,565,Credit Card,Website,Delivered,In-house Rider,RD089,6.4,40,30.0,True,5.0,
ORD01828,2026-04-22,2026-04-22 14:19:00,C0400,Restaurant_03,Chandigarh,Sector 17,1,280,0.0,20,300,Cash,Restaurant App,Cancelled,Not Assigned,Not Assigned,3.9,45,,,,Customer Cancelled
ORD03512,2026-04-11,2026-04-11 12:30:00,C0247,Restaurant_18,Panchkula,Sector 8,2,700,0.0,60,760,UPI,Website,Delivered,Ola Logistics,RD092,3.4,35,18.0,True,5.0,
ORD03471,2026-05-26,2026-05-26 09:30:00,C0957,Restaurant_02,Chandigarh,Manimajra,3,1200,0.0,20,1220,Cash,Website,Cancelled,Not Assigned,Not Assigned,2.1,35,,,,Address Issue
ORD02979,2026-03-24,2026-03-24 20:21:00,C0192,Restaurant_05,Panchkula,Sector 15,3,960,20.0,60,1000,Credit Card,Website,Failed,Not Assigned,Not Assigned,3.2,30,,,,Rider Unavailable
ORD01107,2026-02-16,2026-02-16 18:40:00,C1182,Restaurant_09,Mohali,Phase 7,2,800,0.0,30,830,Wallet,Restaurant App,Delivered,Shadowfax,RD147,4.1,30,26.0,True,3.0,
ORD03675,2026-05-19,2026-05-19 20:00:00,C0276,Restaurant_04,Mohali,Phase 5,2,240,30.0,50,260,UPI,Restaurant App,Delivered,In-house Rider,RD042,4.4,35,27.0,True,4.0,
ORD02130,2026-05-19,2026-05-19 20:48:00,C0747,Restaurant_18,Panchkula,Sector 11,1,400,0.0,30,430,Cash,Website,Delivered,Shiprocket,RD118,5.4,30,27.0,True,5.0,
ORD01414,2026-06-13,2026-06-13 19:58:00,C0112,Restaurant_20,Panchkula,Sector 11,3,660,0.0,20,680,UPI,Website,Delivered,Shiprocket,RD065,7.3,45,35.0,True,4.0,
ORD00337,2026-02-04,2026-02-04 20:11:00,C0380,Restaurant_09,Mohali,Sector 68,3,450,0.0,30,480,Debit Card,Restaurant App,Delivered,In-house Rider,RD052,7.9,40,39.0,True,4.0,
ORD00951,2026-06-28,2026-06-28 18:35:00,C0355,Restaurant_16,Panchkula,Sector 15,3,540,0.0,60,600,UPI,Restaurant App,Delivered,In-house Rider,RD080,2.6,50,22.0,True,3.0,
ORD01548,2026-02-09,2026-02-09 17:21:00,C0097,Restaurant_02,Mohali,Phase 3B2,4,880,20.0,60,920,UPI,Restaurant App,Delivered,In-house Rider,RD121,3.7,30,27.0,True,5.0,
ORD03719,2026-06-10,2026-06-10 17:11:00,C0738,Restaurant_15,Chandigarh,Sector 17,2,300,30.0,40,310,Credit Card,Website,Cancelled,Not Assigned,Not Assigned,0.7,30,,,,Rider Unavailable
ORD00053,2026-02-10,2026-02-10 16:10:00,C0885,Restaurant_23,Chandigarh,Sector 35,1,250,0.0,60,310,UPI,Website,Delivered,In-house Rider,RD104,3.4,35,17.0,True,5.0,
ORD03008,2026-02-20,2026-02-20 10:25:00,C0467,Restaurant_19,Chandigarh,Sector 35,1,220,50.0,40,210,Wallet,Restaurant App,Failed,Not Assigned,Not Assigned,7.5,35,,,,Restaurant Delay
ORD02488,2026-04-12,2026-04-12 12:52:00,C0640,Restaurant_10,Panchkula,Sector 11,3,960,20.0,25,965,UPI,Website,Delivered,In-house Rider,RD018,6.3,35,43.0,False,5.0,
ORD03498,2026-01-10,2026-01-10 19:02:00,C0636,Restaurant_22,Mohali,Phase 3B2,1,150,20.0,20,150,UPI,Website,Delivered,Shadowfax,RD114,9.2,40,43.0,False,5.0,
ORD01713,2026-05-07,2026-05-07 16:50:00,C0990,Restaurant_12,Panchkula,Sector 11,2,700,30.0,40,710,Credit Card,Restaurant App,Delivered,In-house Rider,RD139,2.0,30,11.0,True,4.0,
ORD00545,2026-02-02,2026-02-02 16:51:00,C0108,Restaurant_25,Mohali,Phase 5,5,2000,30.0,40,2010,Wallet,Restaurant App,Cancelled,Not Assigned,Not Assigned,3.0,30,,,,Address Issue
ORD00020,2026-04-14,2026-04-14 00:00:00,C0381,Restaurant_10,Panchkula,Sector 11,1,120,20.0,60,160,UPI,Website,Cancelled,Not Assigned,Not Assigned,7.1,45,,,,Rider Unavailable
ORD01391,2026-02-27,2026-02-27 16:36:00,C0832,Restaurant_10,Panchkula,Sector 8,3,360,75.0,60,345,Cash,Restaurant App,Delivered,Ola Logistics,RD055,7.8,45,42.0,True,5.0,
ORD00563,2026-04-10,2026-04-10 18:58:00,C0748,Restaurant_11,Mohali,Phase 7,4,480,0.0,40,520,UPI,Restaurant App,Delivered,In-house Rider,RD150,5.2,30,32.0,False,5.0,
ORD02569,2026-06-08,2026-06-08 13:13:00,C0189,Restaurant_20,Mohali,Phase 7,1,350,0.0,30,380,Debit Card,Restaurant App,Delivered,Shadowfax,RD125,3.1,30,26.0,True,5.0,
ORD01534,2026-06-11,2026-06-11 13:23:00,C0845,Restaurant_07,Panchkula,Sector 15,3,960,100.0,60,920,UPI,Restaurant App,Cancelled,Not Assigned,Not Assigned,1.7,45,,,,Rider Unavailable
ORD00888,2026-04-27,2026-04-27 20:37:00,C0462,Restaurant_08,Panchkula,Sector 5,3,960,30.0,40,970,Cash,Website,Delivered,Ola Logistics,RD024,3.9,50,31.0,True,5.0,
ORD03965,2026-01-19,2026-01-19 00:02:00,C0980,Restaurant_24,Mohali,Sector 68,4,880,0.0,30,910,Cash,Website,Failed,Not Assigned,Not Assigned,3.1,40,,,,Rider Unavailable
ORD02415,2026-04-23,2026-04-23 01:52:00,C0630,Restaurant_13,Panchkula,Sector 5,4,1120,0.0,40,1160,Credit Card,Website,Delivered,In-house Rider,RD141,8.9,45,45.0,True,5.0,
ORD03243,2026-01-27,2026-01-27 00:15:00,C0490,Restaurant_08,Panchkula,Sector 5,4,720,50.0,60,730,Cash,Website,Delivered,In-house Rider,RD019,7.9,30,43.0,False,4.0,
ORD03870,2026-04-24,2026-04-24 10:44:00,C0960,Restaurant_11,Chandigarh,Sector 35,5,1100,100.0,60,1060,UPI,Restaurant App,Delivered,In-house Rider,RD112,5.1,35,33.0,True,5.0,
ORD00232,2026-04-03,2026-04-03 16:28:00,C1058,Restaurant_01,Mohali,Phase 5,3,1200,30.0,50,1220,Debit Card,Restaurant App,Delivered,In-house Rider,RD123,3.9,50,18.0,True,5.0,
ORD02573,2026-03-10,2026-03-10 22:25:00,C0361,Restaurant_08,Panchkula,Sector 15,3,840,75.0,40,805,Credit Card,Website,Delivered,Shiprocket,RD073,8.1,40,39.0,True,5.0,
ORD01925,2026-03-14,2026-03-14 08:44:00,C0322,Restaurant_14,Chandigarh,Manimajra,1,320,100.0,30,250,UPI,Restaurant App,Delivered,Shadowfax,RD047,6.0,40,23.0,True,5.0,
ORD01566,2026-02-15,2026-02-15 12:33:00,C1003,Restaurant_14,Chandigarh,Manimajra,5,1750,0.0,20,1770,UPI,Restaurant App,Delivered,In-house Rider,RD095,6.8,45,40.0,True,4.0,
ORD01700,2026-03-11,2026-03-11 03:34:00,C1112,Restaurant_23,Mohali,Sector 68,2,640,50.0,20,610,Cash,Restaurant App,Delivered,Ola Logistics,RD076,7.4,30,32.0,False,5.0,
ORD02852,2026-05-17,2026-05-17 06:58:00,C0163,Restaurant_21,Mohali,Sector 68,1,180,0.0,50,230,Debit Card,Restaurant App,Delivered,In-house Rider,RD005,9.8,50,50.0,True,4.0,
ORD03242,2026-04-27,2026-04-27 18:47:00,C1053,Restaurant_18,Chandigarh,Manimajra,1,400,30.0,60,430,Cash,Restaurant App,Cancelled,Not Assigned,Not Assigned,3.8,40,,,,Restaurant Delay
ORD03753,2026-02-14,2026-02-14 14:29:00,C0911,Restaurant_06,Mohali,Phase 7,2,300,50.0,50,300,Credit Card,Website,Cancelled,Not Assigned,Not Assigned,6.5,50,,,,Address Issue
ORD03344,2026-05-05,2026-05-05 11:42:00,C0388,Restaurant_15,Mohali,Phase 5,2,700,0.0,30,730,Wallet,Website,Delivered,Shiprocket,RD011,4.9,50,24.0,True,3.0,
ORD02284,2026-04-14,2026-04-14 11:47:00,C0455,Restaurant_23,Panchkula,Sector 11,3,1200,20.0,60,1240,Cash,Restaurant App,Failed,Not Assigned,Not Assigned,3.9,40,,,,Restaurant Delay
ORD03338,2026-03-09,2026-03-09 08:02:00,C0325,Restaurant_14,Mohali,Phase 5,3,1050,0.0,25,1075,Wallet,Restaurant App,Delivered,In-house Rider,RD067,7.0,45,37.0,True,5.0,
ORD03972,2026-01-25,2026-01-25 02:07:00,C0124,Restaurant_07,Panchkula,Sector 8,1,180,0.0,40,220,UPI,Restaurant App,Delivered,Shadowfax,RD104,5.9,30,29.0,True,4.0,
ORD03584,2026-04-04,2026-04-04 03:13:00,C0499,Restaurant_19,Chandigarh,Sector 22,4,720,75.0,40,685,Cash,Website,Cancelled,Not Assigned,Not Assigned,7.8,35,,,,Payment Failed
ORD02607,2026-05-07,2026-05-07 21:28:00,C0753,Restaurant_24,Panchkula,Sector 8,2,800,0.0,60,860,UPI,Website,Delivered,Shadowfax,RD131,4.8,40,21.0,True,3.0,
ORD03113,2026-02-02,2026-02-02 12:24:00,C0531,Restaurant_11,Chandigarh,Sector 22,5,600,20.0,30,610,Wallet,Website,Delivered,In-house Rider,RD036,2.5,50,26.0,True,5.0,
ORD01633,2026-05-05,2026-05-05 05:42:00,C0425,Restaurant_22,Mohali,Phase 3B2,1,350,100.0,60,310,Cash,Restaurant App,Delivered,In-house Rider,RD134,3.9,30,31.0,False,5.0,
ORD02432,2026-01-01,2026-01-01 09:35:00,C0359,Restaurant_20,Chandigarh,Sector 17,4,600,50.0,60,610,UPI,Website,Delivered,Shiprocket,RD116,10.5,40,45.0,False,4.0,
ORD02210,2026-04-20,2026-04-20 09:54:00,C0379,Restaurant_25,Panchkula,Sector 11,1,250,100.0,50,200,UPI,Website,Delivered,In-house Rider,RD133,5.3,50,26.0,True,5.0,
ORD00995,2026-02-28,2026-02-28 11:03:00,C0272,Restaurant_06,Chandigarh,Sector 35,3,540,30.0,40,550,Cash,Website,Failed,Not Assigned,Not Assigned,4.9,40,,,,Customer Cancelled
ORD03921,2026-01-12,2026-01-12 19:04:00,C1041,Restaurant_24,Chandigarh,Sector 35,1,280,20.0,60,320,Cash,Website,Delivered,Shadowfax,RD015,5.1,30,29.0,True,5.0,
ORD03285,2026-02-28,2026-02-28 15:23:00,C0082,Restaurant_11,Chandigarh,Sector 17,5,1100,75.0,25,1050,Cash,Restaurant App,Delivered,Ola Logistics,RD093,5.6,30,31.0,False,4.0,
ORD02848,2026-04-06,2026-04-06 10:32:00,C0696,Restaurant_20,Chandigarh,Sector 17,3,1050,75.0,20,995,Credit Card,Restaurant App,Delivered,Ola Logistics,RD120,2.2,45,19.0,True,5.0,
ORD02716,2026-02-01,2026-02-01 19:39:00,C0879,Restaurant_03,Chandigarh,Manimajra,5,600,75.0,30,555,Credit Card,Restaurant App,Delivered,Shiprocket,RD070,7.6,50,46.0,True,1.0,
ORD01870,2026-05-29,2026-05-29 16:12:00,C0310,Restaurant_08,Chandigarh,Sector 34,1,250,100.0,60,210,Debit Card,Restaurant App,Delivered,In-house Rider,RD059,4.6,35,31.0,True,3.0,
ORD03463,2026-06-28,2026-06-28 22:09:00,C1151,Restaurant_19,Mohali,Sector 68,5,1250,20.0,25,1255,Debit Card,Website,Delivered,Shadowfax,RD139,10.1,40,55.0,False,4.0,
ORD01324,2026-02-02,2026-02-02 08:38:00,C0569,Restaurant_22,Panchkula,Sector 11,4,880,20.0,25,885,Wallet,Restaurant App,Delivered,In-house Rider,RD037,6.7,30,31.0,False,5.0,
ORD02384,2026-02-19,2026-02-19 09:30:00,C0166,Restaurant_04,Chandigarh,Sector 34,4,880,,20,900,Credit Card,Restaurant App,Delivered,In-house Rider,RD144,,50,52.0,False,,
ORD01181,2026-01-27,2026-01-27 15:21:00,C0430,Restaurant_05,Mohali,Phase 3B2,4,600,0.0,40,640,Debit Card,Restaurant App,Cancelled,Not Assigned,Not Assigned,2.1,45,,,,Payment Failed
ORD03864,2026-02-12,2026-02-12 18:16:00,C0122,Restaurant_12,Mohali,Phase 3B2,3,1050,0.0,50,1100,UPI,Restaurant App,Delivered,Shadowfax,RD076,1.8,35,24.0,True,4.0,
ORD02801,2026-01-20,2026-01-20 04:28:00,C1116,Restaurant_02,Chandigarh,Manimajra,4,1600,30.0,20,1590,UPI,Website,Delivered,In-house Rider,RD044,6.9,35,45.0,False,4.0,
ORD00402,2026-06-18,2026-06-18 02:12:00,C0204,Restaurant_16,Panchkula,Sector 11,3,1050,0.0,40,1090,Credit Card,Website,Delivered,In-house Rider,RD066,4.5,30,19.0,True,5.0,
ORD01011,2026-05-29,2026-05-29 13:41:00,C0468,Restaurant_03,Mohali,Phase 7,4,1600,0.0,20,1620,Credit Card,Website,Delivered,In-house Rider,RD131,6.4,40,31.0,True,5.0,
ORD03843,2026-04-24,2026-04-24 23:46:00,C1079,Restaurant_01,Mohali,Phase 5,1,400,100.0,30,330,Wallet,Website,Failed,Not Assigned,Not Assigned,7.7,30,,,,Rider Unavailable
ORD01376,2026-02-02,2026-02-02 15:06:00,C0609,Restaurant_21,Mohali,Phase 3B2,4,880,0.0,30,910,UPI,Website,Delivered,Shadowfax,RD097,4.6,40,30.0,True,5.0,
ORD03415,2026-03-20,2026-03-20 06:19:00,C0602,Restaurant_18,Chandigarh,Sector 35,2,300,75.0,30,255,Cash,Restaurant App,Delivered,Shiprocket,RD005,1.2,35,14.0,True,4.0,
ORD00656,2026-04-20,2026-04-20 05:43:00,C0121,Restaurant_08,Chandigarh,Sector 17,4,600,0.0,30,630,UPI,Restaurant App,Delivered,In-house Rider,RD084,4.1,30,14.0,True,4.0,
ORD02919,2026-04-05,2026-04-05 23:44:00,C0099,Restaurant_19,Chandigarh,Manimajra,4,1120,75.0,40,1085,Wallet,Website,Delivered,In-house Rider,RD061,2.0,50,20.0,True,4.0,
ORD02788,2026-04-13,2026-04-13 21:30:00,C0352,Restaurant_25,Mohali,Phase 3B2,4,600,0.0,50,650,Debit Card,Website,Delivered,Shiprocket,RD125,7.3,40,46.0,False,4.0,
ORD01435,2026-05-29,2026-05-29 13:37:00,C0951,Restaurant_17,Chandigarh,Sector 22,2,640,0.0,60,700,Credit Card,Website,Delivered,In-house Rider,RD134,5.3,45,30.0,True,5.0,
ORD00582,2026-02-20,2026-02-20 02:10:00,C0885,Restaurant_24,Mohali,Sector 68,3,360,20.0,40,380,UPI,Restaurant App,Delivered,In-house Rider,RD102,5.7,30,35.0,False,4.0,
ORD02411,2026-04-15,2026-04-15 21:43:00,C0431,Restaurant_23,Panchkula,Sector 11,3,660,100.0,30,590,Debit Card,Restaurant App,Delivered,In-house Rider,RD148,5.2,40,26.0,True,4.0,
ORD00617,2026-02-07,2026-02-07 22:03:00,C0234,Restaurant_18,Chandigarh,Sector 22,2,640,0.0,20,660,UPI,Restaurant App,Delivered,In-house Rider,RD118,3.5,30,27.0,True,3.0,
ORD03638,2026-06-17,2026-06-17 11:41:00,C0429,Restaurant_10,Panchkula,Sector 15,4,480,0.0,20,500,Debit Card,Restaurant App,Delivered,In-house Rider,RD079,6.3,30,16.0,True,3.0,
ORD03481,2026-02-17,2026-02-17 09:48:00,C0815,Restaurant_09,Mohali,Phase 5,1,180,75.0,60,165,UPI,Restaurant App,Delivered,In-house Rider,RD042,5.3,40,22.0,True,5.0,
ORD00898,2026-01-26,2026-01-26 08:08:00,C0017,Restaurant_17,Mohali,Phase 5,4,480,0.0,60,540,Debit Card,Restaurant App,Delivered,Ola Logistics,RD092,5.5,35,40.0,False,5.0,
ORD03499,2026-03-24,2026-03-24 08:11:00,C0291,Restaurant_13,Chandigarh,Sector 34,3,1200,100.0,50,1150,UPI,Restaurant App,Delivered,In-house Rider,RD056,4.3,45,29.0,True,5.0,
ORD02936,2026-04-14,2026-04-14 06:23:00,C0861,Restaurant_08,Chandigarh,Sector 35,3,840,30.0,60,870,UPI,Restaurant App,Delivered,In-house Rider,RD030,9.8,50,43.0,True,4.0,
ORD01348,2026-03-17,2026-03-17 20:22:00,C1116,Restaurant_19,Panchkula,Sector 15,5,1750,100.0,50,1700,UPI,Website,Cancelled,Not Assigned,Not Assigned,4.7,30,,,,Customer Cancelled
ORD01958,2026-05-21,2026-05-21 18:05:00,C0016,Restaurant_22,Mohali,Sector 68,2,700,0.0,50,750,Cash,Restaurant App,Delivered,In-house Rider,RD083,5.5,40,39.0,True,5.0,
ORD01751,2026-01-21,2026-01-21 01:12:00,C0211,Restaurant_04,Chandigarh,Sector 22,4,1120,100.0,50,1070,UPI,Website,Cancelled,Not Assigned,Not Assigned,7.2,40,,,,Payment Failed
ORD01945,2026-01-15,2026-01-15 18:18:00,C0796,Restaurant_06,Mohali,Sector 68,1,280,50.0,25,255,Cash,Restaurant App,Delivered,Shadowfax,RD134,3.9,40,24.0,True,5.0,
ORD01242,2026-05-07,2026-05-07 13:54:00,C0369,Restaurant_08,Panchkula,Sector 15,4,1280,0.0,40,1320,Debit Card,Website,Delivered,In-house Rider,RD103,1.4,30,20.0,True,4.0,
ORD01748,2026-06-11,2026-06-11 09:24:00,C0241,Restaurant_19,Mohali,Sector 68,4,1400,20.0,30,1410,UPI,Website,Delivered,Ola Logistics,RD074,6.4,45,22.0,True,5.0,
ORD02549,2026-01-05,2026-01-05 19:07:00,C0396,Restaurant_07,Chandigarh,Sector 34,3,540,0.0,40,580,Cash,Restaurant App,Failed,Not Assigned,Not Assigned,7.5,45,,,,Payment Failed
ORD02223,2026-04-05,2026-04-05 08:54:00,C1140,Restaurant_17,Mohali,Phase 7,2,300,50.0,40,290,Credit Card,Website,Delivered,In-house Rider,RD008,3.0,45,21.0,True,5.0,
ORD02497,2026-03-08,2026-03-08 00:16:00,C0051,Restaurant_09,Chandigarh,Sector 34,5,2000,50.0,60,2010,Wallet,Restaurant App,Delivered,Ola Logistics,RD099,3.5,35,29.0,True,1.0,
ORD00354,2026-03-13,2026-03-13 22:23:00,C0012,Restaurant_16,Panchkula,Sector 8,4,1000,30.0,60,1030,Debit Card,Restaurant App,Delivered,Ola Logistics,RD055,7.0,50,28.0,True,5.0,
ORD02205,2026-06-09,2026-06-09 20:59:00,C0936,Restaurant_11,Mohali,Phase 7,5,2000,0.0,30,2030,Wallet,Website,Delivered,In-house Rider,RD071,5.2,35,26.0,True,4.0,
ORD00952,2026-06-08,2026-06-08 13:36:00,C0366,Restaurant_08,Chandigarh,Sector 22,4,1000,0.0,50,1050,UPI,Restaurant App,Delivered,In-house Rider,RD104,3.9,40,21.0,True,4.0,
ORD00671,2026-02-18,2026-02-18 05:26:00,C0940,Restaurant_18,Chandigarh,Sector 22,4,480,20.0,50,510,Debit Card,Website,Delivered,In-house Rider,RD031,5.5,40,32.0,True,5.0,
ORD01783,2026-02-14,2026-02-14 19:38:00,C0379,Restaurant_16,Panchkula,Sector 11,5,600,0.0,50,650,Credit Card,Website,Delivered,In-house Rider,RD117,5.7,30,33.0,False,5.0,
ORD00339,2026-01-10,2026-01-10 22:57:00,C0678,Restaurant_19,Chandigarh,Sector 22,4,600,0.0,60,660,Cash,Website,Delivered,In-house Rider,RD077,7.8,50,44.0,True,3.0,
ORD02711,2026-05-09,2026-05-09 23:37:00,C0307,Restaurant_24,Panchkula,Sector 15,4,600,0.0,50,650,Wallet,Restaurant App,Delivered,In-house Rider,RD103,3.0,30,20.0,True,3.0,
ORD03588,2026-03-06,2026-03-06 08:47:00,C1093,Restaurant_10,Panchkula,Sector 11,3,1200,20.0,25,1205,Debit Card,Restaurant App,Cancelled,Not Assigned,Not Assigned,4.0,50,,,,Customer Cancelled
ORD00575,2026-03-13,2026-03-13 04:03:00,C1097,Restaurant_01,Mohali,Sector 68,1,250,50.0,20,220,Credit Card,Website,Delivered,Ola Logistics,RD089,7.1,30,41.0,False,5.0,
ORD03704,2026-04-27,2026-04-27 10:30:00,C0661,Restaurant_13,Mohali,Phase 7,1,350,30.0,25,345,Debit Card,Restaurant App,Delivered,In-house Rider,RD014,8.3,45,47.0,False,5.0,
ORD00028,2026-06-17,2026-06-17 17:34:00,C0249,Restaurant_03,Chandigarh,Sector 35,3,360,0.0,25,385,Debit Card,Restaurant App,Delivered,In-house Rider,RD026,4.1,50,30.0,True,3.0,
ORD02357,2026-04-02,2026-04-02 05:18:00,C0148,Restaurant_05,Chandigarh,Sector 34,2,800,30.0,60,830,Cash,Restaurant App,Delivered,In-house Rider,RD100,3.3,50,33.0,True,5.0,
ORD03803,2026-02-12,2026-02-12 00:35:00,C1052,Restaurant_18,Mohali,Phase 7,2,240,50.0,25,215,Credit Card,Website,Delivered,In-house Rider,RD063,5.4,40,23.0,True,5.0,
ORD00262,2026-04-22,2026-04-22 01:32:00,C0447,Restaurant_08,Panchkula,Sector 15,5,1400,0.0,30,1430,Credit Card,Website,Delivered,In-house Rider,RD126,1.9,30,16.0,True,5.0,
ORD03225,2026-02-05,2026-02-05 09:32:00,C0137,Restaurant_01,Chandigarh,Manimajra,1,350,0.0,50,400,Wallet,Website,Delivered,In-house Rider,RD039,6.7,30,34.0,False,,
ORD02257,2026-01-24,2026-01-24 06:00:00,C0876,Restaurant_03,Mohali,Phase 7,4,600,0.0,40,640,Debit Card,Restaurant App,Delivered,In-house Rider,RD007,8.8,45,36.0,True,5.0,
ORD00644,2026-03-25,2026-03-25 23:15:00,C0846,Restaurant_12,Panchkula,Sector 11,3,960,30.0,60,990,UPI,Restaurant App,Delivered,Shadowfax,RD143,5.7,45,27.0,True,4.0,
ORD03308,2026-05-29,2026-05-29 09:59:00,C0874,Restaurant_01,Panchkula,Sector 15,2,700,30.0,30,700,Cash,Website,Delivered,In-house Rider,RD081,3.0,45,26.0,True,4.0,
ORD03342,2026-02-09,2026-02-09 03:43:00,C1045,Restaurant_03,Chandigarh,Sector 22,4,1000,0.0,30,1030,UPI,Restaurant App,Cancelled,Not Assigned,Not Assigned,4.6,45,,,,Address Issue
ORD00672,2026-02-24,2026-02-24 13:20:00,C0685,Restaurant_24,Chandigarh,Manimajra,1,150,0.0,40,190,Credit Card,Website,Cancelled,Not Assigned,Not Assigned,2.1,40,,,,Customer Cancelled
ORD02480,2026-03-16,2026-03-16 23:29:00,C0004,Restaurant_23,Mohali,Phase 7,5,1600,100.0,25,1525,Credit Card,Website,Delivered,Ola Logistics,RD126,4.2,35,25.0,True,2.0,
ORD03915,2026-02-20,2026-02-20 11:15:00,C1001,Restaurant_23,Panchkula,Sector 15,1,280,0.0,25,305,Credit Card,Restaurant App,Delivered,Ola Logistics,RD146,3.3,40,34.0,True,4.0,
ORD03611,2026-06-18,2026-06-18 08:30:00,C0242,Restaurant_09,Panchkula,Sector 15,3,360,30.0,50,380,Debit Card,Restaurant App,Delivered,Ola Logistics,RD073,4.4,35,36.0,False,5.0,
ORD03394,2026-02-16,2026-02-16 02:53:00,C0389,Restaurant_25,Mohali,Phase 7,2,440,0.0,40,480,Wallet,Website,Delivered,Shiprocket,RD057,5.6,50,37.0,True,5.0,
ORD03873,2026-06-02,2026-06-02 08:13:00,C0226,Restaurant_07,Chandigarh,Manimajra,4,600,0.0,50,650,Debit Card,Restaurant App,Failed,Not Assigned,Not Assigned,2.2,45,,,,Address Issue
ORD03154,2026-02-06,2026-02-06 09:56:00,C0078,Restaurant_05,Mohali,Phase 5,1,280,50.0,60,290,Wallet,Website,Delivered,In-house Rider,RD119,7.7,35,34.0,True,5.0,
ORD00503,2026-03-19,2026-03-19 00:15:00,C0035,Restaurant_24,Chandigarh,Sector 35,5,1600,75.0,25,1550,Cash,Website,Cancelled,Not Assigned,Not Assigned,6.0,30,,,,Address Issue
ORD03926,2026-03-17,2026-03-17 17:39:00,C0320,Restaurant_20,Chandigarh,Sector 22,1,280,,50,310,UPI,Website,Delivered,Shadowfax,RD070,,45,37.0,True,,
ORD01138,2026-02-24,2026-02-24 04:04:00,C0272,Restaurant_13,Mohali,Phase 5,2,640,30.0,60,670,Cash,Website,Delivered,Ola Logistics,RD048,2.9,40,29.0,True,5.0,
ORD03343,2026-04-15,2026-04-15 17:48:00,C0065,Restaurant_13,Panchkula,Sector 15,3,960,0.0,40,1000,Cash,Website,Delivered,Shadowfax,RD077,5.6,35,29.0,True,4.0,
ORD01979,2026-06-05,2026-06-05 03:05:00,C0581,Restaurant_05,Chandigarh,Sector 34,5,600,,30,530,Cash,Website,Delivered,In-house Rider,RD146,,45,117.0,False,,
ORD00768,2026-03-18,2026-03-18 21:27:00,C0095,Restaurant_20,Panchkula,Sector 15,1,180,100.0,20,100,UPI,Website,Delivered,In-house Rider,RD039,6.0,35,34.0,True,4.0,
ORD03076,2026-03-30,2026-03-30 21:20:00,C0407,Restaurant_09,Panchkula,Sector 11,3,750,50.0,30,730,Credit Card,Website,Cancelled,Not Assigned,Not Assigned,3.3,30,,,,Customer Cancelled
ORD03468,2026-03-17,2026-03-17 15:08:00,C0911,Restaurant_19,Mohali,Phase 5,4,600,0.0,25,625,Wallet,Website,Delivered,Ola Logistics,RD010,8.0,35,48.0,False,5.0,
ORD00495,2026-06-07,2026-06-07 18:01:00,C0318,Restaurant_17,Mohali,Sector 68,2,700,30.0,40,710,Credit Card,Website,Delivered,Shadowfax,RD128,1.9,35,30.0,True,5.0,
ORD01328,2026-02-04,2026-02-04 00:36:00,C0846,Restaurant_17,Chandigarh,Sector 34,4,1280,100.0,30,1210,Wallet,Restaurant App,Cancelled,Not Assigned,Not Assigned,1.6,35,,,,Restaurant Delay
ORD03779,2026-02-21,2026-02-21 07:45:00,C0868,Restaurant_05,Panchkula,Sector 11,2,640,20.0,30,650,Cash,Restaurant App,Delivered,In-house Rider,RD060,3.7,35,30.0,True,4.0,
ORD01701,2026-01-07,2026-01-07 00:34:00,C0350,Restaurant_03,Panchkula,Sector 8,5,1600,20.0,50,1630,Credit Card,Restaurant App,Delivered,In-house Rider,RD001,2.4,40,12.0,True,5.0,
ORD00434,2026-06-16,2026-06-16 13:24:00,C0248,Restaurant_24,Panchkula,Sector 8,4,1400,0.0,60,1460,Debit Card,Website,Delivered,Shadowfax,RD027,6.7,40,28.0,True,4.0,
ORD03691,2026-01-18,2026-01-18 22:02:00,C0762,Restaurant_01,Chandigarh,Manimajra,5,1100,0.0,30,1130,Cash,Website,Delivered,Shiprocket,RD017,6.8,35,39.0,False,5.0,
ORD02679,2026-04-12,2026-04-12 00:38:00,C0952,Restaurant_01,Chandigarh,Sector 34,4,1120,50.0,40,1110,Debit Card,Website,Delivered,In-house Rider,RD015,3.8,40,24.0,True,4.0,
ORD00841,2026-01-14,2026-01-14 11:58:00,C1172,Restaurant_12,Panchkula,Sector 15,1,280,0.0,40,320,Wallet,Restaurant App,Delivered,Shadowfax,RD001,6.8,35,37.0,False,3.0,
ORD00164,2026-06-28,2026-06-28 19:50:00,C0411,Restaurant_16,Panchkula,Sector 5,4,880,30.0,30,880,Debit Card,Restaurant App,Cancelled,Not Assigned,Not Assigned,2.1,50,,,,Address Issue
ORD00172,2026-01-19,2026-01-19 19:24:00,C1081,Restaurant_16,Mohali,Phase 7,2,360,30.0,40,370,Cash,Restaurant App,Delivered,Shadowfax,RD046,6.7,40,30.0,True,5.0,
ORD00130,2026-05-22,2026-05-22 01:46:00,C0576,Restaurant_15,Mohali,Phase 7,4,600,100.0,20,520,Debit Card,Restaurant App,Delivered,In-house Rider,RD100,7.1,50,27.0,True,4.0,
ORD03203,2026-01-29,2026-01-29 05:41:00,C1173,Restaurant_09,Panchkula,Sector 15,3,1050,100.0,20,970,Wallet,Website,Delivered,In-house Rider,RD106,3.6,50,26.0,True,5.0,
ORD02532,2026-01-21,2026-01-21 08:57:00,C0470,Restaurant_23,Panchkula,Sector 5,5,750,0.0,20,770,UPI,Restaurant App,Failed,Not Assigned,Not Assigned,7.3,40,,,,Restaurant Delay
ORD00142,2026-02-07,2026-02-07 10:58:00,C1015,Restaurant_07,Panchkula,Sector 5,2,700,20.0,50,730,UPI,Restaurant App,Delivered,Shiprocket,RD076,6.4,45,21.0,True,5.0,
ORD02615,2026-01-20,2026-01-20 17:41:00,C0958,Restaurant_18,Chandigarh,Sector 17,3,1050,0.0,40,1090,Wallet,Website,Delivered,Shadowfax,RD095,9.3,50,34.0,True,5.0,
ORD01353,2026-04-04,2026-04-04 05:17:00,C0986,Restaurant_11,Mohali,Phase 7,1,280,100.0,20,200,Debit Card,Website,Failed,Not Assigned,Not Assigned,6.0,45,,,,Customer Cancelled
ORD02654,2026-05-26,2026-05-26 23:55:00,C0823,Restaurant_16,Panchkula,Sector 5,1,150,30.0,25,145,Wallet,Restaurant App,Failed,Not Assigned,Not Assigned,2.5,45,,,,Payment Failed
ORD03033,2026-05-06,2026-05-06 00:52:00,C0073,Restaurant_18,Panchkula,Sector 5,1,320,75.0,40,285,Debit Card,Website,Delivered,Shadowfax,RD072,5.3,30,43.0,False,5.0,
ORD03923,2026-02-21,2026-02-21 09:07:00,C0443,Restaurant_08,Panchkula,Sector 8,3,660,20.0,30,670,Debit Card,Restaurant App,Delivered,Ola Logistics,RD011,3.5,45,11.0,True,5.0,
ORD02834,2026-06-10,2026-06-10 23:01:00,C0465,Restaurant_07,Chandigarh,Sector 17,2,240,0.0,25,265,Credit Card,Website,Delivered,Shadowfax,RD133,5.9,50,23.0,True,4.0,
ORD03906,2026-06-13,2026-06-13 05:11:00,C0147,Restaurant_22,Mohali,Phase 7,1,350,20.0,20,350,Credit Card,Restaurant App,Delivered,In-house Rider,RD020,5.3,30,44.0,False,4.0,
ORD00789,2026-05-28,2026-05-28 09:04:00,C1082,Restaurant_01,Chandigarh,Sector 22,5,900,50.0,40,890,UPI,Website,Delivered,Shiprocket,RD082,2.7,30,23.0,True,5.0,
ORD03200,2026-03-12,2026-03-12 13:30:00,C0597,Restaurant_18,Chandigarh,Manimajra,3,840,0.0,50,890,Wallet,Restaurant App,Delivered,In-house Rider,RD147,4.0,45,23.0,True,5.0,
ORD02294,2026-01-02,2026-01-02 01:44:00,C1183,Restaurant_16,Mohali,Phase 5,1,280,0.0,50,330,Wallet,Restaurant App,Delivered,Shadowfax,RD031,4.1,45,26.0,True,4.0,
ORD01026,2026-03-18,2026-03-18 06:09:00,C0555,Restaurant_13,Panchkula,Sector 8,5,1750,20.0,50,1780,Debit Card,Restaurant App,Delivered,Shiprocket,RD116,4.7,30,24.0,True,4.0,
ORD01005,2026-01-07,2026-01-07 19:58:00,C0819,Restaurant_08,Panchkula,Sector 15,5,750,20.0,20,750,Wallet,Restaurant App,Delivered,In-house Rider,RD146,0.8,30,10.0,True,4.0,
ORD02314,2026-01-18,2026-01-18 02:50:00,C0976,Restaurant_09,Mohali,Phase 7,4,600,30.0,60,630,Cash,Website,Delivered,In-house Rider,RD095,6.0,40,30.0,True,4.0,
ORD03277,2026-03-21,2026-03-21 08:03:00,C1079,Restaurant_25,Chandigarh,Sector 34,3,840,30.0,40,850,UPI,Restaurant App,Delivered,In-house Rider,RD128,3.9,40,23.0,True,5.0,
ORD01298,2026-04-07,2026-04-07 17:35:00,C0187,Restaurant_01,Chandigarh,Manimajra,5,1100,30.0,60,1130,Wallet,Restaurant App,Delivered,In-house Rider,RD114,6.7,45,27.0,True,5.0,
ORD02268,2026-01-30,2026-01-30 06:40:00,C0398,Restaurant_01,Chandigarh,Sector 34,3,540,30.0,50,560,Credit Card,Website,Delivered,In-house Rider,RD056,9.9,45,46.0,False,4.0,
ORD02351,2026-05-27,2026-05-27 08:33:00,C1146,Restaurant_24,Mohali,Phase 3B2,3,360,30.0,20,350,Wallet,Restaurant App,Delivered,In-house Rider,RD015,0.8,50,14.0,True,5.0,
ORD00962,2026-04-12,2026-04-12 21:12:00,C0607,Restaurant_03,Chandigarh,Sector 17,3,1200,0.0,50,1250,Debit Card,Restaurant App,Delivered,Shadowfax,RD012,3.3,35,26.0,True,5.0,
ORD01744,2026-03-02,2026-03-02 23:08:00,C0841,Restaurant_19,Chandigarh,Sector 34,2,500,20.0,25,505,UPI,Website,Delivered,In-house Rider,RD014,2.1,45,20.0,True,5.0,
ORD03360,2026-06-17,2026-06-17 06:29:00,C0013,Restaurant_03,Chandigarh,Sector 35,1,220,50.0,30,200,Credit Card,Restaurant App,Delivered,Ola Logistics,RD023,7.5,45,25.0,True,5.0,
ORD02150,2026-04-09,2026-04-09 04:30:00,C1099,Restaurant_21,Mohali,Phase 7,5,1400,100.0,25,1325,UPI,Website,Delivered,Shiprocket,RD027,8.1,30,40.0,False,5.0,
ORD02089,2026-04-10,2026-04-10 09:37:00,C1139,Restaurant_24,Panchkula,Sector 5,1,400,30.0,50,420,Cash,Restaurant App,Delivered,Ola Logistics,RD007,4.8,35,29.0,True,4.0,
ORD01801,2026-02-22,2026-02-22 12:34:00,C0521,Restaurant_05,Mohali,Phase 5,1,320,0.0,60,380,Credit Card,Website,Delivered,In-house Rider,RD046,6.6,50,36.0,True,3.0,
ORD01920,2026-04-21,2026-04-21 00:29:00,C0789,Restaurant_06,Chandigarh,Manimajra,3,840,0.0,30,870,UPI,Restaurant App,Delivered,In-house Rider,RD028,8.7,45,42.0,True,5.0,
ORD01201,2026-03-29,2026-03-29 23:44:00,C0517,Restaurant_20,Panchkula,Sector 8,5,1600,0.0,40,1640,Wallet,Restaurant App,Delivered,Ola Logistics,RD109,2.9,35,19.0,True,5.0,
ORD00701,2026-06-20,2026-06-20 19:47:00,C1027,Restaurant_12,Panchkula,Sector 5,3,360,0.0,50,410,Credit Card,Website,Delivered,Ola Logistics,RD089,1.7,40,15.0,True,2.0,
ORD00374,2026-03-05,2026-03-05 11:08:00,C0793,Restaurant_04,Chandigarh,Sector 35,3,1200,75.0,30,1155,UPI,Website,Delivered,In-house Rider,RD011,0.8,50,21.0,True,5.0,
ORD00064,2026-06-15,2026-06-15 19:25:00,C0678,Restaurant_10,Mohali,Phase 7,2,440,30.0,60,470,Cash,Website,Delivered,In-house Rider,RD114,5.4,40,20.0,True,4.0,
ORD01440,2026-05-07,2026-05-07 14:53:00,C1124,Restaurant_22,Panchkula,Sector 8,3,750,30.0,50,770,Cash,Website,Cancelled,Not Assigned,Not Assigned,6.5,50,,,,Payment Failed
ORD01895,2026-06-22,2026-06-22 21:15:00,C0050,Restaurant_02,Panchkula,Sector 11,4,720,0.0,60,780,Debit Card,Website,Delivered,Shiprocket,RD135,9.2,45,45.0,True,4.0,
ORD02051,2026-04-21,2026-04-21 22:37:00,C0564,Restaurant_07,Panchkula,Sector 8,5,2000,0.0,60,2060,Credit Card,Restaurant App,Delivered,In-house Rider,RD062,5.6,35,20.0,True,5.0,
ORD02240,2026-02-01,2026-02-01 12:10:00,C0964,Restaurant_08,Panchkula,Sector 11,2,500,0.0,60,560,UPI,Restaurant App,Delivered,In-house Rider,RD096,9.2,50,48.0,True,5.0,
ORD00093,2026-03-15,2026-03-15 03:07:00,C0885,Restaurant_02,Chandigarh,Sector 35,2,560,0.0,60,620,Cash,Restaurant App,Delivered,Shadowfax,RD055,5.0,45,28.0,True,3.0,
ORD02841,2026-01-06,2026-01-06 03:40:00,C0422,Restaurant_23,Chandigarh,Sector 22,5,600,75.0,20,545,UPI,Restaurant App,Delivered,In-house Rider,RD119,7.4,35,36.0,False,4.0,
ORD03735,2026-03-30,2026-03-30 12:56:00,C0862,Restaurant_23,Mohali,Phase 3B2,5,600,0.0,25,625,Cash,Restaurant App,Delivered,Shiprocket,RD020,5.5,30,17.0,True,4.0,
ORD02547,2026-05-27,2026-05-27 20:41:00,C0607,Restaurant_23,Chandigarh,Sector 17,2,640,30.0,25,635,Credit Card,Restaurant App,Delivered,In-house Rider,RD077,2.7,50,21.0,True,5.0,
ORD01567,2026-03-23,2026-03-23 04:24:00,C0004,Restaurant_07,Chandigarh,Manimajra,4,1400,0.0,60,1460,Credit Card,Website,Delivered,Shiprocket,RD002,4.8,50,35.0,True,4.0,
ORD02065,2026-01-18,2026-01-18 16:32:00,C0160,Restaurant_10,Panchkula,Sector 11,4,720,0.0,30,750,Debit Card,Restaurant App,Cancelled,Not Assigned,Not Assigned,4.2,50,,,,Customer Cancelled
ORD03182,2026-02-14,2026-02-14 01:25:00,C0428,Restaurant_22,Mohali,Sector 68,5,1250,30.0,30,1250,Credit Card,Restaurant App,Delivered,In-house Rider,RD081,6.7,35,38.0,False,5.0,
ORD02866,2026-03-15,2026-03-15 00:30:00,C0753,Restaurant_12,Panchkula,Sector 15,4,480,0.0,25,505,Credit Card,Website,Failed,Not Assigned,Not Assigned,4.8,45,,,,Address Issue
ORD00153,2026-01-14,2026-01-14 15:07:00,C0400,Restaurant_23,Panchkula,Sector 11,4,480,100.0,40,420,UPI,Website,Delivered,Shadowfax,RD104,6.4,30,35.0,False,4.0,
ORD01712,2026-04-15,2026-04-15 07:13:00,C0535,Restaurant_20,Chandigarh,Sector 35,5,750,50.0,25,725,Cash,Restaurant App,Delivered,In-house Rider,RD132,4.6,45,38.0,True,4.0,
ORD00948,2026-05-12,2026-05-12 12:18:00,C1159,Restaurant_23,Panchkula,Sector 8,5,750,30.0,30,750,UPI,Website,Delivered,Shadowfax,RD140,0.9,40,10.0,True,4.0,
ORD03938,2026-01-03,2026-01-03 07:58:00,C0651,Restaurant_02,Mohali,Phase 3B2,3,360,0.0,50,410,Credit Card,Website,Delivered,In-house Rider,RD061,4.6,40,25.0,True,1.0,
ORD00763,2026-05-29,2026-05-29 13:32:00,C0515,Restaurant_05,Mohali,Phase 7,5,2000,0.0,30,2030,Debit Card,Website,Delivered,In-house Rider,RD052,7.6,50,36.0,True,2.0,
ORD00161,2026-06-21,2026-06-21 09:09:00,C0953,Restaurant_09,Mohali,Phase 3B2,3,1200,50.0,60,1210,Cash,Restaurant App,Delivered,Shadowfax,RD014,1.7,45,17.0,True,4.0,
ORD02819,2026-01-11,2026-01-11 18:45:00,C1083,Restaurant_01,Mohali,Phase 3B2,1,180,0.0,25,205,Debit Card,Restaurant App,Failed,Not Assigned,Not Assigned,7.3,45,,,,Rider Unavailable
ORD01962,2026-05-23,2026-05-23 04:29:00,C0039,Restaurant_22,Chandigarh,Sector 35,1,180,30.0,60,210,Credit Card,Restaurant App,Delivered,In-house Rider,RD016,4.9,45,27.0,True,4.0,
ORD03872,2026-04-05,2026-04-05 22:29:00,C0418,Restaurant_14,Chandigarh,Sector 35,2,560,0.0,20,580,Credit Card,Restaurant App,Delivered,Shadowfax,RD054,4.5,45,23.0,True,4.0,
ORD01078,2026-04-20,2026-04-20 19:53:00,C0455,Restaurant_18,Chandigarh,Manimajra,4,1120,0.0,40,1160,Debit Card,Restaurant App,Delivered,Ola Logistics,RD120,4.8,35,30.0,True,5.0,
ORD02252,2026-04-25,2026-04-25 22:12:00,C0951,Restaurant_04,Chandigarh,Sector 34,2,440,0.0,20,460,Cash,Restaurant App,Delivered,In-house Rider,RD078,3.9,30,32.0,False,4.0,
ORD01207,2026-04-13,2026-04-13 23:26:00,C0050,Restaurant_22,Panchkula,Sector 11,1,400,75.0,25,350,Wallet,Restaurant App,Delivered,Shiprocket,RD090,4.8,30,28.0,True,3.0,
ORD01690,2026-04-06,2026-04-06 18:17:00,C1150,Restaurant_25,Panchkula,Sector 8,3,960,0.0,40,1000,Debit Card,Website,Delivered,Shadowfax,RD102,1.5,35,24.0,True,5.0,
ORD02878,2026-06-14,2026-06-14 22:37:00,C0063,Restaurant_20,Chandigarh,Sector 35,4,480,100.0,50,430,Credit Card,Website,Delivered,Ola Logistics,RD129,4.3,50,35.0,True,4.0,
ORD02996,2026-05-14,2026-05-14 02:17:00,C0727,Restaurant_05,Mohali,Sector 68,5,2000,50.0,25,1975,Cash,Website,Delivered,Ola Logistics,RD143,1.9,45,22.0,True,5.0,
ORD00915,2026-06-21,2026-06-21 01:38:00,C0513,Restaurant_09,Panchkula,Sector 8,4,1400,0.0,50,1450,Wallet,Restaurant App,Delivered,In-house Rider,RD053,4.8,40,19.0,True,4.0,
ORD00086,2026-04-22,2026-04-22 21:05:00,C0885,Restaurant_22,Chandigarh,Sector 34,4,1120,30.0,40,1130,UPI,Website,Delivered,Shiprocket,RD127,6.0,35,42.0,False,5.0,
ORD03930,2026-03-20,2026-03-20 12:40:00,C0565,Restaurant_02,Chandigarh,Manimajra,4,880,75.0,30,835,Cash,Restaurant App,Cancelled,Not Assigned,Not Assigned,7.2,40,,,,Customer Cancelled
ORD00857,2026-05-16,2026-05-16 13:48:00,C0631,Restaurant_20,Panchkula,Sector 5,3,360,0.0,50,410,Debit Card,Website,Cancelled,Not Assigned,Not Assigned,5.8,40,,,,Payment Failed
ORD00772,2026-03-04,2026-03-04 04:47:00,C1040,Restaurant_23,Panchkula,Sector 11,2,560,75.0,40,525,UPI,Restaurant App,Delivered,Shiprocket,RD124,5.1,45,34.0,True,2.0,
ORD00436,2026-06-20,2026-06-20 00:42:00,C1141,Restaurant_12,Chandigarh,Sector 17,4,480,75.0,25,430,Wallet,Restaurant App,Delivered,Shadowfax,RD111,5.9,40,37.0,True,4.0,
ORD01119,2026-05-08,2026-05-08 00:02:00,C0680,Restaurant_02,Chandigarh,Sector 17,5,1600,75.0,60,1585,Debit Card,Website,Cancelled,Not Assigned,Not Assigned,6.2,35,,,,Customer Cancelled
ORD03709,2026-02-23,2026-02-23 17:56:00,C0470,Restaurant_05,Chandigarh,Sector 34,4,1000,100.0,25,925,Wallet,Website,Delivered,Shadowfax,RD049,4.9,40,24.0,True,4.0,
ORD02529,2026-03-29,2026-03-29 03:37:00,C0419,Restaurant_17,Panchkula,Sector 15,5,750,50.0,40,740,Credit Card,Website,Delivered,Shadowfax,RD036,2.5,30,19.0,True,5.0,
ORD02022,2026-01-03,2026-01-03 11:46:00,C0979,Restaurant_20,Mohali,Phase 3B2,5,1250,30.0,40,1260,Wallet,Restaurant App,Delivered,In-house Rider,RD072,2.6,35,16.0,True,3.0,
ORD00571,2026-05-23,2026-05-23 09:56:00,C0969,Restaurant_14,Chandigarh,Sector 17,1,280,0.0,30,310,UPI,Restaurant App,Delivered,In-house Rider,RD042,4.3,35,33.0,True,4.0,
ORD00458,2026-03-16,2026-03-16 08:01:00,C0100,Restaurant_22,Chandigarh,Sector 22,1,320,50.0,20,290,Debit Card,Restaurant App,Delivered,In-house Rider,RD066,3.3,45,17.0,True,5.0,
ORD00764,2026-04-15,2026-04-15 04:23:00,C0231,Restaurant_15,Chandigarh,Sector 22,4,1120,0.0,50,1170,Debit Card,Restaurant App,Failed,Not Assigned,Not Assigned,3.5,30,,,,Restaurant Delay
ORD00924,2026-01-23,2026-01-23 18:32:00,C0361,Restaurant_24,Mohali,Sector 68,4,1600,100.0,20,1520,Wallet,Website,Failed,Not Assigned,Not Assigned,6.5,50,,,,Restaurant Delay
ORD00975,2026-05-07,2026-05-07 19:37:00,C0518,Restaurant_04,Panchkula,Sector 15,2,240,0.0,20,260,Wallet,Restaurant App,Cancelled,Not Assigned,Not Assigned,1.0,40,,,,Rider Unavailable
ORD01861,2026-04-04,2026-04-04 03:22:00,C0294,Restaurant_18,Mohali,Phase 5,5,1600,0.0,40,1640,Cash,Website,Delivered,Shadowfax,RD145,5.6,35,29.0,True,4.0,
ORD00793,2026-06-15,2026-06-15 11:42:00,C0224,Restaurant_25,Mohali,Phase 3B2,1,400,100.0,30,330,Credit Card,Website,Delivered,Shadowfax,RD042,6.4,50,35.0,True,5.0,
ORD01168,2026-04-24,2026-04-24 20:10:00,C0098,Restaurant_22,Mohali,Phase 3B2,4,480,20.0,50,510,UPI,Website,Delivered,In-house Rider,RD088,5.5,35,26.0,True,5.0,
ORD02712,2026-04-23,2026-04-23 21:26:00,C0253,Restaurant_02,Panchkula,Sector 5,2,300,0.0,40,340,Credit Card,Website,Delivered,In-house Rider,RD108,7.1,30,44.0,False,5.0,
ORD02298,2026-02-06,2026-02-06 09:38:00,C0971,Restaurant_04,Chandigarh,Sector 22,1,320,20.0,20,320,Wallet,Website,Delivered,In-house Rider,RD039,1.8,45,20.0,True,4.0,
ORD03031,2026-01-01,2026-01-01 20:12:00,C1165,Restaurant_01,Panchkula,Sector 11,3,840,20.0,30,850,Cash,Website,Delivered,In-house Rider,RD145,5.7,45,23.0,True,5.0,
ORD00911,2026-01-15,2026-01-15 00:24:00,C0184,Restaurant_12,Mohali,Phase 3B2,4,1000,0.0,40,1040,UPI,Restaurant App,Delivered,In-house Rider,RD066,9.0,45,37.0,True,5.0,
ORD01829,2026-05-15,2026-05-15 09:47:00,C0087,Restaurant_14,Chandigarh,Sector 17,4,480,100.0,50,430,Wallet,Website,Delivered,In-house Rider,RD088,5.9,40,23.0,True,4.0,
ORD01156,2026-05-14,2026-05-14 04:11:00,C0399,Restaurant_13,Mohali,Phase 3B2,3,1200,100.0,30,1130,Debit Card,Website,Delivered,In-house Rider,RD033,6.8,40,42.0,False,5.0,
ORD02815,2026-06-25,2026-06-25 18:38:00,C0552,Restaurant_24,Mohali,Phase 7,1,320,0.0,40,6000,Cash,Restaurant App,Delivered,In-house Rider,RD048,7.6,50,42.0,True,5.0,
ORD02745,2026-05-02,2026-05-02 09:26:00,C0582,Restaurant_03,Mohali,Phase 3B2,1,180,75.0,60,165,Credit Card,Restaurant App,Failed,Not Assigned,Not Assigned,0.3,50,,,,Customer Cancelled
ORD02680,2026-05-17,2026-05-17 05:46:00,C1057,Restaurant_13,Chandigarh,Sector 35,4,880,30.0,20,870,Debit Card,Restaurant App,Delivered,Shadowfax,RD027,0.8,40,15.0,True,4.0,
ORD00568,2026-01-03,2026-01-03 06:18:00,C0928,Restaurant_08,Panchkula,Sector 15,3,1050,75.0,60,1035,Debit Card,Restaurant App,Delivered,In-house Rider,RD101,4.2,45,26.0,True,,
ORD00769,2026-05-20,2026-05-20 13:44:00,C0907,Restaurant_14,Mohali,Phase 7,2,300,20.0,25,305,Wallet,Website,Delivered,Shadowfax,RD105,5.6,45,23.0,True,5.0,
ORD00522,2026-05-01,2026-05-01 09:29:00,C0984,Restaurant_18,Chandigarh,Sector 17,1,180,75.0,50,155,Credit Card,Website,Delivered,In-house Rider,RD026,1.2,30,19.0,True,5.0,
ORD02445,2026-05-19,2026-05-19 11:04:00,C0792,Restaurant_02,Panchkula,Sector 5,5,1400,30.0,50,1420,Wallet,Restaurant App,Delivered,Shadowfax,RD026,5.4,30,38.0,False,4.0,
ORD00705,2026-05-27,2026-05-27 10:52:00,C0333,Restaurant_11,Chandigarh,Sector 17,3,960,20.0,20,960,Wallet,Restaurant App,Delivered,In-house Rider,RD033,6.1,30,31.0,False,5.0,
ORD02562,2026-06-04,2026-06-04 14:11:00,C0920,Restaurant_17,Chandigarh,Sector 34,5,2000,50.0,50,2000,Cash,Website,Delivered,In-house Rider,RD073,7.4,30,28.0,True,5.0,
ORD03964,2026-06-25,2026-06-25 20:29:00,C0677,Restaurant_12,Chandigarh,Sector 22,3,360,100.0,20,280,UPI,Website,Delivered,In-house Rider,RD091,3.5,45,29.0,True,5.0,
ORD03572,2026-01-12,2026-01-12 03:39:00,C0807,Restaurant_20,Chandigarh,Sector 35,4,1120,0.0,50,1170,Wallet,Restaurant App,Delivered,Shadowfax,RD028,4.9,40,24.0,True,4.0,
ORD01188,2026-01-26,2026-01-26 23:53:00,C0895,Restaurant_10,Mohali,Phase 5,3,540,0.0,30,570,Cash,Website,Delivered,Shadowfax,RD147,2.4,30,27.0,True,5.0,
ORD03205,2026-04-18,2026-04-18 16:42:00,C0321,Restaurant_17,Mohali,Sector 68,5,2000,50.0,40,1990,UPI,Restaurant App,Failed,Not Assigned,Not Assigned,5.9,30,,,,Payment Failed
ORD00225,2026-01-07,2026-01-07 12:16:00,C0318,Restaurant_11,Chandigarh,Sector 22,4,1120,20.0,50,1150,Debit Card,Restaurant App,Delivered,Shadowfax,RD095,7.0,35,42.0,False,5.0,
ORD03087,2026-03-08,2026-03-08 14:31:00,C1089,Restaurant_12,Chandigarh,Sector 22,2,500,0.0,30,530,Debit Card,Website,Delivered,In-house Rider,RD044,3.6,45,29.0,True,4.0,
ORD02321,2026-01-16,2026-01-16 22:29:00,C0267,Restaurant_18,Panchkula,Sector 11,3,660,100.0,20,580,Wallet,Website,Cancelled,Not Assigned,Not Assigned,7.7,35,,,,Rider Unavailable
ORD03773,2026-06-28,2026-06-28 19:06:00,C0381,Restaurant_16,Mohali,Phase 5,2,700,30.0,50,720,Debit Card,Website,Delivered,In-house Rider,RD144,3.1,50,35.0,True,4.0,
ORD01785,2026-04-02,2026-04-02 02:19:00,C0881,Restaurant_22,Mohali,Sector 68,2,560,75.0,50,535,Credit Card,Restaurant App,Delivered,In-house Rider,RD132,6.2,50,31.0,True,5.0,
ORD01747,2026-06-15,2026-06-15 01:06:00,C0496,Restaurant_11,Chandigarh,Sector 34,4,1280,0.0,60,1340,Credit Card,Restaurant App,Delivered,Shadowfax,RD012,6.5,30,34.0,False,4.0,
ORD01737,2026-02-08,2026-02-08 13:50:00,C0325,Restaurant_02,Panchkula,Sector 5,2,440,0.0,50,490,Cash,Website,Delivered,Shiprocket,RD086,3.0,45,18.0,True,5.0,
ORD01872,2026-02-12,2026-02-12 19:42:00,C0724,Restaurant_01,Mohali,Phase 7,4,1400,50.0,60,1410,UPI,Restaurant App,Delivered,In-house Rider,RD055,7.1,35,40.0,False,5.0,
ORD02075,2026-06-11,2026-06-11 01:05:00,C0939,Restaurant_11,Mohali,Phase 7,3,360,0.0,40,400,Wallet,Restaurant App,Delivered,In-house Rider,RD101,5.1,40,34.0,True,3.0,
ORD03863,2026-04-16,2026-04-16 01:25:00,C0245,Restaurant_07,Mohali,Phase 5,5,600,30.0,30,600,UPI,Website,Delivered,In-house Rider,RD022,6.8,35,40.0,False,5.0,
ORD00757,2026-06-07,2026-06-07 15:16:00,C1103,Restaurant_02,Mohali,Phase 3B2,2,300,30.0,25,295,Debit Card,Restaurant App,Delivered,Ola Logistics,RD052,6.0,40,34.0,True,3.0,
ORD00015,2026-03-18,2026-03-18 03:29:00,C0564,Restaurant_11,Mohali,Phase 7,4,1000,100.0,50,950,UPI,Restaurant App,Delivered,Ola Logistics,RD064,2.2,45,17.0,True,,
ORD02877,2026-06-04,2026-06-04 00:54:00,C0793,Restaurant_24,Chandigarh,Sector 35,2,800,0.0,40,840,UPI,Website,Delivered,In-house Rider,RD125,1.1,35,14.0,True,5.0,
ORD03190,2026-04-22,2026-04-22 20:03:00,C0355,Restaurant_20,Mohali,Sector 68,3,1050,50.0,30,1030,Debit Card,Website,Delivered,In-house Rider,RD107,6.2,35,38.0,False,5.0,
ORD03919,2026-01-29,2026-01-29 22:43:00,C1175,Restaurant_14,Panchkula,Sector 11,1,320,,25,315,Debit Card,Restaurant App,Delivered,In-house Rider,RD090,,40,25.0,True,,
ORD01952,2026-04-27,2026-04-27 02:44:00,C0538,Restaurant_16,Chandigarh,Sector 34,4,1400,75.0,50,1375,UPI,Restaurant App,Cancelled,Not Assigned,Not Assigned,4.0,35,,,,Address Issue
ORD03246,2026-02-14,2026-02-14 15:01:00,C0807,Restaurant_11,Chandigarh,Sector 17,3,540,20.0,20,540,UPI,Website,Failed,Not Assigned,Not Assigned,3.9,50,,,,Restaurant Delay
ORD00031,2026-04-18,2026-04-18 05:49:00,C1122,Restaurant_22,Panchkula,Sector 11,1,150,75.0,30,105,Debit Card,Restaurant App,Delivered,Ola Logistics,RD140,7.2,40,50.0,False,4.0,
ORD01248,2026-01-26,2026-01-26 20:59:00,C0584,Restaurant_03,Chandigarh,Sector 17,4,1280,0.0,20,1300,Debit Card,Website,Delivered,In-house Rider,RD141,3.3,35,28.0,True,5.0,
ORD01777,2026-03-23,2026-03-23 18:33:00,C0690,Restaurant_17,Panchkula,Sector 8,2,560,30.0,40,570,Credit Card,Website,Delivered,Shadowfax,RD002,5.2,50,28.0,True,3.0,
ORD01031,2026-01-01,2026-01-01 22:31:00,C0685,Restaurant_10,Panchkula,Sector 5,5,1250,0.0,60,1310,Wallet,Website,Delivered,In-house Rider,RD120,5.0,45,41.0,True,3.0,
ORD02813,2026-03-21,2026-03-21 22:53:00,C0759,Restaurant_04,Mohali,Sector 68,1,320,100.0,25,245,UPI,Restaurant App,Delivered,Ola Logistics,RD127,3.4,30,27.0,True,5.0,
ORD03631,2026-05-07,2026-05-07 23:22:00,C0761,Restaurant_10,Mohali,Phase 3B2,2,240,50.0,60,250,Debit Card,Restaurant App,Failed,Not Assigned,Not Assigned,3.8,40,,,,Customer Cancelled
ORD03272,2026-04-02,2026-04-02 12:20:00,C0314,Restaurant_11,Mohali,Sector 68,5,1100,20.0,30,1110,Wallet,Website,Delivered,In-house Rider,RD055,1.7,40,12.0,True,4.0,
ORD00050,2026-03-21,2026-03-21 06:39:00,C0946,Restaurant_14,Panchkula,Sector 5,2,560,0.0,30,590,Credit Card,Restaurant App,Delivered,In-house Rider,RD063,8.7,35,45.0,False,3.0,
ORD00201,2026-04-19,2026-04-19 09:33:00,C0760,Restaurant_21,Panchkula,Sector 11,5,1100,100.0,25,1025,Debit Card,Restaurant App,Delivered,Shiprocket,RD036,7.1,35,34.0,True,5.0,
ORD02216,2026-02-09,2026-02-09 17:51:00,C0315,Restaurant_25,Chandigarh,Sector 34,2,500,30.0,50,520,Debit Card,Website,Delivered,In-house Rider,RD026,7.0,40,30.0,True,5.0,
ORD00634,2026-04-21,2026-04-21 16:10:00,C0502,Restaurant_09,Panchkula,Sector 11,3,960,100.0,30,890,Wallet,Website,Delivered,Shiprocket,RD105,3.0,40,19.0,True,5.0,
ORD01154,2026-01-23,2026-01-23 03:53:00,C0151,Restaurant_03,Panchkula,Sector 5,3,1050,0.0,60,1110,Debit Card,Restaurant App,Delivered,In-house Rider,RD124,5.4,50,34.0,True,5.0,
ORD01837,2026-05-25,2026-05-25 12:43:00,C1000,Restaurant_07,Mohali,Phase 3B2,5,2000,20.0,20,2000,Wallet,Website,Failed,Not Assigned,Not Assigned,1.5,50,,,,Restaurant Delay
ORD03555,2026-01-18,2026-01-18 14:35:00,C0887,Restaurant_18,Chandigarh,Sector 22,1,150,0.0,50,200,Cash,Website,Delivered,Ola Logistics,RD018,4.4,30,28.0,True,5.0,
ORD00639,2026-02-13,2026-02-13 03:49:00,C0251,Restaurant_22,Panchkula,Sector 15,2,300,0.0,20,320,UPI,Restaurant App,Delivered,In-house Rider,RD149,3.9,35,28.0,True,4.0,
ORD03278,2026-04-15,2026-04-15 15:44:00,C0313,Restaurant_17,Panchkula,Sector 5,1,250,0.0,25,275,UPI,Website,Delivered,Ola Logistics,RD084,2.6,50,15.0,True,5.0,
ORD03901,2026-04-04,2026-04-04 17:20:00,C0758,Restaurant_21,Panchkula,Sector 5,5,900,0.0,25,925,Cash,Website,Failed,Not Assigned,Not Assigned,4.6,35,,,,Address Issue
ORD03534,2026-02-11,2026-02-11 08:08:00,C0095,Restaurant_22,Mohali,Phase 7,1,350,75.0,20,295,UPI,Restaurant App,Delivered,In-house Rider,RD121,3.6,40,20.0,True,4.0,
ORD01173,2026-01-31,2026-01-31 04:07:00,C0564,Restaurant_06,Panchkula,Sector 11,1,180,100.0,60,140,Wallet,Restaurant App,Delivered,In-house Rider,RD084,3.1,30,17.0,True,5.0,
ORD00777,2026-04-02,2026-04-02 07:18:00,C0290,Restaurant_13,Mohali,Phase 3B2,5,1400,20.0,40,1420,Debit Card,Restaurant App,Delivered,In-house Rider,RD074,5.2,50,36.0,True,5.0,
ORD02634,2026-04-20,2026-04-20 05:52:00,C0822,Restaurant_22,Panchkula,Sector 11,4,1600,75.0,60,1585,UPI,Restaurant App,Failed,Not Assigned,Not Assigned,3.8,45,,,,Address Issue
ORD03511,2026-03-06,2026-03-06 11:19:00,C0554,Restaurant_12,Mohali,Phase 3B2,2,560,50.0,60,570,Cash,Website,Delivered,In-house Rider,RD150,7.0,45,38.0,True,5.0,
ORD00752,2026-01-29,2026-01-29 12:15:00,C0019,Restaurant_18,Mohali,Phase 3B2,1,120,20.0,60,160,Wallet,Website,Failed,Not Assigned,Not Assigned,1.4,40,,,,Customer Cancelled
ORD02884,2026-06-17,2026-06-17 01:11:00,C1096,Restaurant_08,Mohali,Sector 68,3,360,75.0,30,315,Debit Card,Restaurant App,Delivered,In-house Rider,RD050,0.8,50,21.0,True,5.0,
ORD03727,2026-02-17,2026-02-17 02:09:00,C0043,Restaurant_19,Mohali,Phase 3B2,4,880,100.0,20,800,Credit Card,Website,Cancelled,Not Assigned,Not Assigned,2.2,30,,,,Payment Failed
ORD02840,2026-02-04,2026-02-04 17:01:00,C1147,Restaurant_20,Panchkula,Sector 8,3,750,30.0,40,760,Wallet,Website,Failed,Not Assigned,Not Assigned,3.2,35,,,,Customer Cancelled
ORD02190,2026-04-09,2026-04-09 03:14:00,C1086,Restaurant_01,Chandigarh,Sector 35,2,300,50.0,25,275,Cash,Website,Failed,Not Assigned,Not Assigned,7.4,45,,,,Payment Failed
ORD02471,2026-01-22,2026-01-22 10:10:00,C0029,Restaurant_10,Chandigarh,Sector 17,2,300,30.0,25,295,Cash,Restaurant App,Delivered,Ola Logistics,RD102,4.0,40,27.0,True,5.0,
ORD01982,2026-06-17,2026-06-17 05:13:00,C1047,Restaurant_09,Chandigarh,Sector 17,3,360,75.0,40,325,UPI,Restaurant App,Delivered,In-house Rider,RD146,7.9,50,39.0,True,5.0,
ORD01615,2026-06-26,2026-06-26 17:32:00,C1005,Restaurant_04,Mohali,Phase 5,1,320,0.0,25,345,Cash,Restaurant App,Cancelled,Not Assigned,Not Assigned,3.2,50,,,,Payment Failed
ORD00078,2026-05-26,2026-05-26 23:03:00,C0346,Restaurant_17,Mohali,Sector 68,4,480,30.0,25,475,Debit Card,Restaurant App,Delivered,In-house Rider,RD139,2.8,30,16.0,True,4.0,
ORD02269,2026-01-25,2026-01-25 08:28:00,C0831,Restaurant_13,Mohali,Phase 7,2,440,50.0,50,440,Credit Card,Restaurant App,Delivered,In-house Rider,RD027,5.9,30,32.0,False,5.0,
ORD03069,2026-03-14,2026-03-14 00:26:00,C0912,Restaurant_02,Mohali,Phase 5,2,300,0.0,60,360,Credit Card,Restaurant App,Cancelled,Not Assigned,Not Assigned,7.9,50,,,,Payment Failed
ORD00305,2026-01-17,2026-01-17 00:51:00,C0302,Restaurant_05,Mohali,Phase 3B2,2,500,20.0,50,530,Cash,Website,Cancelled,Not Assigned,Not Assigned,2.8,30,,,,Address Issue
ORD03519,2026-06-16,2026-06-16 16:21:00,C0838,Restaurant_03,Mohali,Phase 7,2,360,75.0,25,310,Cash,Website,Delivered,Shiprocket,RD042,5.2,35,24.0,True,5.0,
ORD03435,2026-02-08,2026-02-08 12:15:00,C0743,Restaurant_20,Mohali,Phase 7,3,450,0.0,50,500,UPI,Website,Failed,Not Assigned,Not Assigned,6.2,45,,,,Payment Failed
ORD02335,2026-01-14,2026-01-14 12:01:00,C0354,Restaurant_21,Mohali,Phase 7,5,600,0.0,30,630,Debit Card,Restaurant App,Delivered,Shadowfax,RD061,4.5,30,21.0,True,5.0,
ORD00013,2026-03-29,2026-03-29 22:37:00,C0371,Restaurant_13,Chandigarh,Sector 17,4,1120,75.0,30,1075,UPI,Website,Delivered,In-house Rider,RD115,6.6,35,43.0,False,5.0,
ORD00755,2026-04-23,2026-04-23 09:40:00,C0676,Restaurant_23,Mohali,Phase 3B2,4,1000,20.0,30,1010,Wallet,Restaurant App,Cancelled,Not Assigned,Not Assigned,8.0,50,,,,Address Issue
ORD02258,2026-03-05,2026-03-05 10:58:00,C0104,Restaurant_07,Panchkula,Sector 5,3,540,20.0,40,560,UPI,Website,Delivered,Ola Logistics,RD076,4.5,50,32.0,True,4.0,
ORD03960,2026-01-21,2026-01-21 11:43:00,C1012,Restaurant_07,Panchkula,Sector 15,5,750,0.0,40,790,UPI,Website,Delivered,In-house Rider,RD045,6.6,35,39.0,False,5.0,
ORD02036,2026-02-26,2026-02-26 17:07:00,C0857,Restaurant_09,Mohali,Phase 7,2,800,0.0,60,860,Credit Card,Website,Delivered,In-house Rider,RD031,5.2,35,32.0,True,5.0,
ORD00456,2026-03-27,2026-03-27 23:05:00,C0371,Restaurant_25,Panchkula,Sector 11,1,220,0.0,40,260,Cash,Website,Cancelled,Not Assigned,Not Assigned,4.4,45,,,,Customer Cancelled
ORD03998,2026-06-29,2026-06-29 15:45:00,C0897,Restaurant_20,Chandigarh,Sector 34,3,360,75.0,20,305,Cash,Restaurant App,Delivered,Shadowfax,RD114,6.3,50,28.0,True,4.0,
ORD01041,2026-01-25,2026-01-25 08:02:00,C1197,Restaurant_17,Panchkula,Sector 5,4,1400,20.0,50,1430,Wallet,Website,Failed,Not Assigned,Not Assigned,2.6,40,,,,Customer Cancelled
ORD03568,2026-04-08,2026-04-08 21:50:00,C0767,Restaurant_13,Chandigarh,Sector 17,4,600,0.0,50,650,Credit Card,Website,Delivered,In-house Rider,RD077,5.2,35,20.0,True,5.0,
ORD01626,2026-01-11,2026-01-11 10:43:00,C0429,Restaurant_07,Chandigarh,Sector 35,2,360,100.0,20,280,Wallet,Website,Cancelled,Not Assigned,Not Assigned,7.0,45,,,,Rider Unavailable
ORD00685,2026-01-18,2026-01-18 16:07:00,C0196,Restaurant_06,Panchkula,Sector 11,4,1400,0.0,30,1430,Wallet,Website,Delivered,In-house Rider,RD121,6.5,40,29.0,True,5.0,
ORD01600,2026-06-13,2026-06-13 00:29:00,C1128,Restaurant_14,Panchkula,Sector 11,3,840,50.0,20,810,Cash,Restaurant App,Delivered,Shiprocket,RD062,5.1,50,31.0,True,2.0,
ORD01239,2026-06-22,2026-06-22 17:46:00,C0669,Restaurant_10,Chandigarh,Manimajra,5,750,100.0,20,670,Cash,Website,Cancelled,Not Assigned,Not Assigned,6.6,50,,,,Rider Unavailable
ORD02093,2026-03-16,2026-03-16 16:35:00,C1130,Restaurant_16,Panchkula,Sector 11,3,360,75.0,40,325,Credit Card,Website,Failed,Not Assigned,Not Assigned,5.8,45,,,,Restaurant Delay
ORD01905,2026-04-09,2026-04-09 09:57:00,C0566,Restaurant_04,Panchkula,Sector 15,5,750,0.0,25,775,Debit Card,Website,Delivered,Ola Logistics,RD119,8.6,35,97.0,False,5.0,
ORD00144,2026-01-11,2026-01-11 09:26:00,C0128,Restaurant_11,Panchkula,Sector 15,5,1400,100.0,30,1330,Credit Card,Restaurant App,Delivered,Shadowfax,RD043,9.1,35,47.0,False,2.0,
ORD01203,2026-04-28,2026-04-28 01:17:00,C0522,Restaurant_06,Panchkula,Sector 5,4,1280,0.0,20,1300,Cash,Website,Delivered,Ola Logistics,RD084,5.4,50,36.0,True,5.0,
ORD01525,2026-02-17,2026-02-17 04:15:00,C1185,Restaurant_22,Mohali,Sector 68,1,180,30.0,20,170,Credit Card,Website,Delivered,Shadowfax,RD041,3.3,45,30.0,True,5.0,
ORD01065,2026-06-07,2026-06-07 04:41:00,C0736,Restaurant_18,Panchkula,Sector 11,4,600,100.0,25,525,Credit Card,Restaurant App,Delivered,Shiprocket,RD013,5.5,30,21.0,True,5.0,
ORD00966,2026-02-21,2026-02-21 16:47:00,C1189,Restaurant_21,Panchkula,Sector 15,5,750,75.0,50,725,Credit Card,Restaurant App,Delivered,Ola Logistics,RD019,4.9,45,20.0,True,5.0,
ORD01919,2026-02-07,2026-02-07 14:24:00,C1116,Restaurant_12,Mohali,Sector 68,4,1600,20.0,60,1640,Cash,Restaurant App,Delivered,Shadowfax,RD142,5.4,30,23.0,True,5.0,
ORD03730,2026-01-09,2026-01-09 12:48:00,C0306,Restaurant_01,Panchkula,Sector 8,2,560,50.0,50,560,Credit Card,Website,Delivered,Shadowfax,RD128,7.8,40,47.0,False,4.0,
ORD02095,2026-03-05,2026-03-05 00:43:00,C0793,Restaurant_11,Mohali,Phase 7,1,400,75.0,30,355,Debit Card,Website,Delivered,Ola Logistics,RD044,2.5,40,26.0,True,3.0,
ORD03612,2026-01-19,2026-01-19 00:35:00,C0556,Restaurant_12,Chandigarh,Manimajra,5,750,30.0,50,770,Credit Card,Website,Failed,Not Assigned,Not Assigned,4.5,50,,,,Rider Unavailable
ORD00357,2026-01-17,2026-01-17 07:44:00,C0538,Restaurant_25,Mohali,Phase 7,4,1400,0.0,30,1430,UPI,Website,Delivered,In-house Rider,RD148,7.6,50,39.0,True,3.0,
ORD03521,2026-04-02,2026-04-02 21:20:00,C0240,Restaurant_08,Panchkula,Sector 8,2,640,50.0,25,615,Wallet,Website,Delivered,Ola Logistics,RD134,2.1,50,21.0,True,4.0,
ORD03717,2026-04-15,2026-04-15 07:10:00,C0315,Restaurant_14,Chandigarh,Sector 35,1,120,30.0,25,115,Cash,Website,Delivered,Shadowfax,RD134,4.9,40,21.0,True,5.0,
ORD03525,2026-03-06,2026-03-06 20:52:00,C0133,Restaurant_21,Mohali,Phase 3B2,3,840,0.0,60,900,Credit Card,Restaurant App,Delivered,Ola Logistics,RD034,5.1,40,24.0,True,5.0,
ORD01339,2026-03-22,2026-03-22 14:23:00,C1156,Restaurant_21,Panchkula,Sector 5,5,1100,0.0,30,1130,UPI,Website,Cancelled,Not Assigned,Not Assigned,1.6,50,,,,Rider Unavailable
ORD02201,2026-06-13,2026-06-13 12:07:00,C0670,Restaurant_18,Mohali,Phase 5,2,360,50.0,60,370,Cash,Restaurant App,Failed,Not Assigned,Not Assigned,7.1,30,,,,Payment Failed
ORD02856,2026-05-14,2026-05-14 04:52:00,C0959,Restaurant_03,Chandigarh,Sector 17,3,960,0.0,20,980,Credit Card,Website,Delivered,In-house Rider,RD144,3.1,35,25.0,True,5.0,
ORD01382,2026-05-01,2026-05-01 22:19:00,C0818,Restaurant_11,Mohali,Phase 3B2,4,1600,0.0,25,1625,Wallet,Restaurant App,Delivered,In-house Rider,RD051,7.7,30,45.0,False,5.0,
ORD02516,2026-06-25,2026-06-25 21:35:00,C0307,Restaurant_03,Chandigarh,Sector 22,5,750,75.0,40,715,UPI,Restaurant App,Delivered,In-house Rider,RD041,4.6,45,29.0,True,5.0,
ORD00779,2026-05-24,2026-05-24 06:46:00,C0197,Restaurant_14,Chandigarh,Sector 34,5,1100,30.0,50,1120,Debit Card,Restaurant App,Cancelled,Not Assigned,Not Assigned,6.7,40,,,,Restaurant Delay
ORD02713,2026-03-23,2026-03-23 01:30:00,C1150,Restaurant_09,Mohali,Sector 68,5,1400,50.0,30,1380,UPI,Website,Delivered,In-house Rider,RD150,1.8,35,17.0,True,4.0,
ORD01236,2026-01-21,2026-01-21 16:57:00,C0021,Restaurant_14,Chandigarh,Sector 34,2,300,50.0,20,270,Credit Card,Restaurant App,Delivered,In-house Rider,RD004,7.4,35,42.0,False,4.0,
ORD02237,2026-05-28,2026-05-28 04:42:00,C0967,Restaurant_17,Panchkula,Sector 5,3,960,0.0,30,990,Debit Card,Website,Failed,Not Assigned,Not Assigned,2.2,30,,,,Payment Failed
ORD01208,2026-05-11,2026-05-11 12:49:00,C0484,Restaurant_13,Panchkula,Sector 5,2,240,0.0,40,280,Credit Card,Restaurant App,Delivered,Shiprocket,RD147,4.0,35,21.0,True,5.0,
ORD03978,2026-01-06,2026-01-06 21:49:00,C0469,Restaurant_25,Chandigarh,Sector 17,4,880,20.0,40,900,Credit Card,Website,Delivered,Shadowfax,RD029,2.2,50,22.0,True,5.0,
ORD01425,2026-03-11,2026-03-11 21:20:00,C0329,Restaurant_10,Chandigarh,Sector 17,5,1250,100.0,20,1170,Cash,Restaurant App,Delivered,Shadowfax,RD049,8.1,35,41.0,False,5.0,
ORD02118,2026-06-02,2026-06-02 09:19:00,C0666,Restaurant_16,Mohali,Phase 5,5,750,0.0,30,780,Cash,Restaurant App,Cancelled,Not Assigned,Not Assigned,7.4,40,,,,Rider Unavailable
ORD01814,2026-04-09,2026-04-09 03:13:00,C1134,Restaurant_04,Chandigarh,Manimajra,3,540,0.0,25,565,Cash,Restaurant App,Cancelled,Not Assigned,Not Assigned,7.8,30,,,,Rider Unavailable
ORD03497,2026-05-03,2026-05-03 00:57:00,C0822,Restaurant_20,Chandigarh,Manimajra,2,560,0.0,60,620,Cash,Restaurant App,Delivered,In-house Rider,RD048,6.8,40,37.0,True,5.0,
ORD00409,2026-02-21,2026-02-21 21:00:00,C0804,Restaurant_13,Mohali,Phase 5,4,1000,0.0,25,1025,Debit Card,Website,Cancelled,Not Assigned,Not Assigned,6.2,50,,,,Address Issue
ORD03580,2026-02-21,2026-02-21 08:35:00,C1181,Restaurant_01,Chandigarh,Sector 17,4,720,50.0,25,695,Debit Card,Website,Delivered,In-house Rider,RD143,3.3,45,17.0,True,5.0,
ORD02077,2026-01-19,2026-01-19 16:16:00,C0885,Restaurant_22,Panchkula,Sector 5,1,280,75.0,20,225,Cash,Restaurant App,Delivered,In-house Rider,RD061,7.2,40,44.0,False,5.0,
ORD03892,2026-06-22,2026-06-22 16:40:00,C0432,Restaurant_11,Mohali,Phase 3B2,2,500,0.0,20,520,Debit Card,Restaurant App,Delivered,In-house Rider,RD094,7.8,45,38.0,True,5.0,
ORD01460,2026-03-31,2026-03-31 09:38:00,C0779,Restaurant_20,Chandigarh,Sector 22,4,1120,100.0,25,1045,UPI,Restaurant App,Delivered,In-house Rider,RD092,5.4,35,31.0,True,4.0,
ORD00479,2026-05-06,2026-05-06 01:58:00,C0790,Restaurant_25,Chandigarh,Sector 34,2,700,0.0,20,720,Wallet,Website,Delivered,In-house Rider,RD129,3.5,35,25.0,True,5.0,
ORD03013,2026-03-10,2026-03-10 03:01:00,C0910,Restaurant_12,Panchkula,Sector 5,2,300,50.0,40,290,Credit Card,Restaurant App,Failed,Not Assigned,Not Assigned,6.5,35,,,,Payment Failed
ORD01169,2026-06-05,2026-06-05 15:39:00,C0248,Restaurant_21,Panchkula,Sector 11,1,220,0.0,25,245,Cash,Restaurant App,Delivered,In-house Rider,RD075,7.0,50,40.0,True,4.0,
ORD02512,2026-06-23,2026-06-23 06:44:00,C0196,Restaurant_07,Mohali,Phase 7,5,1400,20.0,30,1410,Credit Card,Website,Failed,Not Assigned,Not Assigned,1.6,40,,,,Payment Failed
ORD01323,2026-05-28,2026-05-28 10:53:00,C0615,Restaurant_18,Mohali,Phase 3B2,3,660,100.0,60,620,Debit Card,Website,Delivered,Shadowfax,RD067,8.4,30,39.0,False,5.0,
ORD00881,2026-04-22,2026-04-22 17:39:00,C0700,Restaurant_17,Mohali,Phase 3B2,4,720,0.0,50,770,Cash,Website,Delivered,Shiprocket,RD105,6.3,50,107.0,False,5.0,
ORD02746,2026-01-25,2026-01-25 06:57:00,C0705,Restaurant_21,Chandigarh,Manimajra,2,360,0.0,30,390,UPI,Website,Cancelled,Not Assigned,Not Assigned,7.3,45,,,,Payment Failed
ORD03097,2026-04-23,2026-04-23 02:33:00,C0127,Restaurant_25,Chandigarh,Sector 34,2,560,75.0,50,535,Debit Card,Website,Delivered,Shadowfax,RD020,6.4,40,39.0,True,5.0,
ORD01826,2026-02-04,2026-02-04 03:33:00,C0292,Restaurant_18,Chandigarh,Sector 17,1,250,75.0,60,235,Wallet,Website,Delivered,In-house Rider,RD032,4.4,50,28.0,True,4.0,
ORD01784,2026-03-18,2026-03-18 16:38:00,C0305,Restaurant_25,Chandigarh,Sector 35,2,240,30.0,20,230,Credit Card,Restaurant App,Delivered,Shadowfax,RD095,5.6,30,33.0,False,5.0,
ORD03954,2026-04-03,2026-04-03 17:41:00,C0552,Restaurant_23,Mohali,Phase 5,2,360,0.0,60,420,Credit Card,Restaurant App,Failed,Not Assigned,Not Assigned,0.6,45,,,,Restaurant Delay
ORD00799,2026-06-26,2026-06-26 08:57:00,C0728,Restaurant_24,Mohali,Phase 3B2,4,600,75.0,30,555,Credit Card,Restaurant App,Delivered,In-house Rider,RD001,3.6,50,28.0,True,3.0,
ORD02832,2026-05-13,2026-05-13 22:05:00,C0977,Restaurant_01,Chandigarh,Sector 17,5,1400,100.0,25,1325,Cash,Website,Delivered,In-house Rider,RD082,4.0,30,43.0,False,3.0,
ORD03310,2026-03-14,2026-03-14 08:15:00,C0234,Restaurant_21,Chandigarh,Sector 35,1,180,30.0,60,210,Wallet,Restaurant App,Delivered,In-house Rider,RD120,7.9,30,43.0,False,1.0,
ORD00983,2026-05-24,2026-05-24 12:21:00,C1111,Restaurant_11,Panchkula,Sector 11,3,840,75.0,50,815,Cash,Restaurant App,Cancelled,Not Assigned,Not Assigned,0.1,45,,,,Address Issue
ORD02561,2026-04-14,2026-04-14 16:52:00,C0489,Restaurant_03,Chandigarh,Sector 35,1,280,100.0,60,240,Cash,Website,Delivered,Shadowfax,RD095,4.9,30,23.0,True,5.0,
ORD02449,2026-04-05,2026-04-05 20:20:00,C0415,Restaurant_22,Chandigarh,Sector 34,5,1250,0.0,50,1300,Credit Card,Restaurant App,Delivered,Ola Logistics,RD082,4.2,30,30.0,True,5.0,
ORD01527,2026-06-04,2026-06-04 08:13:00,C0967,Restaurant_19,Chandigarh,Sector 17,2,440,0.0,40,480,Debit Card,Restaurant App,Delivered,In-house Rider,RD075,9.1,50,49.0,True,3.0,
ORD03362,2026-03-19,2026-03-19 04:32:00,C0831,Restaurant_01,Mohali,Phase 7,4,1280,30.0,25,1275,Cash,Restaurant App,Delivered,In-house Rider,RD054,6.6,45,22.0,True,5.0,
ORD03168,2026-04-21,2026-04-21 00:32:00,C0503,Restaurant_01,Panchkula,Sector 11,5,1100,30.0,60,1130,UPI,Restaurant App,Delivered,In-house Rider,RD057,4.6,35,32.0,True,5.0,
ORD02850,2026-03-01,2026-03-01 20:36:00,C0323,Restaurant_13,Chandigarh,Sector 17,1,400,0.0,50,450,Cash,Website,Delivered,Ola Logistics,RD094,2.6,30,28.0,True,4.0,
ORD03500,2026-05-20,2026-05-20 12:55:00,C0682,Restaurant_23,Chandigarh,Sector 17,4,1120,75.0,50,1095,Cash,Restaurant App,Delivered,In-house Rider,RD052,8.4,45,44.0,True,1.0,
ORD02791,2026-05-03,2026-05-03 01:07:00,C0938,Restaurant_11,Panchkula,Sector 8,2,560,0.0,25,585,UPI,Website,Delivered,In-house Rider,RD004,6.4,35,36.0,False,4.0,
ORD02102,2026-02-02,2026-02-02 19:58:00,C0883,Restaurant_12,Mohali,Phase 7,2,300,100.0,50,250,Cash,Website,Delivered,Ola Logistics,RD106,4.8,30,22.0,True,5.0,
ORD02112,2026-04-05,2026-04-05 05:03:00,C0254,Restaurant_13,Mohali,Phase 3B2,1,220,30.0,40,230,UPI,Website,Delivered,In-house Rider,RD095,5.6,50,22.0,True,5.0,
ORD00928,2026-01-30,2026-01-30 10:18:00,C0071,Restaurant_08,Panchkula,Sector 8,2,800,50.0,30,780,Credit Card,Website,Delivered,Ola Logistics,RD065,1.3,50,14.0,True,4.0,
ORD03574,2026-01-04,2026-01-04 23:54:00,C0208,Restaurant_18,Panchkula,Sector 5,5,1250,75.0,50,1225,Wallet,Website,Failed,Not Assigned,Not Assigned,4.8,35,,,,Payment Failed
ORD00922,2026-06-26,2026-06-26 09:31:00,C0414,Restaurant_10,Chandigarh,Manimajra,2,800,30.0,20,790,Wallet,Restaurant App,Delivered,Shadowfax,RD099,1.8,35,20.0,True,5.0,
ORD02169,2026-04-08,2026-04-08 09:56:00,C0015,Restaurant_18,Chandigarh,Manimajra,5,2000,0.0,60,2060,Cash,Website,Delivered,Shiprocket,RD095,5.4,35,25.0,True,5.0,
ORD03132,2026-02-09,2026-02-09 08:49:00,C0874,Restaurant_15,Panchkula,Sector 11,4,720,20.0,30,730,Wallet,Restaurant App,Delivered,In-house Rider,RD072,9.0,35,44.0,False,5.0,
ORD00943,2026-01-08,2026-01-08 22:06:00,C0534,Restaurant_03,Panchkula,Sector 8,1,320,100.0,30,250,Cash,Website,Delivered,Ola Logistics,RD113,6.1,30,37.0,False,5.0,
ORD01572,2026-01-16,2026-01-16 14:08:00,C0494,Restaurant_09,Panchkula,Sector 8,5,600,30.0,25,595,Credit Card,Restaurant App,Delivered,In-house Rider,RD059,10.2,50,48.0,True,4.0,
ORD01757,2026-03-16,2026-03-16 05:10:00,C0640,Restaurant_22,Chandigarh,Sector 22,5,750,,20,770,Credit Card,Website,Delivered,In-house Rider,RD087,,50,21.0,True,,
ORD03627,2026-02-08,2026-02-08 06:24:00,C0901,Restaurant_12,Panchkula,Sector 5,2,440,0.0,30,470,Credit Card,Website,Delivered,In-house Rider,RD116,6.0,50,38.0,True,5.0,
ORD03307,2026-04-09,2026-04-09 09:19:00,C0966,Restaurant_15,Mohali,Phase 7,2,360,100.0,25,285,UPI,Restaurant App,Failed,Not Assigned,Not Assigned,7.9,35,,,,Payment Failed
ORD03945,2026-05-11,2026-05-11 02:21:00,C0160,Restaurant_18,Panchkula,Sector 8,2,560,50.0,25,535,Wallet,Restaurant App,Delivered,Shiprocket,RD060,9.2,45,37.0,True,5.0,
ORD00894,2026-03-07,2026-03-07 10:41:00,C0156,Restaurant_13,Panchkula,Sector 15,4,720,0.0,50,770,Cash,Website,Delivered,In-house Rider,RD056,6.5,40,32.0,True,5.0,
ORD00288,2026-06-26,2026-06-26 11:18:00,C0984,Restaurant_01,Panchkula,Sector 15,4,1600,50.0,20,1570,Credit Card,Restaurant App,Failed,Not Assigned,Not Assigned,2.6,45,,,,Address Issue
ORD03756,2026-03-27,2026-03-27 23:54:00,C0250,Restaurant_20,Panchkula,Sector 5,5,750,100.0,25,675,Wallet,Restaurant App,Cancelled,Not Assigned,Not Assigned,2.3,35,,,,Restaurant Delay
ORD02162,2026-04-24,2026-04-24 04:51:00,C1176,Restaurant_18,Chandigarh,Sector 17,1,180,0.0,50,230,Cash,Website,Delivered,In-house Rider,RD072,6.8,35,21.0,True,5.0,
ORD03537,2026-04-26,2026-04-26 19:10:00,C0307,Restaurant_13,Chandigarh,Manimajra,5,2000,100.0,25,1925,UPI,Website,Cancelled,Not Assigned,Not Assigned,7.0,30,,,,Restaurant Delay
ORD01832,2026-01-24,2026-01-24 13:04:00,C0046,Restaurant_21,Panchkula,Sector 11,4,1120,0.0,40,1160,UPI,Restaurant App,Delivered,In-house Rider,RD143,6.3,45,29.0,True,4.0,
ORD00540,2026-01-19,2026-01-19 11:45:00,C0591,Restaurant_03,Panchkula,Sector 5,1,350,20.0,50,380,Debit Card,Restaurant App,Delivered,In-house Rider,RD062,5.4,30,35.0,False,1.0,
ORD01549,2026-04-09,2026-04-09 20:00:00,C1124,Restaurant_24,Chandigarh,Sector 34,4,880,50.0,20,850,Cash,Website,Delivered,Ola Logistics,RD037,4.3,40,25.0,True,5.0,
ORD02494,2026-01-19,2026-01-19 21:02:00,C0144,Restaurant_20,Panchkula,Sector 15,2,700,20.0,60,740,Credit Card,Restaurant App,Delivered,In-house Rider,RD021,6.6,50,35.0,True,5.0,
ORD03823,2026-04-28,2026-04-28 15:39:00,C0187,Restaurant_19,Chandigarh,Sector 17,4,1280,0.0,50,1330,Wallet,Restaurant App,Failed,Not Assigned,Not Assigned,2.8,50,,,,Restaurant Delay
ORD02724,2026-03-09,2026-03-09 14:19:00,C1103,Restaurant_19,Panchkula,Sector 8,2,500,100.0,40,440,UPI,Restaurant App,Delivered,Ola Logistics,RD033,2.2,35,24.0,True,1.0,
ORD03123,2026-05-13,2026-05-13 08:09:00,C0087,Restaurant_20,Chandigarh,Sector 22,2,300,0.0,50,350,Wallet,Restaurant App,Delivered,Ola Logistics,RD018,3.9,30,30.0,True,4.0,
ORD00781,2026-04-10,2026-04-10 23:41:00,C1054,Restaurant_19,Chandigarh,Sector 35,5,1600,0.0,50,1650,Wallet,Restaurant App,Delivered,In-house Rider,RD075,7.9,35,45.0,False,5.0,
ORD02831,2026-01-26,2026-01-26 01:14:00,C0498,Restaurant_08,Panchkula,Sector 11,4,720,0.0,40,760,Wallet,Website,Delivered,In-house Rider,RD058,5.1,45,23.0,True,4.0,
ORD01591,2026-04-08,2026-04-08 12:19:00,C0098,Restaurant_18,Mohali,Sector 68,3,750,20.0,20,750,Debit Card,Website,Delivered,In-house Rider,RD001,5.3,45,31.0,True,5.0,
ORD00263,2026-02-12,2026-02-12 07:49:00,C1055,Restaurant_02,Mohali,Phase 3B2,4,1280,30.0,50,1300,Credit Card,Website,Delivered,Ola Logistics,RD078,4.3,35,28.0,True,4.0,
ORD02673,2026-05-24,2026-05-24 22:36:00,C0586,Restaurant_07,Chandigarh,Sector 34,3,660,20.0,60,700,UPI,Restaurant App,Delivered,In-house Rider,RD052,4.4,35,32.0,True,5.0,
ORD03621,2026-04-24,2026-04-24 00:49:00,C0190,Restaurant_07,Mohali,Phase 7,3,960,20.0,60,1000,Cash,Restaurant App,Delivered,Shiprocket,RD075,3.7,45,21.0,True,5.0,
ORD02855,2026-06-02,2026-06-02 03:28:00,C0159,Restaurant_17,Chandigarh,Sector 17,3,540,30.0,60,570,UPI,Website,Delivered,Ola Logistics,RD129,6.4,50,37.0,True,5.0,
ORD01412,2026-01-25,2026-01-25 03:00:00,C0106,Restaurant_18,Mohali,Phase 7,3,1200,20.0,20,1200,UPI,Website,Delivered,In-house Rider,RD130,7.7,40,39.0,True,,
ORD00116,2026-04-14,2026-04-14 02:35:00,C0985,Restaurant_10,Chandigarh,Sector 35,4,1400,20.0,40,1420,Credit Card,Restaurant App,Delivered,Shadowfax,RD094,4.2,30,26.0,True,5.0,
ORD00312,2026-03-10,2026-03-10 12:29:00,C1145,Restaurant_23,Chandigarh,Manimajra,5,1750,0.0,50,1800,Debit Card,Restaurant App,Delivered,Ola Logistics,RD049,6.3,50,27.0,True,5.0,
ORD03337,2026-01-21,2026-01-21 13:20:00,C0955,Restaurant_19,Mohali,Phase 3B2,4,480,20.0,25,485,Wallet,Restaurant App,Delivered,In-house Rider,RD126,6.8,30,32.0,False,4.0,
ORD01898,2026-03-26,2026-03-26 12:56:00,C0910,Restaurant_08,Mohali,Phase 3B2,2,300,20.0,30,310,Wallet,Website,Delivered,In-house Rider,RD076,4.0,30,37.0,False,2.0,
ORD03239,2026-01-07,2026-01-07 00:44:00,C0935,Restaurant_09,Chandigarh,Sector 22,3,750,20.0,60,790,Wallet,Restaurant App,Delivered,In-house Rider,RD139,6.6,30,30.0,True,,
ORD03685,2026-05-14,2026-05-14 05:25:00,C0069,Restaurant_13,Mohali,Sector 68,5,1100,50.0,25,1075,Cash,Restaurant App,Cancelled,Not Assigned,Not Assigned,4.5,50,,,,Address Issue
ORD02475,2026-05-29,2026-05-29 10:59:00,C0089,Restaurant_24,Chandigarh,Sector 35,1,320,0.0,40,360,Cash,Restaurant App,Delivered,In-house Rider,RD148,4.6,35,31.0,True,5.0,
ORD02954,2026-06-29,2026-06-29 13:06:00,C1115,Restaurant_25,Mohali,Phase 5,3,1200,0.0,20,1220,Wallet,Restaurant App,Cancelled,Not Assigned,Not Assigned,2.6,40,,,,Restaurant Delay
ORD00629,2026-03-15,2026-03-15 15:55:00,C0112,Restaurant_22,Panchkula,Sector 5,4,1400,0.0,40,1440,Cash,Restaurant App,Delivered,Shadowfax,RD074,7.4,40,44.0,False,5.0,
ORD03851,2026-02-03,2026-02-03 05:00:00,C1172,Restaurant_10,Panchkula,Sector 11,4,1400,0.0,25,1425,Credit Card,Website,Delivered,In-house Rider,RD028,6.3,35,31.0,True,4.0,
ORD03808,2026-05-14,2026-05-14 13:18:00,C0419,Restaurant_10,Chandigarh,Manimajra,5,1400,100.0,20,1320,UPI,Restaurant App,Delivered,Shiprocket,RD097,4.6,30,34.0,False,4.0,
ORD01030,2026-02-07,2026-02-07 22:27:00,C0675,Restaurant_18,Panchkula,Sector 5,4,1600,50.0,60,1610,Credit Card,Restaurant App,Delivered,In-house Rider,RD047,1.9,35,28.0,True,5.0,
ORD00377,2026-05-24,2026-05-24 03:14:00,C0786,Restaurant_23,Chandigarh,Sector 22,4,600,30.0,30,600,Credit Card,Restaurant App,Delivered,Ola Logistics,RD014,7.3,40,24.0,True,5.0,
ORD00858,2026-01-08,2026-01-08 05:27:00,C0971,Restaurant_23,Mohali,Phase 3B2,1,350,100.0,60,310,Credit Card,Website,Cancelled,Not Assigned,Not Assigned,3.5,35,,,,Customer Cancelled
ORD03894,2026-01-30,2026-01-30 17:34:00,C0437,Restaurant_15,Mohali,Phase 7,1,280,100.0,20,200,Cash,Website,Failed,Not Assigned,Not Assigned,2.8,30,,,,Customer Cancelled
ORD03928,2026-06-18,2026-06-18 02:59:00,C0722,Restaurant_09,Chandigarh,Sector 17,1,350,0.0,20,370,Credit Card,Restaurant App,Delivered,In-house Rider,RD083,4.9,40,18.0,True,4.0,
ORD01042,2026-05-08,2026-05-08 22:01:00,C1008,Restaurant_16,Chandigarh,Sector 17,3,960,100.0,30,890,Credit Card,Restaurant App,Cancelled,Not Assigned,Not Assigned,1.6,35,,,,Address Issue
ORD02753,2026-02-21,2026-02-21 18:16:00,C0509,Restaurant_07,Mohali,Phase 7,1,150,30.0,25,145,Credit Card,Website,Delivered,Ola Logistics,RD067,6.5,30,34.0,False,5.0,
ORD03493,2026-05-09,2026-05-09 23:44:00,C1106,Restaurant_04,Panchkula,Sector 11,2,300,75.0,40,265,UPI,Restaurant App,Delivered,In-house Rider,RD025,2.3,40,11.0,True,3.0,
ORD03284,2026-03-28,2026-03-28 20:19:00,C0006,Restaurant_18,Panchkula,Sector 15,3,450,0.0,50,500,Wallet,Website,Delivered,In-house Rider,RD109,4.7,45,29.0,True,3.0,
ORD00624,2026-05-12,2026-05-12 16:56:00,C1007,Restaurant_06,Chandigarh,Sector 35,5,1250,50.0,50,1250,UPI,Restaurant App,Cancelled,Not Assigned,Not Assigned,7.6,35,,,,Payment Failed
ORD02636,2026-06-25,2026-06-25 12:49:00,C0835,Restaurant_15,Panchkula,Sector 11,2,240,75.0,25,190,UPI,Website,Delivered,Shadowfax,RD052,9.5,35,40.0,False,4.0,
ORD00283,2026-02-06,2026-02-06 22:45:00,C0322,Restaurant_16,Panchkula,Sector 8,3,840,50.0,25,815,UPI,Restaurant App,Delivered,Shiprocket,RD112,10.0,50,41.0,True,5.0,
ORD03929,2026-01-28,2026-01-28 04:58:00,C0772,Restaurant_07,Chandigarh,Sector 35,5,1400,0.0,30,1430,Wallet,Restaurant App,Delivered,Ola Logistics,RD042,9.5,50,42.0,True,5.0,
ORD02913,2026-05-28,2026-05-28 15:43:00,C0035,Restaurant_09,Chandigarh,Manimajra,5,750,75.0,40,715,Wallet,Restaurant App,Delivered,Shiprocket,RD064,2.7,30,26.0,True,5.0,
ORD01237,2026-05-13,2026-05-13 02:30:00,C0122,Restaurant_07,Mohali,Phase 7,5,750,100.0,20,670,Debit Card,Website,Cancelled,Not Assigned,Not Assigned,7.9,50,,,,Payment Failed
ORD00886,2026-02-11,2026-02-11 07:52:00,C0882,Restaurant_14,Mohali,Phase 3B2,2,440,0.0,50,490,UPI,Website,Delivered,In-house Rider,RD080,4.4,30,23.0,True,2.0,
ORD00724,2026-04-23,2026-04-23 11:19:00,C0501,Restaurant_16,Mohali,Phase 5,5,600,0.0,30,630,Wallet,Website,Delivered,In-house Rider,RD132,3.1,35,27.0,True,2.0,
ORD03092,2026-02-02,2026-02-02 23:11:00,C0489,Restaurant_05,Panchkula,Sector 11,1,150,20.0,25,155,Debit Card,Website,Delivered,In-house Rider,RD077,6.7,50,27.0,True,5.0,
ORD03059,2026-05-06,2026-05-06 17:18:00,C0314,Restaurant_20,Panchkula,Sector 5,2,300,0.0,60,360,Debit Card,Restaurant App,Failed,Not Assigned,Not Assigned,5.9,50,,,,Rider Unavailable
ORD02608,2026-05-04,2026-05-04 20:16:00,C0335,Restaurant_12,Chandigarh,Manimajra,4,1400,30.0,60,1430,Credit Card,Restaurant App,Cancelled,Not Assigned,Not Assigned,7.6,30,,,,Payment Failed
ORD00795,2026-02-07,2026-02-07 14:39:00,C0149,Restaurant_05,Mohali,Phase 5,2,240,30.0,20,230,Debit Card,Website,Delivered,In-house Rider,RD058,6.2,40,20.0,True,4.0,
ORD00732,2026-04-15,2026-04-15 01:18:00,C0011,Restaurant_23,Mohali,Sector 68,5,1250,20.0,40,1270,Cash,Website,Delivered,Shiprocket,RD003,5.9,45,28.0,True,5.0,
ORD01418,2026-02-05,2026-02-05 19:39:00,C0724,Restaurant_14,Mohali,Phase 3B2,4,600,,60,640,UPI,Restaurant App,Delivered,In-house Rider,RD117,,35,30.0,True,,
ORD02912,2026-05-04,2026-05-04 01:40:00,C0213,Restaurant_18,Chandigarh,Sector 34,1,180,100.0,50,130,Cash,Restaurant App,Delivered,Shiprocket,RD052,8.1,35,46.0,False,4.0,
ORD02700,2026-04-26,2026-04-26 18:13:00,C0434,Restaurant_02,Chandigarh,Sector 34,5,1250,100.0,25,1175,Cash,Website,Delivered,Shiprocket,RD004,3.5,40,19.0,True,3.0,
ORD03217,2026-05-25,2026-05-25 10:17:00,C0727,Restaurant_14,Panchkula,Sector 15,2,640,20.0,50,670,Debit Card,Website,Delivered,In-house Rider,RD048,3.9,35,36.0,False,5.0,
ORD02303,2026-05-27,2026-05-27 09:35:00,C1128,Restaurant_12,Panchkula,Sector 8,3,360,30.0,40,370,Cash,Restaurant App,Delivered,Shiprocket,RD035,3.2,50,28.0,True,5.0,
ORD03451,2026-06-19,2026-06-19 03:44:00,C0374,Restaurant_01,Chandigarh,Sector 17,5,1100,50.0,20,1070,Wallet,Website,Failed,Not Assigned,Not Assigned,3.1,35,,,,Address Issue
ORD00392,2026-01-04,2026-01-04 22:21:00,C0540,Restaurant_23,Chandigarh,Sector 22,1,120,0.0,25,145,Debit Card,Website,Delivered,In-house Rider,RD120,0.8,35,17.0,True,5.0,
ORD00403,2026-03-11,2026-03-11 13:33:00,C0887,Restaurant_22,Mohali,Phase 5,4,1400,0.0,50,1450,UPI,Restaurant App,Cancelled,Not Assigned,Not Assigned,0.8,40,,,,Payment Failed
ORD01551,2026-05-23,2026-05-23 04:11:00,C0335,Restaurant_18,Mohali,Phase 7,4,880,75.0,60,865,Cash,Restaurant App,Delivered,In-house Rider,RD111,5.5,40,31.0,True,5.0,
ORD01606,2026-06-02,2026-06-02 11:36:00,C0202,Restaurant_05,Mohali,Sector 68,3,360,75.0,30,315,UPI,Restaurant App,Delivered,In-house Rider,RD008,5.0,50,23.0,True,2.0,
ORD03070,2026-01-17,2026-01-17 15:17:00,C0020,Restaurant_10,Panchkula,Sector 11,2,240,20.0,30,250,UPI,Restaurant App,Delivered,In-house Rider,RD049,5.3,50,24.0,True,5.0,
ORD02438,2026-04-05,2026-04-05 02:07:00,C0164,Restaurant_17,Panchkula,Sector 8,4,1400,50.0,30,1380,Debit Card,Website,Delivered,In-house Rider,RD043,6.2,40,35.0,True,5.0,
ORD00404,2026-06-23,2026-06-23 08:50:00,C0599,Restaurant_15,Panchkula,Sector 11,2,560,30.0,20,550,Cash,Restaurant App,Delivered,In-house Rider,RD027,7.7,45,35.0,True,2.0,
ORD01415,2026-06-04,2026-06-04 03:08:00,C0116,Restaurant_23,Panchkula,Sector 8,3,540,30.0,30,540,Wallet,Restaurant App,Delivered,Shadowfax,RD098,6.3,45,25.0,True,5.0,
ORD03384,2026-05-29,2026-05-29 15:01:00,C0668,Restaurant_18,Panchkula,Sector 11,1,120,30.0,60,150,Cash,Website,Delivered,In-house Rider,RD069,5.6,40,28.0,True,4.0,
ORD00331,2026-03-05,2026-03-05 16:26:00,C0789,Restaurant_14,Mohali,Sector 68,5,750,0.0,60,810,Wallet,Website,Delivered,In-house Rider,RD058,4.8,45,30.0,True,4.0,
ORD02777,2026-02-22,2026-02-22 02:35:00,C0192,Restaurant_02,Panchkula,Sector 8,3,450,100.0,60,410,UPI,Website,Delivered,In-house Rider,RD012,6.3,35,26.0,True,5.0,
ORD02295,2026-04-13,2026-04-13 17:14:00,C0821,Restaurant_12,Mohali,Sector 68,2,700,0.0,20,720,Credit Card,Website,Delivered,In-house Rider,RD118,6.5,50,33.0,True,5.0,
ORD02718,2026-02-07,2026-02-07 20:18:00,C0586,Restaurant_22,Panchkula,Sector 11,5,900,100.0,50,850,Credit Card,Website,Delivered,In-house Rider,RD124,3.1,40,30.0,True,4.0,
ORD03696,2026-02-14,2026-02-14 14:24:00,C0576,Restaurant_12,Chandigarh,Sector 17,3,660,0.0,20,680,UPI,Website,Cancelled,Not Assigned,Not Assigned,5.2,40,,,,Payment Failed
ORD02986,2026-01-12,2026-01-12 08:18:00,C0646,Restaurant_25,Panchkula,Sector 15,5,1250,50.0,25,1225,Debit Card,Website,Delivered,In-house Rider,RD015,4.3,35,15.0,True,5.0,
ORD01038,2026-06-23,2026-06-23 11:27:00,C0653,Restaurant_18,Panchkula,Sector 5,4,1400,0.0,40,1440,UPI,Restaurant App,Delivered,In-house Rider,RD063,5.5,40,37.0,True,4.0,
ORD02659,2026-06-18,2026-06-18 20:44:00,C0024,Restaurant_05,Mohali,Sector 68,4,1600,100.0,20,1520,UPI,Restaurant App,Delivered,Shadowfax,RD096,7.2,35,32.0,True,3.0,
ORD00025,2026-03-03,2026-03-03 07:50:00,C0133,Restaurant_04,Panchkula,Sector 11,1,120,30.0,30,120,Credit Card,Website,Delivered,Ola Logistics,RD089,3.1,30,26.0,True,2.0,
ORD00452,2026-04-20,2026-04-20 09:34:00,C0472,Restaurant_22,Mohali,Phase 5,4,1600,30.0,20,1590,UPI,Website,Delivered,Shiprocket,RD109,3.4,30,32.0,False,5.0,
ORD00386,2026-02-22,2026-02-22 20:33:00,C0606,Restaurant_01,Panchkula,Sector 5,3,1050,100.0,25,975,Debit Card,Restaurant App,Cancelled,Not Assigned,Not Assigned,3.5,50,,,,Rider Unavailable
ORD00638,2026-05-05,2026-05-05 12:27:00,C1110,Restaurant_21,Panchkula,Sector 11,1,250,75.0,25,200,Wallet,Website,Delivered,Shadowfax,RD061,3.3,45,113.0,False,5.0,
ORD00597,2026-02-21,2026-02-21 09:35:00,C1028,Restaurant_23,Panchkula,Sector 5,2,360,0.0,40,400,Debit Card,Restaurant App,Failed,Not Assigned,Not Assigned,6.5,30,,,,Rider Unavailable
ORD02667,2026-02-28,2026-02-28 04:19:00,C1057,Restaurant_25,Mohali,Sector 68,4,1000,50.0,25,975,Cash,Website,Delivered,In-house Rider,RD049,3.2,30,25.0,True,5.0,
ORD00866,2026-05-17,2026-05-17 12:39:00,C0341,Restaurant_04,Chandigarh,Sector 17,3,750,20.0,60,790,Debit Card,Website,Delivered,In-house Rider,RD080,5.5,45,29.0,True,5.0,
ORD00350,2026-03-18,2026-03-18 12:40:00,C0031,Restaurant_04,Mohali,Phase 3B2,4,600,30.0,30,600,Cash,Website,Delivered,In-house Rider,RD056,5.5,40,41.0,False,4.0,
ORD00129,2026-05-17,2026-05-17 11:03:00,C0283,Restaurant_07,Panchkula,Sector 11,2,560,0.0,40,600,Wallet,Website,Delivered,Shadowfax,RD075,4.5,45,26.0,True,4.0,
ORD01051,2026-03-09,2026-03-09 04:29:00,C0268,Restaurant_04,Panchkula,Sector 8,3,1050,100.0,25,975,Debit Card,Website,Delivered,In-house Rider,RD024,4.6,45,27.0,True,4.0,
ORD01620,2026-06-10,2026-06-10 01:05:00,C0691,Restaurant_14,Panchkula,Sector 8,4,1400,100.0,50,1350,Debit Card,Restaurant App,Delivered,Ola Logistics,RD046,7.6,45,39.0,True,5.0,
ORD01991,2026-02-26,2026-02-26 06:34:00,C0807,Restaurant_12,Chandigarh,Manimajra,2,700,30.0,50,720,Cash,Website,Delivered,In-house Rider,RD087,4.0,45,24.0,True,5.0,
ORD02708,2026-04-17,2026-04-17 10:28:00,C0203,Restaurant_12,Mohali,Sector 68,2,440,100.0,60,400,Cash,Restaurant App,Delivered,In-house Rider,RD044,5.5,50,38.0,True,2.0,
ORD00384,2026-01-28,2026-01-28 14:17:00,C0859,Restaurant_01,Chandigarh,Sector 22,4,1120,50.0,50,1120,Wallet,Website,Delivered,In-house Rider,RD124,4.0,50,33.0,True,4.0,
ORD03347,2026-03-03,2026-03-03 14:39:00,C0380,Restaurant_09,Mohali,Phase 7,1,280,100.0,30,210,UPI,Restaurant App,Delivered,In-house Rider,RD007,5.8,30,37.0,False,5.0,
ORD00207,2026-04-30,2026-04-30 03:11:00,C0917,Restaurant_20,Mohali,Sector 68,4,1600,100.0,40,1540,UPI,Website,Delivered,Shadowfax,RD149,2.3,45,19.0,True,5.0,
ORD01452,2026-01-11,2026-01-11 01:51:00,C1062,Restaurant_14,Panchkula,Sector 11,1,150,100.0,40,90,Credit Card,Restaurant App,Delivered,Shadowfax,RD022,5.2,45,32.0,True,4.0,
ORD03679,2026-01-27,2026-01-27 23:00:00,C0575,Restaurant_13,Panchkula,Sector 5,1,220,0.0,60,280,Debit Card,Website,Delivered,Shadowfax,RD038,1.0,50,10.0,True,3.0,
ORD00174,2026-05-16,2026-05-16 01:30:00,C1174,Restaurant_17,Mohali,Phase 7,3,1050,75.0,20,995,UPI,Restaurant App,Delivered,Shiprocket,RD062,4.7,50,36.0,True,5.0,
ORD03576,2026-05-14,2026-05-14 02:40:00,C0077,Restaurant_22,Panchkula,Sector 8,5,2000,50.0,30,1980,Debit Card,Website,Delivered,In-house Rider,RD091,5.6,50,32.0,True,3.0,
ORD03456,2026-04-03,2026-04-03 09:47:00,C0470,Restaurant_07,Panchkula,Sector 5,4,1000,100.0,60,960,UPI,Restaurant App,Delivered,In-house Rider,RD129,4.3,45,87.0,False,5.0,
ORD00265,2026-01-31,2026-01-31 11:17:00,C0800,Restaurant_06,Mohali,Phase 5,3,840,0.0,30,870,Debit Card,Restaurant App,Delivered,In-house Rider,RD045,5.4,35,40.0,False,5.0,
ORD00029,2026-03-07,2026-03-07 11:08:00,C0482,Restaurant_01,Panchkula,Sector 15,5,1250,0.0,60,1310,UPI,Restaurant App,Delivered,In-house Rider,RD085,5.7,40,32.0,True,4.0,
ORD02522,2026-02-24,2026-02-24 06:02:00,C0909,Restaurant_07,Chandigarh,Sector 17,4,880,0.0,30,910,Wallet,Restaurant App,Failed,Not Assigned,Not Assigned,5.8,50,,,,Address Issue
ORD01985,2026-02-01,2026-02-01 08:13:00,C1073,Restaurant_22,Panchkula,Sector 15,3,840,100.0,40,780,Wallet,Restaurant App,Failed,Not Assigned,Not Assigned,2.2,50,,,,Restaurant Delay
ORD03760,2026-03-31,2026-03-31 02:02:00,C0149,Restaurant_12,Mohali,Sector 68,3,360,0.0,40,400,Debit Card,Restaurant App,Delivered,In-house Rider,RD124,1.9,50,13.0,True,3.0,
ORD02585,2026-04-01,2026-04-01 20:49:00,C1005,Restaurant_04,Panchkula,Sector 5,4,1280,75.0,25,1230,Cash,Restaurant App,Delivered,In-house Rider,RD067,8.3,30,44.0,False,4.0,
ORD00850,2026-01-24,2026-01-24 01:36:00,C0672,Restaurant_10,Mohali,Phase 7,4,1120,75.0,25,1070,Wallet,Website,Delivered,Ola Logistics,RD122,5.1,30,19.0,True,5.0,
ORD03443,2026-04-05,2026-04-05 04:15:00,C1013,Restaurant_23,Panchkula,Sector 8,5,750,75.0,60,735,Cash,Website,Delivered,Shiprocket,RD082,4.9,40,37.0,True,4.0,
ORD00820,2026-02-28,2026-02-28 09:39:00,C1032,Restaurant_18,Chandigarh,Sector 34,4,880,0.0,60,940,Credit Card,Restaurant App,Delivered,Shadowfax,RD009,6.7,35,36.0,False,5.0,
ORD00727,2026-01-03,2026-01-03 16:10:00,C0332,Restaurant_19,Mohali,Phase 3B2,4,1280,20.0,50,1310,UPI,Restaurant App,Delivered,In-house Rider,RD049,5.7,45,30.0,True,5.0,
ORD01328,2026-02-04,2026-02-04 00:36:00,C0846,Restaurant_17,Chandigarh,Sector 34,4,1280,100.0,30,1210,Wallet,Restaurant App,Cancelled,Not Assigned,Not Assigned,1.6,35,,,,Restaurant Delay
ORD03829,2026-05-04,2026-05-04 19:18:00,C0273,Restaurant_15,Mohali,Sector 68,2,240,50.0,30,220,UPI,Website,Delivered,Ola Logistics,RD109,2.5,30,23.0,True,4.0,
ORD03379,2026-06-14,2026-06-14 12:12:00,C0662,Restaurant_22,Panchkula,Sector 5,1,180,100.0,30,110,Credit Card,Restaurant App,Failed,Not Assigned,Not Assigned,4.3,40,,,,Customer Cancelled
ORD00794,2026-06-02,2026-06-02 00:57:00,C0693,Restaurant_03,Chandigarh,Manimajra,1,280,0.0,60,340,Credit Card,Restaurant App,Delivered,Shiprocket,RD076,8.5,35,48.0,False,5.0,
ORD00593,2026-05-22,2026-05-22 05:54:00,C0968,Restaurant_12,Chandigarh,Sector 35,4,1280,0.0,25,1305,Wallet,Website,Delivered,Shadowfax,RD064,5.2,30,30.0,True,5.0,
ORD01594,2026-03-02,2026-03-02 19:44:00,C0624,Restaurant_03,Chandigarh,Manimajra,1,180,0.0,20,200,Wallet,Website,Delivered,In-house Rider,RD077,3.5,40,26.0,True,5.0,
ORD03907,2026-01-15,2026-01-15 21:24:00,C0766,Restaurant_01,Chandigarh,Sector 22,2,700,0.0,50,750,Cash,Website,Delivered,In-house Rider,RD131,2.2,45,91.0,False,4.0,
ORD00414,2026-01-30,2026-01-30 23:45:00,C0432,Restaurant_12,Mohali,Sector 68,3,1050,0.0,30,1080,Credit Card,Website,Delivered,Ola Logistics,RD150,5.8,50,38.0,True,5.0,
ORD00525,2026-01-06,2026-01-06 04:44:00,C0886,Restaurant_11,Mohali,Phase 7,5,1400,30.0,60,1430,Debit Card,Website,Delivered,Shiprocket,RD088,8.5,30,42.0,False,5.0,
ORD02827,2026-02-18,2026-02-18 21:52:00,C0160,Restaurant_03,Mohali,Phase 3B2,2,240,100.0,20,160,Wallet,Website,Delivered,In-house Rider,RD148,6.7,30,37.0,False,4.0,
ORD02175,2026-02-17,2026-02-17 17:59:00,C0657,Restaurant_15,Chandigarh,Sector 22,5,1100,50.0,50,1100,Debit Card,Restaurant App,Delivered,Ola Logistics,RD083,3.0,35,26.0,True,5.0,
ORD03722,2026-05-25,2026-05-25 23:29:00,C0159,Restaurant_11,Panchkula,Sector 5,5,1750,0.0,20,1770,Credit Card,Restaurant App,Delivered,Shiprocket,RD034,1.7,30,32.0,False,5.0,
ORD00707,2026-01-02,2026-01-02 05:54:00,C0070,Restaurant_14,Chandigarh,Sector 17,5,1600,0.0,25,1625,UPI,Restaurant App,Delivered,Ola Logistics,RD040,2.7,45,25.0,True,5.0,
ORD03785,2026-02-09,2026-02-09 21:23:00,C0626,Restaurant_17,Panchkula,Sector 8,5,1750,30.0,30,1750,Cash,Restaurant App,Delivered,Shadowfax,RD086,4.6,45,31.0,True,5.0,
ORD00010,2026-03-19,2026-03-19 13:50:00,C0461,Restaurant_19,Chandigarh,Sector 22,3,1200,0.0,30,1230,Debit Card,Restaurant App,Cancelled,Not Assigned,Not Assigned,4.0,50,,,,Rider Unavailable
ORD01666,2026-04-15,2026-04-15 21:44:00,C0873,Restaurant_19,Mohali,Sector 68,2,560,30.0,20,550,Cash,Restaurant App,Delivered,In-house Rider,RD078,5.0,30,31.0,False,5.0,
ORD01659,2026-06-15,2026-06-15 17:25:00,C0232,Restaurant_19,Panchkula,Sector 5,4,600,75.0,30,555,Cash,Website,Delivered,Shiprocket,RD008,5.3,30,42.0,False,5.0,
ORD03987,2026-05-21,2026-05-21 16:48:00,C0268,Restaurant_08,Panchkula,Sector 11,5,1600,20.0,20,1600,Credit Card,Website,Delivered,Ola Logistics,RD065,4.5,45,29.0,True,4.0,
ORD03019,2026-05-26,2026-05-26 03:47:00,C0531,Restaurant_02,Chandigarh,Sector 34,2,240,0.0,50,290,Debit Card,Website,Delivered,In-house Rider,RD093,4.9,30,37.0,False,5.0,
ORD00542,2026-06-03,2026-06-03 01:27:00,C0518,Restaurant_23,Chandigarh,Manimajra,3,960,75.0,25,910,Wallet,Restaurant App,Delivered,Shiprocket,RD005,6.2,35,35.0,True,5.0,
ORD00512,2026-01-20,2026-01-20 16:01:00,C1187,Restaurant_09,Panchkula,Sector 11,2,440,0.0,20,460,Wallet,Restaurant App,Delivered,In-house Rider,RD087,3.1,35,29.0,True,5.0,
ORD02056,2026-01-08,2026-01-08 04:36:00,C0869,Restaurant_07,Mohali,Phase 5,4,880,75.0,40,845,Wallet,Restaurant App,Delivered,Ola Logistics,RD073,7.4,45,38.0,True,5.0,
ORD03787,2026-06-28,2026-06-28 17:56:00,C0579,Restaurant_17,Panchkula,Sector 8,3,660,100.0,30,590,UPI,Restaurant App,Delivered,In-house Rider,RD006,7.0,40,44.0,False,5.0,
ORD03430,2026-04-27,2026-04-27 01:38:00,C0993,Restaurant_18,Panchkula,Sector 15,1,350,30.0,50,370,Cash,Restaurant App,Delivered,Shadowfax,RD006,6.1,40,38.0,True,4.0,
ORD02061,2026-01-06,2026-01-06 08:43:00,C0197,Restaurant_20,Mohali,Phase 3B2,3,360,0.0,60,420,Wallet,Website,Delivered,Shadowfax,RD101,4.6,35,23.0,True,4.0,
ORD03266,2026-04-18,2026-04-18 15:52:00,C0214,Restaurant_25,Chandigarh,Manimajra,1,400,0.0,50,450,Cash,Website,Delivered,Shiprocket,RD044,7.4,35,45.0,False,2.0,
ORD01299,2026-02-19,2026-02-19 13:49:00,C0871,Restaurant_04,Panchkula,Sector 8,5,1600,0.0,60,1660,Debit Card,Website,Delivered,In-house Rider,RD118,4.6,50,34.0,True,5.0,
ORD00240,2026-06-20,2026-06-20 19:08:00,C0999,Restaurant_10,Mohali,Phase 3B2,1,120,0.0,40,160,UPI,Website,Delivered,In-house Rider,RD085,7.2,50,26.0,True,5.0,
ORD01087,2026-02-17,2026-02-17 20:13:00,C0809,Restaurant_22,Mohali,Sector 68,5,1600,75.0,40,1565,Debit Card,Website,Delivered,In-house Rider,RD011,6.0,30,35.0,False,5.0,
ORD00069,2026-03-27,2026-03-27 20:12:00,C0338,Restaurant_24,Panchkula,Sector 8,2,700,0.0,20,720,Cash,Website,Delivered,In-house Rider,RD056,2.0,50,19.0,True,3.0,
ORD02591,2026-04-09,2026-04-09 07:02:00,C0587,Restaurant_06,Chandigarh,Sector 34,5,600,75.0,60,585,Wallet,Website,Delivered,Shadowfax,RD119,5.5,45,22.0,True,4.0,
ORD00549,2026-02-19,2026-02-19 23:20:00,C0745,Restaurant_17,Panchkula,Sector 8,3,960,0.0,30,990,Wallet,Restaurant App,Failed,Not Assigned,Not Assigned,1.9,40,,,,Address Issue
ORD00552,2026-02-21,2026-02-21 02:22:00,C0776,Restaurant_22,Panchkula,Sector 5,2,440,0.0,25,465,Cash,Website,Failed,Not Assigned,Not Assigned,1.7,40,,,,Rider Unavailable
ORD03883,2026-05-10,2026-05-10 19:16:00,C0460,Restaurant_23,Panchkula,Sector 15,4,1120,100.0,60,1080,Credit Card,Restaurant App,Delivered,Shadowfax,RD025,10.0,40,44.0,False,5.0,
ORD00591,2026-02-01,2026-02-01 17:47:00,C0006,Restaurant_07,Panchkula,Sector 5,3,450,50.0,40,440,UPI,Restaurant App,Delivered,Ola Logistics,RD091,4.9,40,23.0,True,5.0,
ORD03411,2026-05-19,2026-05-19 12:17:00,C0061,Restaurant_24,Panchkula,Sector 15,1,400,20.0,30,410,Debit Card,Restaurant App,Delivered,In-house Rider,RD061,5.0,40,37.0,True,4.0,
ORD01329,2026-01-24,2026-01-24 18:10:00,C0897,Restaurant_07,Mohali,Sector 68,1,250,30.0,40,260,UPI,Website,Delivered,Shiprocket,RD066,3.3,50,27.0,True,5.0,
ORD02030,2026-03-24,2026-03-24 15:59:00,C1072,Restaurant_25,Panchkula,Sector 8,4,600,30.0,60,630,Credit Card,Restaurant App,Cancelled,Not Assigned,Not Assigned,2.9,30,,,,Restaurant Delay
ORD02890,2026-01-24,2026-01-24 09:46:00,C0618,Restaurant_09,Panchkula,Sector 8,2,240,0.0,30,270,Wallet,Website,Failed,Not Assigned,Not Assigned,2.7,30,,,,Payment Failed
ORD01694,2026-03-21,2026-03-21 06:04:00,C0472,Restaurant_03,Panchkula,Sector 11,5,2000,0.0,20,2020,Credit Card,Restaurant App,Failed,Not Assigned,Not Assigned,5.8,35,,,,Address Issue
ORD00109,2026-04-15,2026-04-15 22:01:00,C0973,Restaurant_18,Chandigarh,Sector 35,4,1400,0.0,40,1440,Debit Card,Website,Delivered,Ola Logistics,RD101,5.4,40,31.0,True,5.0,
ORD02959,2026-04-07,2026-04-07 10:55:00,C0901,Restaurant_23,Chandigarh,Sector 17,4,1400,75.0,40,1365,UPI,Restaurant App,Delivered,In-house Rider,RD014,4.1,35,15.0,True,5.0,
ORD03003,2026-05-07,2026-05-07 06:35:00,C0342,Restaurant_20,Panchkula,Sector 5,5,900,0.0,40,940,Wallet,Website,Delivered,In-house Rider,RD041,9.7,35,52.0,False,4.0,
ORD00668,2026-02-28,2026-02-28 18:00:00,C0142,Restaurant_04,Panchkula,Sector 5,1,320,100.0,25,245,Cash,Restaurant App,Delivered,Ola Logistics,RD103,6.5,40,36.0,True,5.0,
ORD01942,2026-02-17,2026-02-17 09:24:00,C0800,Restaurant_02,Mohali,Sector 68,4,1600,100.0,60,1560,Cash,Website,Delivered,In-house Rider,RD123,9.7,35,47.0,False,5.0,
ORD03950,2026-02-01,2026-02-01 08:17:00,C0960,Restaurant_09,Chandigarh,Sector 22,5,600,30.0,20,2800,Cash,Website,Delivered,In-house Rider,RD014,5.3,45,37.0,True,4.0,
ORD01057,2026-04-05,2026-04-05 14:15:00,C0343,Restaurant_11,Chandigarh,Sector 17,2,800,0.0,50,850,UPI,Restaurant App,Delivered,Ola Logistics,RD071,2.3,50,15.0,True,4.0,
ORD03340,2026-04-10,2026-04-10 03:05:00,C0514,Restaurant_03,Chandigarh,Sector 17,4,1600,75.0,25,1550,Debit Card,Website,Delivered,In-house Rider,RD083,5.2,50,32.0,True,5.0,
ORD02511,2026-03-09,2026-03-09 19:56:00,C0193,Restaurant_09,Chandigarh,Sector 35,2,300,0.0,40,340,UPI,Restaurant App,Delivered,Shiprocket,RD105,7.0,45,39.0,True,2.0,
ORD00572,2026-04-23,2026-04-23 08:34:00,C0677,Restaurant_23,Mohali,Phase 5,1,350,50.0,20,320,Credit Card,Restaurant App,Delivered,In-house Rider,RD121,0.8,50,13.0,True,1.0,
ORD03853,2026-05-04,2026-05-04 17:53:00,C1026,Restaurant_16,Chandigarh,Sector 35,5,1750,100.0,20,1670,Cash,Website,Cancelled,Not Assigned,Not Assigned,5.4,50,,,,Customer Cancelled
ORD01824,2026-04-23,2026-04-23 05:06:00,C0215,Restaurant_21,Chandigarh,Sector 34,1,220,0.0,60,280,Debit Card,Restaurant App,Cancelled,Not Assigned,Not Assigned,1.7,45,,,,Address Issue
ORD03148,2026-04-25,2026-04-25 09:56:00,C0835,Restaurant_18,Chandigarh,Sector 17,1,400,75.0,30,355,UPI,Restaurant App,Delivered,Shadowfax,RD092,5.1,30,37.0,False,5.0,
ORD01653,2026-05-11,2026-05-11 05:19:00,C1061,Restaurant_12,Chandigarh,Sector 34,4,480,0.0,50,530,Cash,Restaurant App,Delivered,Ola Logistics,RD025,5.1,40,34.0,True,5.0,
ORD03247,2026-01-07,2026-01-07 20:34:00,C0079,Restaurant_06,Panchkula,Sector 15,5,900,50.0,30,880,Cash,Website,Delivered,Shiprocket,RD005,4.4,30,25.0,True,5.0,
ORD01671,2026-02-08,2026-02-08 04:58:00,C0604,Restaurant_06,Chandigarh,Manimajra,3,750,100.0,60,710,Debit Card,Website,Delivered,In-house Rider,RD067,9.7,35,40.0,False,5.0,
ORD03654,2026-04-17,2026-04-17 01:52:00,C0938,Restaurant_19,Chandigarh,Sector 17,5,750,100.0,60,710,UPI,Restaurant App,Cancelled,Not Assigned,Not Assigned,7.9,30,,,,Restaurant Delay
ORD02531,2026-01-10,2026-01-10 04:13:00,C0470,Restaurant_05,Panchkula,Sector 11,3,360,100.0,50,310,Wallet,Restaurant App,Delivered,Ola Logistics,RD030,4.4,35,30.0,True,2.0,
ORD01035,2026-01-11,2026-01-11 10:47:00,C0937,Restaurant_07,Chandigarh,Sector 35,4,720,100.0,30,650,UPI,Website,Cancelled,Not Assigned,Not Assigned,7.6,40,,,,Rider Unavailable
ORD03357,2026-02-13,2026-02-13 16:24:00,C0493,Restaurant_10,Panchkula,Sector 5,4,1000,100.0,60,960,Cash,Website,Delivered,In-house Rider,RD043,6.4,35,39.0,False,4.0,
ORD01999,2026-06-05,2026-06-05 04:16:00,C0187,Restaurant_20,Chandigarh,Sector 22,4,1600,100.0,60,1560,Debit Card,Restaurant App,Delivered,In-house Rider,RD100,3.8,40,27.0,True,5.0,
ORD02290,2026-02-10,2026-02-10 14:42:00,C0294,Restaurant_12,Mohali,Phase 5,5,1250,100.0,30,1180,Cash,Website,Delivered,In-house Rider,RD084,3.3,35,27.0,True,5.0,
ORD03592,2026-06-09,2026-06-09 02:41:00,C0522,Restaurant_02,Chandigarh,Sector 34,1,280,75.0,60,265,UPI,Restaurant App,Delivered,In-house Rider,RD092,2.3,50,24.0,True,5.0,
ORD02322,2026-01-01,2026-01-01 02:57:00,C0751,Restaurant_05,Chandigarh,Manimajra,1,280,0.0,40,320,Wallet,Website,Failed,Not Assigned,Not Assigned,7.1,40,,,,Restaurant Delay
ORD00517,2026-02-09,2026-02-09 01:15:00,C1159,Restaurant_12,Mohali,Phase 7,2,440,30.0,20,430,Cash,Website,Delivered,Shadowfax,RD117,11.1,45,47.0,False,4.0,
ORD01444,2026-01-06,2026-01-06 19:31:00,C0512,Restaurant_25,Mohali,Phase 7,2,560,0.0,40,600,Wallet,Website,Delivered,Ola Logistics,RD089,9.7,40,45.0,False,3.0,
ORD03668,2026-03-31,2026-03-31 06:22:00,C0978,Restaurant_06,Panchkula,Sector 15,1,180,0.0,40,220,Cash,Restaurant App,Delivered,Shadowfax,RD030,2.6,50,17.0,True,4.0,
ORD00464,2026-03-30,2026-03-30 07:10:00,C1064,Restaurant_22,Panchkula,Sector 5,4,600,0.0,25,625,UPI,Website,Delivered,In-house Rider,RD117,0.8,45,10.0,True,2.0,
ORD00482,2026-04-16,2026-04-16 14:46:00,C0016,Restaurant_08,Mohali,Phase 5,4,480,75.0,50,455,Credit Card,Restaurant App,Delivered,Shiprocket,RD069,2.7,45,31.0,True,5.0,
ORD02282,2026-01-31,2026-01-31 06:04:00,C0216,Restaurant_19,Chandigarh,Sector 34,1,220,75.0,40,185,Credit Card,Restaurant App,Delivered,In-house Rider,RD137,2.9,40,28.0,True,5.0,
ORD00675,2026-06-21,2026-06-21 19:26:00,C0952,Restaurant_23,Mohali,Phase 5,3,360,75.0,60,345,Cash,Website,Delivered,Ola Logistics,RD127,8.4,50,41.0,True,5.0,
ORD03743,2026-02-05,2026-02-05 05:14:00,C0544,Restaurant_18,Chandigarh,Sector 34,1,350,30.0,20,340,Wallet,Restaurant App,Delivered,Shiprocket,RD123,7.3,30,30.0,True,5.0,
ORD01170,2026-01-30,2026-01-30 14:31:00,C0235,Restaurant_16,Panchkula,Sector 11,1,150,50.0,30,130,UPI,Restaurant App,Delivered,In-house Rider,RD060,5.3,35,31.0,True,5.0,
ORD00218,2026-01-01,2026-01-01 11:35:00,C0026,Restaurant_16,Mohali,Phase 7,2,500,20.0,60,540,Debit Card,Website,Delivered,Ola Logistics,RD091,3.9,35,28.0,True,2.0,
ORD02164,2026-01-10,2026-01-10 06:39:00,C0875,Restaurant_06,Chandigarh,Sector 17,2,440,50.0,30,420,Wallet,Website,Delivered,In-house Rider,RD043,6.9,30,34.0,False,4.0,
ORD00135,2026-03-30,2026-03-30 02:07:00,C0584,Restaurant_15,Mohali,Phase 7,1,220,30.0,30,220,Credit Card,Website,Delivered,Shadowfax,RD043,5.7,30,29.0,True,5.0,
ORD00343,2026-02-01,2026-02-01 13:01:00,C0133,Restaurant_05,Panchkula,Sector 5,5,1600,75.0,60,1585,Wallet,Restaurant App,Delivered,In-house Rider,RD056,7.1,30,105.0,False,5.0,
ORD02359,2026-03-15,2026-03-15 15:58:00,C0021,Restaurant_25,Panchkula,Sector 11,2,360,0.0,30,390,Debit Card,Restaurant App,Cancelled,Not Assigned,Not Assigned,5.8,50,,,,Customer Cancelled
ORD00465,2026-02-01,2026-02-01 07:52:00,C0654,Restaurant_24,Panchkula,Sector 5,1,120,75.0,20,80,Cash,Restaurant App,Delivered,In-house Rider,RD098,10.1,30,47.0,False,5.0,
ORD03670,2026-03-26,2026-03-26 13:01:00,C0355,Restaurant_04,Panchkula,Sector 15,1,220,0.0,40,260,Cash,Website,Delivered,In-house Rider,RD017,8.6,35,84.0,False,4.0,
ORD00087,2026-02-22,2026-02-22 23:03:00,C1067,Restaurant_16,Mohali,Phase 3B2,2,300,20.0,30,310,Wallet,Restaurant App,Delivered,Ola Logistics,RD069,4.5,40,29.0,True,5.0,
ORD03103,2026-06-08,2026-06-08 18:54:00,C0945,Restaurant_11,Mohali,Sector 68,2,360,30.0,50,380,Cash,Website,Failed,Not Assigned,Not Assigned,0.8,40,,,,Customer Cancelled
ORD00420,2026-02-06,2026-02-06 09:37:00,C0413,Restaurant_11,Chandigarh,Sector 34,2,440,30.0,20,430,UPI,Restaurant App,Delivered,Ola Logistics,RD128,6.8,40,41.0,False,5.0,
ORD00566,2026-04-26,2026-04-26 21:25:00,C0125,Restaurant_08,Mohali,Phase 5,2,240,100.0,50,190,Debit Card,Website,Delivered,Shiprocket,RD140,2.8,35,29.0,True,4.0,
ORD01130,2026-01-02,2026-01-02 15:20:00,C0955,Restaurant_11,Mohali,Phase 5,2,240,0.0,60,300,Debit Card,Website,Delivered,In-house Rider,RD033,4.2,30,38.0,False,5.0,
ORD03557,2026-02-11,2026-02-11 20:30:00,C0773,Restaurant_01,Chandigarh,Sector 22,3,540,0.0,40,580,Debit Card,Restaurant App,Delivered,In-house Rider,RD024,4.0,45,25.0,True,5.0,
ORD00729,2026-04-29,2026-04-29 17:48:00,C0205,Restaurant_25,Mohali,Phase 5,5,1400,0.0,25,1425,Wallet,Website,Delivered,In-house Rider,RD043,7.4,35,38.0,False,3.0,
ORD03742,2026-04-17,2026-04-17 13:55:00,C0043,Restaurant_03,Mohali,Phase 5,2,800,75.0,60,785,Wallet,Restaurant App,Delivered,In-house Rider,RD027,2.9,35,24.0,True,5.0,
ORD00133,2026-05-11,2026-05-11 20:18:00,C0863,Restaurant_16,Chandigarh,Sector 17,4,600,30.0,20,590,Credit Card,Restaurant App,Delivered,Shadowfax,RD068,1.5,35,24.0,True,5.0,
ORD02505,2026-01-21,2026-01-21 00:44:00,C0544,Restaurant_15,Mohali,Phase 7,2,500,0.0,60,560,Credit Card,Restaurant App,Cancelled,Not Assigned,Not Assigned,7.0,50,,,,Payment Failed
ORD02212,2026-03-16,2026-03-16 22:15:00,C0528,Restaurant_01,Mohali,Phase 7,4,1120,100.0,20,1040,UPI,Restaurant App,Delivered,In-house Rider,RD048,5.9,30,27.0,True,5.0,
ORD02373,2026-03-25,2026-03-25 17:04:00,C0067,Restaurant_20,Panchkula,Sector 15,3,540,20.0,25,545,UPI,Website,Failed,Not Assigned,Not Assigned,7.8,50,,,,Address Issue
ORD03861,2026-01-12,2026-01-12 17:21:00,C0017,Restaurant_10,Panchkula,Sector 5,2,240,30.0,60,270,Debit Card,Website,Delivered,In-house Rider,RD090,4.2,30,31.0,False,5.0,
ORD02500,2026-05-09,2026-05-09 08:06:00,C0829,Restaurant_01,Chandigarh,Sector 34,3,660,75.0,25,610,Credit Card,Website,Delivered,In-house Rider,RD065,6.7,45,95.0,False,5.0,
ORD01563,2026-01-18,2026-01-18 08:23:00,C0668,Restaurant_03,Mohali,Phase 7,2,560,50.0,40,550,Wallet,Restaurant App,Delivered,In-house Rider,RD111,7.1,30,34.0,False,5.0,
ORD03933,2026-06-10,2026-06-10 13:31:00,C0818,Restaurant_13,Mohali,Sector 68,5,600,20.0,30,610,Cash,Restaurant App,Failed,Not Assigned,Not Assigned,5.9,30,,,,Restaurant Delay
ORD00157,2026-02-14,2026-02-14 21:01:00,C0456,Restaurant_21,Panchkula,Sector 15,5,1250,30.0,50,1270,UPI,Website,Delivered,Ola Logistics,RD007,2.1,35,17.0,True,3.0,
ORD01588,2026-05-21,2026-05-21 15:00:00,C0093,Restaurant_16,Mohali,Sector 68,4,1280,20.0,25,1285,Credit Card,Website,Delivered,In-house Rider,RD111,5.2,30,23.0,True,5.0,
ORD00749,2026-05-30,2026-05-30 19:38:00,C0832,Restaurant_01,Mohali,Phase 7,5,1250,30.0,60,1280,UPI,Website,Delivered,In-house Rider,RD018,1.2,45,12.0,True,5.0,
ORD02635,2026-05-02,2026-05-02 08:53:00,C0251,Restaurant_22,Panchkula,Sector 11,4,1400,100.0,60,1360,Debit Card,Website,Delivered,In-house Rider,RD126,3.5,30,15.0,True,5.0,
ORD02557,2026-04-22,2026-04-22 09:53:00,C0909,Restaurant_03,Panchkula,Sector 5,3,960,0.0,40,1000,Wallet,Website,Cancelled,Not Assigned,Not Assigned,5.5,35,,,,Restaurant Delay
ORD01175,2026-04-07,2026-04-07 07:08:00,C0734,Restaurant_16,Chandigarh,Sector 17,1,120,30.0,30,120,UPI,Website,Delivered,In-house Rider,RD103,6.0,40,30.0,True,5.0,
ORD03506,2026-04-14,2026-04-14 21:33:00,C0304,Restaurant_18,Mohali,Sector 68,1,180,0.0,30,210,Cash,Restaurant App,Delivered,In-house Rider,RD117,6.2,30,30.0,True,4.0,
ORD02717,2026-04-28,2026-04-28 22:49:00,C0467,Restaurant_12,Chandigarh,Manimajra,1,180,0.0,60,240,Debit Card,Restaurant App,Delivered,Shiprocket,RD073,4.1,50,33.0,True,3.0,
ORD02009,2026-06-29,2026-06-29 05:12:00,C1023,Restaurant_01,Panchkula,Sector 15,3,1200,100.0,30,1130,Cash,Restaurant App,Cancelled,Not Assigned,Not Assigned,3.1,30,,,,Customer Cancelled
ORD00895,2026-04-15,2026-04-15 04:33:00,C0603,Restaurant_08,Panchkula,Sector 8,4,880,100.0,50,830,UPI,Restaurant App,Delivered,In-house Rider,RD127,10.2,50,44.0,True,5.0,
ORD01992,2026-05-20,2026-05-20 14:06:00,C0910,Restaurant_14,Mohali,Sector 68,2,560,100.0,50,510,Cash,Restaurant App,Delivered,In-house Rider,RD105,4.9,35,27.0,True,5.0,
ORD00138,2026-01-05,2026-01-05 05:06:00,C1009,Restaurant_07,Chandigarh,Sector 22,1,150,0.0,40,190,Wallet,Website,Delivered,Ola Logistics,RD043,6.3,45,32.0,True,4.0,
ORD02239,2026-05-11,2026-05-11 03:13:00,C0856,Restaurant_09,Panchkula,Sector 15,3,840,0.0,50,890,Cash,Restaurant App,Delivered,Shiprocket,RD022,5.3,35,30.0,True,4.0,
ORD03213,2026-05-19,2026-05-19 14:02:00,C0011,Restaurant_01,Panchkula,Sector 11,4,480,0.0,25,505,Debit Card,Website,Delivered,Shadowfax,RD077,6.4,45,33.0,True,4.0,
ORD03386,2026-02-03,2026-02-03 12:31:00,C0939,Restaurant_19,Chandigarh,Sector 22,4,1400,20.0,30,1410,Cash,Restaurant App,Cancelled,Not Assigned,Not Assigned,2.8,35,,,,Payment Failed
ORD01471,2026-01-31,2026-01-31 10:21:00,C0512,Restaurant_06,Chandigarh,Sector 22,1,350,30.0,50,370,Debit Card,Restaurant App,Delivered,Shadowfax,RD029,5.8,40,36.0,True,5.0,
ORD01140,2026-06-26,2026-06-26 23:46:00,C0212,Restaurant_09,Chandigarh,Manimajra,4,1400,30.0,40,1410,Credit Card,Restaurant App,Failed,Not Assigned,Not Assigned,6.8,30,,,,Restaurant Delay
ORD02663,2026-01-15,2026-01-15 20:47:00,C0914,Restaurant_07,Chandigarh,Sector 35,2,500,50.0,25,475,Debit Card,Website,Delivered,In-house Rider,RD104,6.3,30,35.0,False,5.0,
ORD02243,2026-01-23,2026-01-23 10:05:00,C0002,Restaurant_03,Mohali,Phase 5,3,450,75.0,50,425,Wallet,Website,Delivered,Shiprocket,RD070,2.5,45,24.0,True,4.0,
ORD02668,2026-01-28,2026-01-28 04:46:00,C0248,Restaurant_02,Mohali,Sector 68,3,360,0.0,20,380,Wallet,Restaurant App,Delivered,Ola Logistics,RD035,6.8,30,33.0,False,5.0,
ORD00750,2026-02-16,2026-02-16 18:40:00,C0749,Restaurant_03,Panchkula,Sector 5,3,1200,30.0,20,1190,Debit Card,Website,Delivered,In-house Rider,RD111,3.2,40,19.0,True,5.0,
ORD01233,2026-02-24,2026-02-24 12:06:00,C0874,Restaurant_09,Chandigarh,Sector 34,4,480,20.0,60,520,Credit Card,Website,Cancelled,Not Assigned,Not Assigned,5.5,40,,,,Rider Unavailable
ORD03750,2026-02-08,2026-02-08 12:08:00,C0291,Restaurant_07,Panchkula,Sector 15,1,120,75.0,50,95,Debit Card,Website,Delivered,In-house Rider,RD087,0.8,35,17.0,True,5.0,
ORD02508,2026-05-04,2026-05-04 10:25:00,C0775,Restaurant_10,Mohali,Phase 5,4,1280,100.0,25,1205,Cash,Website,Delivered,In-house Rider,RD081,6.7,30,37.0,False,3.0,
ORD00352,2026-01-26,2026-01-26 11:39:00,C0058,Restaurant_08,Panchkula,Sector 15,3,750,50.0,40,740,Wallet,Website,Cancelled,Not Assigned,Not Assigned,3.5,40,,,,Customer Cancelled
ORD01652,2026-04-25,2026-04-25 15:47:00,C0166,Restaurant_12,Chandigarh,Sector 22,3,960,0.0,20,980,Cash,Website,Cancelled,Not Assigned,Not Assigned,5.8,50,,,,Customer Cancelled
ORD01317,2026-04-30,2026-04-30 23:53:00,C0467,Restaurant_03,Panchkula,Sector 8,3,360,75.0,25,310,Wallet,Website,Delivered,Shiprocket,RD026,3.7,50,17.0,True,4.0,
ORD01746,2026-03-05,2026-03-05 12:16:00,C0942,Restaurant_19,Panchkula,Sector 8,5,750,100.0,30,680,Credit Card,Restaurant App,Delivered,In-house Rider,RD056,7.2,35,41.0,False,3.0,
ORD01008,2026-05-13,2026-05-13 00:57:00,C1034,Restaurant_03,Panchkula,Sector 15,3,450,50.0,50,450,UPI,Website,Cancelled,Not Assigned,Not Assigned,2.4,40,,,,Customer Cancelled
ORD03219,2026-02-17,2026-02-17 18:34:00,C0568,Restaurant_02,Mohali,Phase 5,3,660,0.0,60,720,Cash,Restaurant App,Delivered,In-house Rider,RD046,6.8,35,40.0,False,4.0,
ORD00718,2026-03-13,2026-03-13 03:41:00,C0511,Restaurant_07,Panchkula,Sector 15,3,660,50.0,25,635,UPI,Restaurant App,Delivered,In-house Rider,RD025,7.3,30,31.0,False,5.0,
ORD02897,2026-04-17,2026-04-17 16:27:00,C0877,Restaurant_25,Chandigarh,Sector 34,3,1050,0.0,50,1100,Debit Card,Restaurant App,Delivered,In-house Rider,RD068,1.6,45,12.0,True,1.0,
ORD03881,2026-06-18,2026-06-18 22:44:00,C0728,Restaurant_24,Panchkula,Sector 15,1,220,20.0,60,260,Debit Card,Website,Delivered,In-house Rider,RD072,5.5,50,41.0,True,5.0,
ORD00669,2026-02-18,2026-02-18 19:19:00,C1015,Restaurant_01,Mohali,Sector 68,5,750,100.0,40,690,UPI,Website,Delivered,Shiprocket,RD031,3.6,45,35.0,True,5.0,
ORD02410,2026-05-29,2026-05-29 19:47:00,C0835,Restaurant_09,Chandigarh,Sector 34,1,320,30.0,40,330,Debit Card,Website,Delivered,Ola Logistics,RD121,2.4,35,23.0,True,5.0,
ORD01730,2026-02-08,2026-02-08 06:22:00,C1023,Restaurant_03,Panchkula,Sector 5,3,840,75.0,40,805,Cash,Website,Delivered,In-house Rider,RD005,2.8,30,13.0,True,4.0,
ORD02683,2026-06-19,2026-06-19 04:07:00,C0177,Restaurant_19,Chandigarh,Manimajra,4,600,30.0,40,610,UPI,Website,Delivered,Shadowfax,RD076,4.9,35,18.0,True,5.0,
ORD00693,2026-04-06,2026-04-06 08:12:00,C0315,Restaurant_04,Chandigarh,Manimajra,4,480,0.0,20,500,Cash,Website,Delivered,In-house Rider,RD089,5.6,40,35.0,True,4.0,
ORD03813,2026-05-07,2026-05-07 13:37:00,C0463,Restaurant_15,Chandigarh,Manimajra,2,500,30.0,50,520,Debit Card,Website,Failed,Not Assigned,Not Assigned,4.9,50,,,,Rider Unavailable
ORD01046,2026-04-19,2026-04-19 08:01:00,C0325,Restaurant_23,Mohali,Phase 3B2,4,1000,0.0,40,1040,UPI,Restaurant App,Failed,Not Assigned,Not Assigned,4.3,40,,,,Address Issue
ORD02366,2026-01-20,2026-01-20 17:41:00,C0734,Restaurant_11,Panchkula,Sector 15,5,750,0.0,40,790,Debit Card,Restaurant App,Delivered,Ola Logistics,RD090,4.8,40,30.0,True,5.0,
ORD03183,2026-05-23,2026-05-23 07:39:00,C0316,Restaurant_07,Panchkula,Sector 5,1,250,0.0,60,310,Wallet,Restaurant App,Delivered,In-house Rider,RD069,4.9,35,32.0,True,5.0,
ORD02727,2026-02-11,2026-02-11 12:18:00,C0510,Restaurant_10,Mohali,Phase 5,2,800,20.0,40,820,UPI,Restaurant App,Delivered,Shiprocket,RD068,7.2,30,36.0,False,4.0,
ORD01618,2026-03-24,2026-03-24 14:16:00,C0840,Restaurant_11,Mohali,Phase 3B2,1,250,50.0,25,225,Credit Card,Restaurant App,Delivered,Ola Logistics,RD051,5.4,35,27.0,True,4.0,
ORD01912,2026-02-09,2026-02-09 16:14:00,C1161,Restaurant_05,Chandigarh,Sector 35,3,1050,100.0,25,975,UPI,Restaurant App,Cancelled,Not Assigned,Not Assigned,0.8,30,,,,Rider Unavailable
ORD01709,2026-02-09,2026-02-09 13:04:00,C0882,Restaurant_09,Chandigarh,Sector 34,1,350,0.0,30,380,Cash,Restaurant App,Cancelled,Not Assigned,Not Assigned,7.9,40,,,,Address Issue
ORD03465,2026-04-30,2026-04-30 22:26:00,C0929,Restaurant_11,Chandigarh,Sector 22,3,540,30.0,20,530,Wallet,Restaurant App,Cancelled,Not Assigned,Not Assigned,1.6,40,,,,Rider Unavailable
ORD03283,2026-02-24,2026-02-24 00:35:00,C0145,Restaurant_09,Mohali,Sector 68,3,840,30.0,40,850,Credit Card,Restaurant App,Failed,Not Assigned,Not Assigned,4.5,30,,,,Restaurant Delay
ORD01275,2026-05-13,2026-05-13 02:17:00,C0260,Restaurant_18,Mohali,Sector 68,3,840,50.0,30,820,Cash,Restaurant App,Delivered,Shadowfax,RD083,4.3,30,20.0,True,3.0,
ORD01655,2026-04-22,2026-04-22 00:57:00,C0149,Restaurant_20,Mohali,Phase 7,3,660,30.0,40,670,Wallet,Website,Cancelled,Not Assigned,Not Assigned,1.3,45,,,,Address Issue
ORD02874,2026-06-15,2026-06-15 19:46:00,C0699,Restaurant_14,Mohali,Sector 68,1,350,50.0,30,330,UPI,Restaurant App,Delivered,Ola Logistics,RD122,6.3,40,30.0,True,5.0,
ORD02196,2026-02-04,2026-02-04 11:28:00,C0072,Restaurant_25,Mohali,Phase 7,1,280,30.0,30,280,UPI,Website,Delivered,Ola Logistics,RD044,5.0,50,27.0,True,4.0,
ORD02617,2026-03-16,2026-03-16 15:16:00,C0927,Restaurant_07,Mohali,Phase 7,5,1100,100.0,60,1060,Cash,Restaurant App,Delivered,Shadowfax,RD144,6.1,35,32.0,True,3.0,
ORD01273,2026-01-06,2026-01-06 02:01:00,C0438,Restaurant_01,Chandigarh,Sector 22,2,700,30.0,50,720,Wallet,Website,Delivered,Ola Logistics,RD141,9.7,40,47.0,False,5.0,
ORD03507,2026-06-04,2026-06-04 01:01:00,C0030,Restaurant_18,Panchkula,Sector 5,5,2000,0.0,30,2030,Debit Card,Website,Delivered,In-house Rider,RD055,3.2,45,22.0,True,4.0,
ORD01640,2026-03-27,2026-03-27 12:58:00,C0245,Restaurant_06,Mohali,Phase 3B2,3,360,20.0,20,360,Debit Card,Website,Failed,Not Assigned,Not Assigned,6.9,45,,,,Restaurant Delay
ORD00023,2026-04-10,2026-04-10 01:06:00,C0288,Restaurant_01,Mohali,Phase 3B2,3,450,20.0,40,470,Credit Card,Restaurant App,Failed,Not Assigned,Not Assigned,1.4,35,,,,Payment Failed
ORD03494,2026-02-10,2026-02-10 13:58:00,C0185,Restaurant_16,Chandigarh,Manimajra,3,1200,20.0,25,1205,Debit Card,Website,Cancelled,Not Assigned,Not Assigned,4.2,50,,,,Address Issue
ORD01426,2026-04-30,2026-04-30 03:41:00,C0315,Restaurant_22,Panchkula,Sector 8,3,1050,20.0,25,1055,Debit Card,Restaurant App,Failed,Not Assigned,Not Assigned,5.9,45,,,,Address Issue
ORD03366,2026-04-13,2026-04-13 07:20:00,C0105,Restaurant_21,Chandigarh,Sector 22,5,1250,50.0,40,1240,Debit Card,Restaurant App,Delivered,In-house Rider,RD126,4.0,45,28.0,True,5.0,
ORD00379,2026-05-25,2026-05-25 13:31:00,C1197,Restaurant_13,Panchkula,Sector 5,4,1000,75.0,50,975,Debit Card,Restaurant App,Delivered,Shadowfax,RD025,8.4,30,34.0,False,2.0,
ORD00351,2026-01-08,2026-01-08 17:08:00,C0443,Restaurant_19,Chandigarh,Sector 22,3,750,75.0,25,700,UPI,Restaurant App,Delivered,In-house Rider,RD030,5.4,50,32.0,True,5.0,
ORD02965,2026-05-18,2026-05-18 01:02:00,C0493,Restaurant_10,Chandigarh,Sector 22,1,400,0.0,40,440,Cash,Restaurant App,Delivered,Shiprocket,RD001,6.8,40,40.0,True,5.0,
ORD01377,2026-06-29,2026-06-29 21:13:00,C1135,Restaurant_05,Mohali,Phase 7,4,1400,0.0,25,1425,UPI,Restaurant App,Cancelled,Not Assigned,Not Assigned,7.3,45,,,,Restaurant Delay
ORD03177,2026-01-06,2026-01-06 17:49:00,C0422,Restaurant_04,Mohali,Phase 7,5,1250,30.0,60,1280,Cash,Website,Failed,Not Assigned,Not Assigned,6.7,45,,,,Restaurant Delay
ORD03405,2026-02-26,2026-02-26 06:33:00,C0748,Restaurant_01,Mohali,Sector 68,2,440,75.0,40,405,Credit Card,Website,Failed,Not Assigned,Not Assigned,6.7,30,,,,Payment Failed
ORD00944,2026-02-14,2026-02-14 07:05:00,C0064,Restaurant_06,Mohali,Sector 68,2,300,0.0,25,325,Credit Card,Website,Delivered,In-house Rider,RD141,2.9,50,27.0,True,5.0,
ORD01550,2026-01-23,2026-01-23 14:23:00,C0320,Restaurant_08,Chandigarh,Sector 17,3,450,0.0,25,475,Credit Card,Website,Delivered,Shiprocket,RD054,4.5,40,35.0,True,5.0,
ORD00530,2026-01-27,2026-01-27 14:29:00,C1012,Restaurant_07,Chandigarh,Manimajra,3,540,20.0,50,570,UPI,Website,Delivered,Shiprocket,RD060,4.2,30,21.0,True,5.0,
ORD00246,2026-03-02,2026-03-02 00:55:00,C0882,Restaurant_09,Mohali,Sector 68,3,660,0.0,50,710,Debit Card,Restaurant App,Delivered,Shiprocket,RD042,3.5,30,18.0,True,4.0,
ORD00710,2026-03-12,2026-03-12 11:17:00,C0269,Restaurant_12,Panchkula,Sector 11,2,800,0.0,40,840,Credit Card,Website,Delivered,In-house Rider,RD010,1.8,50,23.0,True,5.0,
ORD03254,2026-04-05,2026-04-05 22:58:00,C0400,Restaurant_24,Chandigarh,Sector 22,5,1600,20.0,25,1605,Credit Card,Website,Failed,Not Assigned,Not Assigned,2.6,40,,,,Customer Cancelled
ORD01705,2026-04-14,2026-04-14 15:06:00,C0314,Restaurant_19,Chandigarh,Sector 17,1,180,20.0,20,180,Credit Card,Website,Delivered,In-house Rider,RD073,3.2,50,28.0,True,5.0,
ORD00909,2026-06-29,2026-06-29 19:58:00,C0022,Restaurant_19,Chandigarh,Manimajra,5,1750,20.0,20,1750,Wallet,Website,Cancelled,Not Assigned,Not Assigned,4.7,40,,,,Payment Failed
ORD00918,2026-01-06,2026-01-06 08:44:00,C1017,Restaurant_01,Chandigarh,Sector 22,1,320,30.0,30,320,Credit Card,Restaurant App,Delivered,Ola Logistics,RD128,4.8,30,22.0,True,5.0,
ORD00574,2026-04-19,2026-04-19 07:00:00,C0702,Restaurant_06,Mohali,Phase 5,4,1280,75.0,25,1230,UPI,Restaurant App,Failed,Not Assigned,Not Assigned,0.9,35,,,,Payment Failed
ORD03951,2026-01-24,2026-01-24 01:43:00,C0434,Restaurant_07,Chandigarh,Sector 17,2,300,100.0,50,250,Cash,Restaurant App,Delivered,Ola Logistics,RD146,8.5,35,38.0,False,5.0,
ORD03341,2026-06-03,2026-06-03 11:23:00,C0552,Restaurant_15,Panchkula,Sector 15,3,540,0.0,40,580,Credit Card,Website,Delivered,In-house Rider,RD097,5.8,35,24.0,True,4.0,
ORD01179,2026-06-22,2026-06-22 08:31:00,C0571,Restaurant_16,Chandigarh,Sector 35,2,560,75.0,20,505,Credit Card,Website,Cancelled,Not Assigned,Not Assigned,5.6,45,,,,Rider Unavailable
ORD00499,2026-03-15,2026-03-15 04:07:00,C0298,Restaurant_24,Chandigarh,Sector 35,3,660,50.0,30,640,Debit Card,Website,Delivered,In-house Rider,RD122,6.7,35,24.0,True,5.0,
ORD02431,2026-01-06,2026-01-06 17:49:00,C0253,Restaurant_21,Chandigarh,Sector 22,3,450,0.0,50,500,Cash,Restaurant App,Failed,Not Assigned,Not Assigned,0.8,45,,,,Restaurant Delay
ORD01702,2026-01-01,2026-01-01 22:22:00,C0380,Restaurant_04,Panchkula,Sector 15,3,1200,75.0,60,1185,Wallet,Restaurant App,Delivered,In-house Rider,RD042,3.6,35,28.0,True,5.0,
ORD03376,2026-04-30,2026-04-30 01:53:00,C0283,Restaurant_10,Chandigarh,Manimajra,4,1280,100.0,50,1230,Debit Card,Restaurant App,Delivered,Ola Logistics,RD049,0.8,50,12.0,True,5.0,
ORD02838,2026-05-07,2026-05-07 12:38:00,C0237,Restaurant_04,Panchkula,Sector 15,3,360,75.0,20,305,Credit Card,Website,Delivered,Shiprocket,RD071,4.5,50,11.0,True,5.0,
ORD02092,2026-02-13,2026-02-13 04:03:00,C0497,Restaurant_09,Chandigarh,Sector 22,2,500,100.0,60,460,Cash,Website,Delivered,Shadowfax,RD082,5.2,50,27.0,True,5.0,
ORD00200,2026-04-05,2026-04-05 20:37:00,C0801,Restaurant_15,Chandigarh,Sector 22,2,360,50.0,40,350,Debit Card,Website,Delivered,Ola Logistics,RD115,3.9,50,24.0,True,5.0,
ORD00737,2026-01-07,2026-01-07 10:14:00,C0039,Restaurant_10,Chandigarh,Manimajra,2,440,75.0,60,425,Credit Card,Website,Delivered,Ola Logistics,RD118,7.6,35,30.0,True,5.0,
ORD00734,2026-04-14,2026-04-14 02:02:00,C0022,Restaurant_10,Mohali,Phase 7,5,900,0.0,20,920,Credit Card,Restaurant App,Delivered,In-house Rider,RD104,5.8,30,28.0,True,5.0,
ORD02960,2026-06-15,2026-06-15 05:57:00,C0085,Restaurant_04,Chandigarh,Sector 17,4,1400,0.0,30,1430,Wallet,Website,Delivered,Shadowfax,RD098,5.4,45,35.0,True,4.0,
ORD02642,2026-05-11,2026-05-11 01:49:00,C0679,Restaurant_23,Mohali,Sector 68,2,640,0.0,40,680,Debit Card,Restaurant App,Delivered,In-house Rider,RD120,5.4,50,36.0,True,5.0,
ORD02873,2026-02-21,2026-02-21 00:30:00,C0472,Restaurant_05,Panchkula,Sector 8,5,1600,75.0,30,1555,Wallet,Restaurant App,Failed,Not Assigned,Not Assigned,7.2,35,,,,Address Issue
ORD02543,2026-03-26,2026-03-26 13:01:00,C0087,Restaurant_19,Mohali,Phase 5,1,220,0.0,30,250,Credit Card,Website,Delivered,In-house Rider,RD145,4.0,45,30.0,True,5.0,
ORD03809,2026-06-23,2026-06-23 16:51:00,C0622,Restaurant_25,Chandigarh,Sector 22,2,440,100.0,25,365,Cash,Website,Delivered,In-house Rider,RD091,6.8,50,29.0,True,5.0,
ORD03256,2026-01-25,2026-01-25 03:19:00,C0053,Restaurant_10,Panchkula,Sector 8,3,750,75.0,50,725,Wallet,Website,Cancelled,Not Assigned,Not Assigned,1.1,35,,,,Address Issue
ORD01182,2026-03-25,2026-03-25 11:34:00,C0069,Restaurant_12,Chandigarh,Sector 17,5,600,20.0,60,640,UPI,Website,Delivered,Shadowfax,RD119,4.5,45,41.0,True,5.0,
ORD03336,2026-03-14,2026-03-14 06:19:00,C0527,Restaurant_12,Chandigarh,Manimajra,5,2000,20.0,40,2020,Cash,Website,Delivered,Ola Logistics,RD074,4.8,30,41.0,False,4.0,
ORD00596,2026-02-16,2026-02-16 13:51:00,C0217,Restaurant_12,Chandigarh,Sector 17,5,750,20.0,30,760,Wallet,Website,Delivered,In-house Rider,RD126,6.9,30,39.0,False,3.0,
ORD03746,2026-03-06,2026-03-06 20:35:00,C0739,Restaurant_19,Panchkula,Sector 5,1,280,30.0,40,290,UPI,Restaurant App,Delivered,In-house Rider,RD024,5.8,45,34.0,True,4.0,
ORD02263,2026-06-17,2026-06-17 23:00:00,C0791,Restaurant_25,Panchkula,Sector 15,5,1600,0.0,30,1630,Debit Card,Restaurant App,Cancelled,Not Assigned,Not Assigned,0.4,30,,,,Customer Cancelled
ORD02728,2026-06-06,2026-06-06 19:34:00,C0037,Restaurant_08,Panchkula,Sector 8,2,300,20.0,50,330,Cash,Restaurant App,Delivered,In-house Rider,RD147,4.6,45,24.0,True,4.0,
ORD00539,2026-06-03,2026-06-03 02:25:00,C0475,Restaurant_05,Panchkula,Sector 15,4,1000,20.0,25,1005,Cash,Website,Delivered,In-house Rider,RD095,0.8,35,25.0,True,5.0,
ORD02861,2026-05-03,2026-05-03 06:29:00,C0346,Restaurant_01,Mohali,Phase 3B2,4,1120,30.0,30,1120,Wallet,Restaurant App,Delivered,In-house Rider,RD119,1.9,30,24.0,True,4.0,
ORD02184,2026-04-10,2026-04-10 14:47:00,C0048,Restaurant_18,Panchkula,Sector 8,1,220,0.0,20,240,Wallet,Restaurant App,Delivered,In-house Rider,RD119,6.8,50,38.0,True,4.0,
ORD02920,2026-01-15,2026-01-15 02:56:00,C0058,Restaurant_16,Chandigarh,Sector 22,5,1600,0.0,20,1620,UPI,Restaurant App,Cancelled,Not Assigned,Not Assigned,6.2,50,,,,Customer Cancelled
ORD01552,2026-01-25,2026-01-25 06:30:00,C0869,Restaurant_08,Panchkula,Sector 15,4,1280,30.0,20,1270,Credit Card,Restaurant App,Failed,Not Assigned,Not Assigned,3.8,40,,,,Restaurant Delay
ORD02143,2026-04-13,2026-04-13 23:25:00,C0536,Restaurant_14,Chandigarh,Sector 34,1,320,0.0,30,350,Credit Card,Website,Delivered,Shadowfax,RD114,8.0,35,36.0,False,5.0,
ORD00270,2026-01-09,2026-01-09 16:29:00,C1061,Restaurant_12,Mohali,Phase 5,4,1120,30.0,60,1150,Wallet,Restaurant App,Delivered,Shadowfax,RD076,7.2,35,35.0,True,5.0,
ORD00016,2026-02-01,2026-02-01 00:27:00,C0453,Restaurant_20,Mohali,Sector 68,4,1600,0.0,40,1640,UPI,Website,Delivered,Shiprocket,RD037,7.0,40,27.0,True,5.0,
ORD01825,2026-06-07,2026-06-07 21:46:00,C0623,Restaurant_07,Mohali,Phase 3B2,3,360,50.0,25,335,Debit Card,Website,Failed,Not Assigned,Not Assigned,6.6,50,,,,Address Issue
ORD02689,2026-03-29,2026-03-29 04:16:00,C0370,Restaurant_21,Chandigarh,Sector 17,3,750,75.0,30,705,Credit Card,Website,Delivered,In-house Rider,RD011,3.0,35,16.0,True,2.0,
ORD03514,2026-01-31,2026-01-31 08:34:00,C0363,Restaurant_07,Panchkula,Sector 8,2,360,30.0,60,390,Cash,Website,Delivered,Ola Logistics,RD101,10.3,50,48.0,True,5.0,
ORD03361,2026-03-01,2026-03-01 13:59:00,C0089,Restaurant_09,Mohali,Phase 3B2,1,350,100.0,30,280,Wallet,Website,Delivered,In-house Rider,RD111,3.5,40,30.0,True,5.0,
ORD01984,2026-01-21,2026-01-21 23:39:00,C1158,Restaurant_15,Chandigarh,Sector 17,4,1600,0.0,25,1625,Credit Card,Website,Delivered,In-house Rider,RD017,6.6,50,39.0,True,5.0,
ORD00580,2026-01-10,2026-01-10 16:38:00,C0008,Restaurant_12,Panchkula,Sector 11,1,400,0.0,60,460,Wallet,Restaurant App,Delivered,Shadowfax,RD024,6.0,35,36.0,False,4.0,
ORD03927,2026-05-18,2026-05-18 09:10:00,C0269,Restaurant_11,Panchkula,Sector 11,5,1600,0.0,20,1620,UPI,Website,Delivered,Shiprocket,RD103,5.6,45,26.0,True,5.0,
ORD01507,2026-03-31,2026-03-31 04:54:00,C0262,Restaurant_24,Chandigarh,Sector 35,3,360,0.0,25,385,Cash,Website,Delivered,Ola Logistics,RD125,7.1,40,34.0,True,5.0,
ORD01766,2026-06-11,2026-06-11 04:01:00,C0039,Restaurant_04,Panchkula,Sector 8,5,1600,30.0,25,1595,Debit Card,Restaurant App,Delivered,In-house Rider,RD133,6.2,50,48.0,True,4.0,
ORD00489,2026-06-17,2026-06-17 16:39:00,C0226,Restaurant_14,Mohali,Phase 3B2,3,1200,30.0,25,1195,Cash,Restaurant App,Cancelled,Not Assigned,Not Assigned,2.3,45,,,,Rider Unavailable
ORD02055,2026-02-19,2026-02-19 12:19:00,C0064,Restaurant_21,Panchkula,Sector 5,5,2000,20.0,25,2005,Debit Card,Restaurant App,Cancelled,Not Assigned,Not Assigned,3.3,30,,,,Address Issue
ORD03747,2026-01-13,2026-01-13 05:04:00,C0670,Restaurant_13,Mohali,Phase 7,2,300,0.0,60,360,UPI,Website,Failed,Not Assigned,Not Assigned,0.3,35,,,,Customer Cancelled
ORD02356,2026-03-17,2026-03-17 04:38:00,C1063,Restaurant_06,Mohali,Sector 68,2,700,75.0,50,675,UPI,Website,Delivered,Ola Logistics,RD080,3.2,50,22.0,True,4.0,
ORD03399,2026-02-15,2026-02-15 05:36:00,C0669,Restaurant_14,Panchkula,Sector 15,5,1100,20.0,50,1130,Credit Card,Website,Delivered,Shiprocket,RD099,5.8,50,37.0,True,5.0,
ORD03845,2026-01-16,2026-01-16 21:16:00,C0337,Restaurant_17,Chandigarh,Sector 35,4,720,75.0,30,675,Wallet,Website,Delivered,In-house Rider,RD007,4.7,40,26.0,True,5.0,
ORD02858,2026-05-21,2026-05-21 15:11:00,C0240,Restaurant_24,Mohali,Sector 68,4,1280,75.0,50,1255,Debit Card,Restaurant App,Delivered,In-house Rider,RD027,4.8,35,21.0,True,3.0,
ORD01082,2026-06-06,2026-06-06 09:24:00,C0314,Restaurant_20,Mohali,Phase 7,3,360,75.0,50,335,Credit Card,Website,Cancelled,Not Assigned,Not Assigned,8.0,35,,,,Restaurant Delay
ORD01714,2026-06-12,2026-06-12 00:05:00,C0637,Restaurant_18,Panchkula,Sector 15,5,600,75.0,50,575,Wallet,Restaurant App,Delivered,Shadowfax,RD040,0.8,40,17.0,True,5.0,
ORD00547,2026-06-29,2026-06-29 06:18:00,C0146,Restaurant_03,Chandigarh,Manimajra,5,600,0.0,25,625,Cash,Website,Delivered,Shadowfax,RD015,9.0,40,40.0,True,5.0,
ORD03967,2026-02-02,2026-02-02 10:52:00,C0886,Restaurant_01,Panchkula,Sector 11,1,400,0.0,50,450,Cash,Restaurant App,Failed,Not Assigned,Not Assigned,6.3,50,,,,Address Issue
ORD01250,2026-05-24,2026-05-24 05:06:00,C0459,Restaurant_04,Panchkula,Sector 5,1,180,100.0,50,130,Credit Card,Website,Delivered,In-house Rider,RD022,8.5,35,37.0,False,5.0,
ORD02127,2026-04-02,2026-04-02 01:16:00,C0853,Restaurant_04,Chandigarh,Sector 35,5,1100,0.0,50,1150,Debit Card,Restaurant App,Failed,Not Assigned,Not Assigned,4.8,30,,,,Restaurant Delay
ORD00220,2026-02-08,2026-02-08 02:03:00,C0013,Restaurant_22,Mohali,Phase 7,4,1120,0.0,60,1180,Credit Card,Website,Delivered,Ola Logistics,RD096,6.7,35,29.0,True,5.0,
ORD03626,2026-03-04,2026-03-04 05:06:00,C1132,Restaurant_04,Chandigarh,Sector 17,1,220,0.0,60,280,Debit Card,Website,Delivered,In-house Rider,RD004,5.9,50,39.0,True,4.0,
ORD02677,2026-03-07,2026-03-07 05:41:00,C0248,Restaurant_03,Chandigarh,Sector 34,5,750,30.0,60,780,UPI,Website,Delivered,Shadowfax,RD124,3.9,50,87.0,False,5.0,
ORD02669,2026-04-04,2026-04-04 22:19:00,C0573,Restaurant_22,Mohali,Phase 3B2,4,1280,50.0,60,1290,Debit Card,Restaurant App,Delivered,Shadowfax,RD072,6.8,40,27.0,True,5.0,
ORD00439,2026-02-10,2026-02-10 06:58:00,C1089,Restaurant_21,Chandigarh,Sector 22,2,240,50.0,30,220,Wallet,Restaurant App,Cancelled,Not Assigned,Not Assigned,0.0,45,,,,Rider Unavailable
ORD03339,2026-04-29,2026-04-29 16:50:00,C0782,Restaurant_07,Panchkula,Sector 8,3,960,0.0,40,1000,Cash,Restaurant App,Cancelled,Not Assigned,Not Assigned,0.1,30,,,,Restaurant Delay
ORD01995,2026-06-09,2026-06-09 18:33:00,C0108,Restaurant_06,Mohali,Phase 3B2,1,220,20.0,30,230,Debit Card,Restaurant App,Delivered,In-house Rider,RD022,7.3,50,44.0,True,3.0,
ORD01365,2026-02-14,2026-02-14 02:03:00,C0849,Restaurant_11,Panchkula,Sector 8,3,750,100.0,30,680,Wallet,Website,Delivered,In-house Rider,RD010,5.7,40,39.0,True,5.0,
ORD03441,2026-06-28,2026-06-28 04:05:00,C0301,Restaurant_13,Mohali,Phase 7,1,220,0.0,25,245,Cash,Website,Delivered,In-house Rider,RD019,2.1,30,19.0,True,5.0,
ORD01488,2026-04-16,2026-04-16 22:29:00,C0471,Restaurant_22,Mohali,Phase 7,3,660,75.0,60,645,Wallet,Website,Delivered,In-house Rider,RD120,1.6,40,21.0,True,5.0,
ORD00501,2026-05-22,2026-05-22 03:59:00,C0844,Restaurant_21,Chandigarh,Sector 34,2,560,30.0,50,580,Credit Card,Restaurant App,Delivered,In-house Rider,RD105,4.3,40,28.0,True,3.0,
ORD00645,2026-02-06,2026-02-06 14:24:00,C0346,Restaurant_22,Panchkula,Sector 8,4,1280,20.0,25,1285,UPI,Restaurant App,Failed,Not Assigned,Not Assigned,1.1,35,,,,Address Issue
ORD03733,2026-01-17,2026-01-17 04:55:00,C0939,Restaurant_25,Mohali,Sector 68,4,600,0.0,20,620,Credit Card,Restaurant App,Cancelled,Not Assigned,Not Assigned,6.7,40,,,,Address Issue
ORD01431,2026-04-21,2026-04-21 20:08:00,C1065,Restaurant_18,Panchkula,Sector 15,5,750,0.0,60,810,Debit Card,Restaurant App,Delivered,In-house Rider,RD019,5.2,45,16.0,True,5.0,
ORD03662,2026-02-05,2026-02-05 21:54:00,C0640,Restaurant_22,Mohali,Phase 5,5,750,30.0,40,760,UPI,Restaurant App,Delivered,In-house Rider,RD090,6.7,40,29.0,True,4.0,
ORD03997,2026-04-17,2026-04-17 09:32:00,C1116,Restaurant_09,Mohali,Phase 5,2,240,30.0,40,250,Credit Card,Website,Delivered,Ola Logistics,RD097,4.1,30,16.0,True,5.0,
ORD01432,2026-03-24,2026-03-24 07:27:00,C0752,Restaurant_07,Mohali,Phase 3B2,4,880,75.0,50,855,Cash,Website,Delivered,In-house Rider,RD066,6.6,30,25.0,True,5.0,
ORD02362,2026-01-28,2026-01-28 01:56:00,C0181,Restaurant_12,Panchkula,Sector 15,3,450,0.0,50,500,Cash,Restaurant App,Failed,Not Assigned,Not Assigned,6.4,30,,,,Payment Failed
ORD01127,2026-04-11,2026-04-11 19:23:00,C0504,Restaurant_16,Mohali,Phase 7,5,750,0.0,30,780,Wallet,Website,Delivered,In-house Rider,RD066,4.7,50,20.0,True,3.0,
ORD01013,2026-06-05,2026-06-05 02:43:00,C1068,Restaurant_25,Panchkula,Sector 8,2,440,30.0,20,430,UPI,Restaurant App,Delivered,In-house Rider,RD022,3.7,40,30.0,True,4.0,
ORD03884,2026-01-18,2026-01-18 15:38:00,C0064,Restaurant_20,Mohali,Phase 7,3,960,50.0,20,930,Wallet,Website,Delivered,In-house Rider,RD101,4.7,45,25.0,True,3.0,
ORD01058,2026-04-04,2026-04-04 05:30:00,C0132,Restaurant_18,Chandigarh,Sector 35,3,540,50.0,25,515,Credit Card,Restaurant App,Delivered,Shadowfax,RD026,0.8,45,29.0,True,5.0,
ORD02628,2026-06-13,2026-06-13 07:22:00,C0381,Restaurant_16,Chandigarh,Sector 34,1,120,50.0,60,130,Cash,Website,Delivered,Ola Logistics,RD150,6.7,45,34.0,True,4.0,
ORD00188,2026-02-18,2026-02-18 17:28:00,C0917,Restaurant_23,Panchkula,Sector 15,1,400,0.0,20,420,Cash,Website,Delivered,Shadowfax,RD041,5.0,45,34.0,True,5.0,
ORD02967,2026-06-16,2026-06-16 09:28:00,C0182,Restaurant_21,Panchkula,Sector 5,3,1050,75.0,50,1025,Credit Card,Website,Delivered,Shadowfax,RD012,5.4,45,28.0,True,4.0,
ORD00097,2026-05-04,2026-05-04 09:05:00,C0127,Restaurant_25,Chandigarh,Sector 35,2,300,75.0,30,255,Cash,Restaurant App,Delivered,In-house Rider,RD098,5.2,35,28.0,True,4.0,
ORD02221,2026-06-27,2026-06-27 01:42:00,C0039,Restaurant_06,Panchkula,Sector 15,2,560,0.0,40,600,UPI,Website,Delivered,In-house Rider,RD044,5.0,50,31.0,True,4.0,
ORD01533,2026-05-14,2026-05-14 03:40:00,C0785,Restaurant_12,Chandigarh,Sector 22,3,360,20.0,20,360,Wallet,Website,Delivered,In-house Rider,RD053,6.3,45,36.0,True,5.0,
ORD02882,2026-01-27,2026-01-27 14:02:00,C0046,Restaurant_23,Mohali,Phase 7,5,1100,100.0,50,1050,Cash,Restaurant App,Delivered,Ola Logistics,RD118,3.9,35,33.0,True,5.0,
ORD01943,2026-02-08,2026-02-08 08:22:00,C0302,Restaurant_06,Chandigarh,Sector 34,4,880,0.0,40,920,Debit Card,Restaurant App,Delivered,Ola Logistics,RD008,7.5,30,39.0,False,5.0,
ORD00197,2026-04-03,2026-04-03 05:14:00,C0716,Restaurant_09,Panchkula,Sector 15,2,800,,40,840,Debit Card,Restaurant App,Cancelled,Not Assigned,Not Assigned,,30,,,,Customer Cancelled
ORD00529,2026-04-26,2026-04-26 02:45:00,C0018,Restaurant_04,Chandigarh,Sector 35,2,360,100.0,40,300,Credit Card,Website,Delivered,In-house Rider,RD014,5.7,45,41.0,True,4.0,
ORD02927,2026-03-02,2026-03-02 07:49:00,C1040,Restaurant_02,Chandigarh,Sector 22,4,1120,20.0,60,1160,Debit Card,Website,Delivered,Ola Logistics,RD111,5.3,40,28.0,True,5.0,
ORD02182,2026-04-06,2026-04-06 10:15:00,C1193,Restaurant_04,Mohali,Phase 7,1,180,0.0,20,200,Wallet,Restaurant App,Cancelled,Not Assigned,Not Assigned,1.5,50,,,,Customer Cancelled
ORD00923,2026-05-27,2026-05-27 11:28:00,C0761,Restaurant_20,Chandigarh,Sector 35,3,960,30.0,40,970,Cash,Website,Failed,Not Assigned,Not Assigned,1.2,50,,,,Address Issue
ORD03186,2026-04-18,2026-04-18 10:01:00,C0395,Restaurant_14,Chandigarh,Sector 22,2,560,75.0,50,535,UPI,Restaurant App,Delivered,In-house Rider,RD044,6.4,30,24.0,True,5.0,
ORD00677,2026-01-09,2026-01-09 08:27:00,C0057,Restaurant_04,Mohali,Phase 7,5,2000,50.0,30,1980,Debit Card,Restaurant App,Delivered,Shadowfax,RD146,5.8,40,18.0,True,5.0,
ORD00101,2026-05-26,2026-05-26 02:23:00,C0599,Restaurant_09,Panchkula,Sector 8,5,1600,100.0,30,1530,Credit Card,Website,Failed,Not Assigned,Not Assigned,7.3,50,,,,Customer Cancelled
ORD01953,2026-03-12,2026-03-12 19:20:00,C0447,Restaurant_01,Chandigarh,Sector 35,3,360,0.0,20,380,Debit Card,Website,Delivered,Shadowfax,RD105,2.6,30,26.0,True,5.0,
ORD00132,2026-04-21,2026-04-21 06:11:00,C0482,Restaurant_08,Mohali,Phase 3B2,2,700,0.0,20,720,Wallet,Restaurant App,Delivered,In-house Rider,RD034,2.3,35,22.0,True,5.0,
ORD00896,2026-05-07,2026-05-07 11:42:00,C0721,Restaurant_17,Panchkula,Sector 5,3,660,30.0,50,680,Debit Card,Website,Delivered,Shadowfax,RD130,5.2,30,28.0,True,5.0,
ORD03275,2026-01-26,2026-01-26 08:19:00,C1039,Restaurant_06,Mohali,Sector 68,5,1250,20.0,20,1250,Wallet,Restaurant App,Delivered,In-house Rider,RD139,5.0,30,38.0,False,5.0,
ORD03345,2026-05-25,2026-05-25 07:05:00,C0907,Restaurant_16,Mohali,Phase 5,3,660,20.0,60,700,Wallet,Restaurant App,Delivered,In-house Rider,RD082,5.9,45,33.0,True,5.0,
ORD01472,2026-03-09,2026-03-09 20:56:00,C0195,Restaurant_17,Chandigarh,Sector 22,2,700,20.0,30,710,Debit Card,Restaurant App,Delivered,In-house Rider,RD066,7.3,40,33.0,True,4.0,
ORD02163,2026-04-04,2026-04-04 23:42:00,C0910,Restaurant_18,Panchkula,Sector 5,2,300,30.0,20,290,Cash,Restaurant App,Delivered,Shadowfax,RD013,7.7,50,39.0,True,4.0,
ORD00051,2026-05-23,2026-05-23 16:03:00,C0819,Restaurant_01,Mohali,Phase 5,4,720,20.0,60,760,Wallet,Website,Delivered,In-house Rider,RD116,4.3,50,21.0,True,4.0,
ORD00209,2026-04-29,2026-04-29 12:02:00,C0673,Restaurant_02,Chandigarh,Manimajra,3,960,0.0,25,985,Credit Card,Restaurant App,Delivered,Shadowfax,RD049,0.8,50,10.0,True,2.0,
ORD03546,2026-03-24,2026-03-24 22:26:00,C0925,Restaurant_20,Chandigarh,Sector 17,1,250,50.0,40,240,Cash,Website,Delivered,In-house Rider,RD105,2.0,35,22.0,True,4.0,
ORD00275,2026-05-25,2026-05-25 19:11:00,C0590,Restaurant_03,Chandigarh,Sector 34,3,660,0.0,20,680,Debit Card,Restaurant App,Delivered,In-house Rider,RD068,5.0,45,26.0,True,3.0,
ORD03264,2026-05-26,2026-05-26 17:29:00,C0699,Restaurant_20,Chandigarh,Sector 35,3,750,0.0,30,780,Debit Card,Website,Cancelled,Not Assigned,Not Assigned,7.1,45,,,,Customer Cancelled
ORD01647,2026-03-16,2026-03-16 08:24:00,C0094,Restaurant_19,Mohali,Phase 3B2,5,1100,0.0,20,1120,Cash,Website,Delivered,Shadowfax,RD139,4.7,40,22.0,True,4.0,
ORD02308,2026-06-11,2026-06-11 11:35:00,C0236,Restaurant_09,Chandigarh,Sector 34,1,220,50.0,50,220,Wallet,Restaurant App,Delivered,Shadowfax,RD133,6.6,35,30.0,True,4.0,
ORD02152,2026-02-10,2026-02-10 11:58:00,C0456,Restaurant_16,Mohali,Sector 68,1,150,0.0,25,175,Cash,Restaurant App,Delivered,In-house Rider,RD047,3.2,40,20.0,True,4.0,
ORD02297,2026-03-21,2026-03-21 23:20:00,C0001,Restaurant_06,Chandigarh,Sector 22,4,1120,100.0,40,1060,UPI,Website,Delivered,Shadowfax,RD127,7.2,45,29.0,True,1.0,
ORD00369,2026-06-06,2026-06-06 00:32:00,C1025,Restaurant_18,Chandigarh,Sector 34,2,560,0.0,20,580,Debit Card,Restaurant App,Delivered,Shadowfax,RD042,4.4,50,21.0,True,5.0,
ORD01111,2026-03-24,2026-03-24 12:00:00,C0342,Restaurant_06,Panchkula,Sector 11,5,1600,50.0,60,1610,Credit Card,Website,Cancelled,Not Assigned,Not Assigned,0.5,35,,,,Payment Failed
ORD01538,2026-02-06,2026-02-06 09:44:00,C0083,Restaurant_24,Chandigarh,Manimajra,1,280,75.0,60,265,UPI,Restaurant App,Cancelled,Not Assigned,Not Assigned,2.7,40,,,,Rider Unavailable
ORD03682,2026-03-07,2026-03-07 09:05:00,C0664,Restaurant_11,Panchkula,Sector 15,5,1600,75.0,30,1555,Cash,Website,Delivered,In-house Rider,RD059,7.0,45,42.0,True,4.0,
ORD01608,2026-02-14,2026-02-14 07:35:00,C1021,Restaurant_02,Chandigarh,Sector 22,5,1750,50.0,30,1730,Cash,Website,Delivered,Ola Logistics,RD102,6.4,35,44.0,False,5.0,
ORD01247,2026-02-18,2026-02-18 15:24:00,C0386,Restaurant_16,Chandigarh,Sector 35,2,240,0.0,25,265,UPI,Restaurant App,Delivered,Ola Logistics,RD034,4.8,50,33.0,True,5.0,
ORD00801,2026-05-24,2026-05-24 03:42:00,C1107,Restaurant_16,Mohali,Phase 7,2,300,0.0,50,350,Cash,Website,Delivered,In-house Rider,RD108,3.2,45,14.0,True,1.0,
ORD00342,2026-03-22,2026-03-22 12:46:00,C0323,Restaurant_19,Mohali,Phase 3B2,1,180,0.0,50,230,UPI,Restaurant App,Delivered,In-house Rider,RD099,3.3,50,17.0,True,5.0,
ORD01934,2026-04-19,2026-04-19 12:57:00,C0943,Restaurant_08,Chandigarh,Sector 35,1,180,0.0,60,240,Cash,Restaurant App,Delivered,Shadowfax,RD027,5.6,45,27.0,True,4.0,
ORD03855,2026-02-11,2026-02-11 14:00:00,C0918,Restaurant_22,Panchkula,Sector 11,2,700,0.0,50,750,Debit Card,Website,Delivered,Shiprocket,RD148,2.8,50,57.0,False,3.0,
ORD00159,2026-06-09,2026-06-09 13:38:00,C0953,Restaurant_11,Mohali,Sector 68,2,640,30.0,40,650,Credit Card,Restaurant App,Delivered,In-house Rider,RD137,3.1,35,20.0,True,4.0,
ORD01172,2026-03-18,2026-03-18 22:07:00,C0675,Restaurant_04,Panchkula,Sector 11,2,500,0.0,50,550,UPI,Website,Delivered,Ola Logistics,RD064,7.6,45,38.0,True,1.0,
ORD00286,2026-01-16,2026-01-16 12:06:00,C1109,Restaurant_02,Chandigarh,Sector 17,3,1050,0.0,20,1070,Credit Card,Restaurant App,Failed,Not Assigned,Not Assigned,5.1,45,,,,Rider Unavailable
ORD01896,2026-06-23,2026-06-23 13:39:00,C0192,Restaurant_23,Panchkula,Sector 5,1,400,75.0,50,375,Cash,Restaurant App,Delivered,In-house Rider,RD132,5.8,50,30.0,True,5.0,
ORD02315,2026-06-22,2026-06-22 03:22:00,C1152,Restaurant_08,Mohali,Phase 3B2,3,1200,0.0,40,1240,Wallet,Website,Delivered,In-house Rider,RD116,3.5,45,16.0,True,2.0,
ORD00798,2026-01-18,2026-01-18 11:01:00,C0269,Restaurant_02,Panchkula,Sector 15,1,320,20.0,20,320,Credit Card,Website,Cancelled,Not Assigned,Not Assigned,2.4,45,,,,Payment Failed
ORD01000,2026-03-21,2026-03-21 12:26:00,C0443,Restaurant_02,Panchkula,Sector 11,5,900,30.0,25,895,Debit Card,Restaurant App,Delivered,In-house Rider,RD097,4.5,30,33.0,False,1.0,
ORD00637,2026-02-15,2026-02-15 08:03:00,C0650,Restaurant_23,Chandigarh,Sector 17,4,880,0.0,30,910,Cash,Website,Cancelled,Not Assigned,Not Assigned,2.3,35,,,,Restaurant Delay
ORD02220,2026-02-09,2026-02-09 14:05:00,C0949,Restaurant_23,Mohali,Sector 68,3,960,75.0,60,945,Credit Card,Restaurant App,Delivered,Shadowfax,RD045,6.3,35,33.0,True,4.0,
ORD00508,2026-05-05,2026-05-05 16:40:00,C1138,Restaurant_21,Panchkula,Sector 8,5,900,100.0,30,830,Cash,Restaurant App,Delivered,In-house Rider,RD085,6.9,40,35.0,True,3.0,
ORD01371,2026-01-27,2026-01-27 09:15:00,C0304,Restaurant_16,Chandigarh,Sector 34,3,840,0.0,25,865,Cash,Restaurant App,Delivered,In-house Rider,RD063,3.8,40,14.0,True,5.0,
ORD03807,2026-05-26,2026-05-26 04:11:00,C0915,Restaurant_16,Mohali,Phase 7,1,180,0.0,40,220,Cash,Restaurant App,Delivered,Ola Logistics,RD018,1.6,45,25.0,True,5.0,
ORD00601,2026-05-16,2026-05-16 11:02:00,C0935,Restaurant_20,Panchkula,Sector 15,2,360,100.0,25,285,Debit Card,Website,Delivered,Shadowfax,RD024,1.1,40,17.0,True,5.0,
ORD00790,2026-03-08,2026-03-08 19:33:00,C0668,Restaurant_03,Chandigarh,Manimajra,2,800,0.0,20,820,UPI,Restaurant App,Delivered,Shiprocket,RD145,5.8,45,29.0,True,5.0,
ORD01540,2026-06-16,2026-06-16 10:38:00,C0499,Restaurant_22,Chandigarh,Sector 22,2,500,0.0,25,525,Cash,Website,Delivered,Shadowfax,RD115,3.9,35,26.0,True,4.0,
ORD01724,2026-01-01,2026-01-01 13:23:00,C0356,Restaurant_23,Panchkula,Sector 5,2,640,50.0,50,640,Cash,Restaurant App,Delivered,In-house Rider,RD128,3.2,35,17.0,True,5.0,
ORD03899,2026-02-04,2026-02-04 11:02:00,C0556,Restaurant_24,Chandigarh,Sector 22,4,880,0.0,20,900,Wallet,Restaurant App,Delivered,Shadowfax,RD080,8.3,45,39.0,True,5.0,
ORD00524,2026-05-08,2026-05-08 19:10:00,C1035,Restaurant_09,Panchkula,Sector 8,5,1600,0.0,30,1630,Cash,Restaurant App,Delivered,In-house Rider,RD103,4.1,35,16.0,True,5.0,
ORD02040,2026-06-15,2026-06-15 04:16:00,C1112,Restaurant_06,Mohali,Phase 7,2,700,75.0,30,655,Wallet,Website,Delivered,In-house Rider,RD132,6.1,30,37.0,False,5.0,
ORD02229,2026-02-24,2026-02-24 23:40:00,C0533,Restaurant_25,Mohali,Phase 5,2,360,75.0,50,335,Debit Card,Website,Delivered,In-house Rider,RD045,3.5,35,24.0,True,4.0,
ORD00273,2026-01-13,2026-01-13 11:06:00,C1154,Restaurant_04,Chandigarh,Manimajra,4,1000,0.0,30,1030,Cash,Restaurant App,Delivered,Shiprocket,RD043,6.5,40,43.0,False,4.0,
ORD00411,2026-05-26,2026-05-26 07:45:00,C0175,Restaurant_01,Chandigarh,Sector 17,1,150,75.0,50,125,UPI,Website,Delivered,Ola Logistics,RD045,7.0,30,39.0,False,5.0,
ORD01009,2026-03-19,2026-03-19 01:32:00,C0393,Restaurant_25,Panchkula,Sector 11,5,1100,20.0,40,1120,Wallet,Website,Failed,Not Assigned,Not Assigned,2.6,50,,,,Address Issue
ORD02742,2026-04-15,2026-04-15 08:07:00,C0299,Restaurant_18,Mohali,Phase 7,1,400,0.0,60,460,Debit Card,Website,Delivered,Shiprocket,RD039,3.2,35,12.0,True,3.0,
ORD00443,2026-05-18,2026-05-18 01:18:00,C0818,Restaurant_13,Panchkula,Sector 11,3,450,0.0,25,475,Wallet,Restaurant App,Delivered,Shadowfax,RD084,0.8,35,24.0,True,5.0,
ORD01244,2026-05-27,2026-05-27 05:36:00,C0909,Restaurant_13,Panchkula,Sector 15,5,1750,0.0,25,1775,Wallet,Website,Failed,Not Assigned,Not Assigned,3.7,30,,,,Rider Unavailable
ORD01492,2026-03-26,2026-03-26 19:21:00,C0558,Restaurant_20,Mohali,Phase 5,5,900,50.0,50,900,Wallet,Website,Failed,Not Assigned,Not Assigned,1.0,50,,,,Address Issue
ORD00797,2026-06-04,2026-06-04 05:35:00,C0962,Restaurant_19,Panchkula,Sector 5,2,240,50.0,25,215,UPI,Website,Delivered,Shiprocket,RD106,4.0,45,28.0,True,5.0,
ORD02859,2026-01-13,2026-01-13 23:34:00,C0672,Restaurant_08,Panchkula,Sector 15,4,1000,0.0,40,1040,Cash,Restaurant App,Delivered,Shadowfax,RD051,0.8,50,16.0,True,4.0,
ORD03300,2026-05-30,2026-05-30 15:35:00,C0923,Restaurant_14,Mohali,Phase 3B2,1,400,50.0,40,390,Wallet,Restaurant App,Delivered,In-house Rider,RD011,5.8,30,27.0,True,5.0,
ORD00359,2026-03-03,2026-03-03 14:51:00,C0803,Restaurant_10,Chandigarh,Sector 22,2,700,30.0,30,700,Credit Card,Website,Delivered,In-house Rider,RD143,5.9,45,32.0,True,5.0,
ORD02101,2026-05-02,2026-05-02 12:16:00,C0925,Restaurant_05,Panchkula,Sector 11,3,960,20.0,60,1000,UPI,Website,Delivered,In-house Rider,RD136,7.0,50,29.0,True,3.0,
ORD00317,2026-04-28,2026-04-28 08:51:00,C1169,Restaurant_19,Mohali,Phase 7,3,660,30.0,20,650,UPI,Restaurant App,Delivered,Ola Logistics,RD147,7.1,50,47.0,True,5.0,
ORD03939,2026-03-09,2026-03-09 23:49:00,C1076,Restaurant_05,Panchkula,Sector 11,5,1250,20.0,20,1250,Cash,Website,Delivered,Shiprocket,RD007,3.3,50,24.0,True,4.0,
ORD03505,2026-01-14,2026-01-14 12:48:00,C0232,Restaurant_23,Chandigarh,Sector 34,4,880,75.0,60,865,Debit Card,Website,Delivered,Ola Logistics,RD064,6.8,45,35.0,True,5.0,
ORD00879,2026-01-17,2026-01-17 18:05:00,C0021,Restaurant_16,Chandigarh,Sector 34,5,600,0.0,50,650,Wallet,Website,Delivered,Shadowfax,RD134,7.3,35,38.0,False,4.0,
ORD03105,2026-02-07,2026-02-07 02:00:00,C0484,Restaurant_15,Panchkula,Sector 8,4,480,100.0,20,400,Cash,Restaurant App,Delivered,In-house Rider,RD022,2.7,35,28.0,True,5.0,
ORD00330,2026-06-13,2026-06-13 09:42:00,C0399,Restaurant_25,Panchkula,Sector 5,1,350,0.0,60,410,UPI,Restaurant App,Delivered,Shadowfax,RD065,7.3,45,38.0,True,2.0,
ORD00315,2026-03-24,2026-03-24 08:14:00,C0816,Restaurant_24,Panchkula,Sector 15,4,480,0.0,25,505,Cash,Website,Delivered,In-house Rider,RD010,6.0,50,24.0,True,,
ORD00973,2026-04-26,2026-04-26 15:35:00,C0056,Restaurant_17,Chandigarh,Sector 34,3,540,30.0,40,550,UPI,Website,Delivered,In-house Rider,RD142,7.8,35,45.0,False,5.0,
ORD00806,2026-01-28,2026-01-28 21:33:00,C0162,Restaurant_07,Panchkula,Sector 11,1,220,100.0,20,140,UPI,Restaurant App,Delivered,In-house Rider,RD014,7.8,50,39.0,True,5.0,
ORD02545,2026-03-23,2026-03-23 03:17:00,C0592,Restaurant_24,Mohali,Phase 3B2,2,240,0.0,20,260,UPI,Website,Delivered,In-house Rider,RD110,5.5,40,28.0,True,4.0,
ORD00021,2026-06-21,2026-06-21 20:52:00,C0891,Restaurant_13,Panchkula,Sector 8,1,280,0.0,40,320,Wallet,Restaurant App,Cancelled,Not Assigned,Not Assigned,1.8,35,,,,Address Issue
ORD00035,2026-06-18,2026-06-18 20:08:00,C0005,Restaurant_19,Mohali,Phase 7,5,1600,30.0,30,1600,Wallet,Restaurant App,Delivered,In-house Rider,RD048,5.1,50,36.0,True,3.0,
ORD02925,2026-02-02,2026-02-02 11:57:00,C0744,Restaurant_13,Chandigarh,Sector 35,3,540,30.0,30,540,Credit Card,Website,Delivered,In-house Rider,RD088,3.1,50,16.0,True,4.0,
ORD00183,2026-01-07,2026-01-07 12:47:00,C0272,Restaurant_11,Panchkula,Sector 5,3,360,30.0,60,390,UPI,Restaurant App,Cancelled,Not Assigned,Not Assigned,1.5,35,,,,Customer Cancelled
ORD03320,2026-03-26,2026-03-26 23:49:00,C0647,Restaurant_19,Chandigarh,Sector 17,2,300,0.0,25,325,Wallet,Restaurant App,Delivered,Shadowfax,RD120,2.7,35,21.0,True,2.0,
ORD03469,2026-03-02,2026-03-02 16:23:00,C0290,Restaurant_16,Chandigarh,Sector 22,3,960,75.0,60,945,Credit Card,Restaurant App,Delivered,Shadowfax,RD122,4.0,35,18.0,True,3.0,
ORD02767,2026-02-08,2026-02-08 20:34:00,C0713,Restaurant_03,Mohali,Sector 68,2,800,20.0,30,810,UPI,Restaurant App,Delivered,In-house Rider,RD014,2.2,30,15.0,True,1.0,
ORD02441,2026-05-28,2026-05-28 04:31:00,C0001,Restaurant_21,Chandigarh,Sector 22,2,700,0.0,20,720,UPI,Restaurant App,Delivered,Ola Logistics,RD044,7.5,50,41.0,True,5.0,
ORD03605,2026-01-01,2026-01-01 22:54:00,C0779,Restaurant_07,Chandigarh,Sector 17,4,600,50.0,25,575,UPI,Website,Delivered,Shadowfax,RD016,1.9,35,12.0,True,3.0,
ORD00713,2026-04-11,2026-04-11 11:26:00,C0112,Restaurant_13,Chandigarh,Manimajra,2,440,0.0,20,460,Credit Card,Website,Delivered,Shadowfax,RD044,2.9,40,15.0,True,5.0,
ORD01794,2026-03-29,2026-03-29 07:48:00,C0883,Restaurant_09,Mohali,Sector 68,1,350,75.0,60,335,Debit Card,Website,Delivered,In-house Rider,RD135,2.5,45,24.0,True,5.0,
ORD02087,2026-05-08,2026-05-08 17:03:00,C0895,Restaurant_03,Chandigarh,Sector 22,2,240,0.0,50,290,Cash,Website,Failed,Not Assigned,Not Assigned,5.6,45,,,,Payment Failed
ORD00026,2026-03-02,2026-03-02 04:35:00,C0593,Restaurant_12,Chandigarh,Manimajra,3,960,50.0,30,940,Debit Card,Restaurant App,Cancelled,Not Assigned,Not Assigned,5.0,45,,,,Customer Cancelled
ORD02418,2026-04-28,2026-04-28 03:03:00,C0333,Restaurant_12,Mohali,Phase 3B2,3,1200,0.0,40,1240,Cash,Website,Delivered,Ola Logistics,RD050,8.1,35,48.0,False,5.0,
ORD01937,2026-01-22,2026-01-22 03:22:00,C1086,Restaurant_12,Panchkula,Sector 11,4,1120,100.0,40,1060,Wallet,Website,Cancelled,Not Assigned,Not Assigned,5.3,45,,,,Customer Cancelled
ORD03024,2026-05-02,2026-05-02 19:35:00,C0917,Restaurant_07,Mohali,Phase 5,4,480,0.0,50,530,Cash,Website,Failed,Not Assigned,Not Assigned,0.1,40,,,,Customer Cancelled
ORD02292,2026-04-16,2026-04-16 14:07:00,C0901,Restaurant_10,Mohali,Sector 68,5,750,50.0,60,760,Wallet,Restaurant App,Delivered,Ola Logistics,RD116,7.9,30,33.0,False,5.0,
ORD00314,2026-01-05,2026-01-05 23:56:00,C0680,Restaurant_25,Panchkula,Sector 11,1,150,0.0,50,200,Wallet,Restaurant App,Delivered,Shiprocket,RD066,6.5,40,38.0,True,5.0,
ORD03782,2026-04-24,2026-04-24 12:54:00,C0307,Restaurant_18,Chandigarh,Sector 17,3,1200,30.0,20,1190,Credit Card,Restaurant App,Delivered,In-house Rider,RD083,4.9,35,35.0,True,5.0,
ORD01680,2026-05-04,2026-05-04 22:50:00,C0023,Restaurant_05,Panchkula,Sector 5,3,450,100.0,50,400,Wallet,Website,Failed,Not Assigned,Not Assigned,0.1,35,,,,Address Issue
ORD01978,2026-05-21,2026-05-21 10:00:00,C0416,Restaurant_18,Panchkula,Sector 15,1,120,0.0,50,170,Wallet,Website,Delivered,In-house Rider,RD008,3.3,40,22.0,True,4.0,
ORD00260,2026-03-26,2026-03-26 02:54:00,C0457,Restaurant_16,Chandigarh,Sector 35,4,1400,75.0,60,1385,Wallet,Website,Delivered,In-house Rider,RD041,8.6,30,41.0,False,1.0,
ORD02597,2026-05-12,2026-05-12 16:00:00,C0091,Restaurant_09,Mohali,Phase 3B2,5,1100,0.0,40,1140,Cash,Restaurant App,Delivered,In-house Rider,RD035,5.2,40,24.0,True,5.0,
ORD02446,2026-02-17,2026-02-17 10:01:00,C0484,Restaurant_17,Chandigarh,Manimajra,2,360,100.0,60,320,Cash,Restaurant App,Delivered,Ola Logistics,RD076,2.2,35,13.0,True,2.0,
ORD02049,2026-05-03,2026-05-03 17:10:00,C0063,Restaurant_21,Mohali,Phase 5,1,250,0.0,30,280,Wallet,Website,Delivered,Shadowfax,RD121,6.0,45,37.0,True,5.0,
ORD00406,2026-06-26,2026-06-26 05:15:00,C0414,Restaurant_21,Mohali,Phase 3B2,3,1050,100.0,30,980,Debit Card,Restaurant App,Delivered,Shadowfax,RD120,1.5,45,29.0,True,5.0,
ORD01581,2026-04-22,2026-04-22 04:03:00,C0013,Restaurant_20,Mohali,Sector 68,2,440,0.0,40,480,UPI,Website,Delivered,Shiprocket,RD100,8.0,30,37.0,False,5.0,
ORD00419,2026-02-24,2026-02-24 18:19:00,C0398,Restaurant_10,Chandigarh,Sector 34,1,250,75.0,30,205,Cash,Restaurant App,Delivered,Ola Logistics,RD128,7.4,40,32.0,True,5.0,
ORD00268,2026-02-26,2026-02-26 20:48:00,C0274,Restaurant_08,Chandigarh,Sector 22,2,500,0.0,60,560,UPI,Restaurant App,Delivered,In-house Rider,RD069,4.9,40,38.0,True,5.0,
ORD02052,2026-05-24,2026-05-24 01:40:00,C0002,Restaurant_18,Mohali,Phase 7,3,750,30.0,60,780,Wallet,Website,Delivered,Ola Logistics,RD146,2.8,40,10.0,True,4.0,
ORD01381,2026-02-28,2026-02-28 14:03:00,C0867,Restaurant_09,Panchkula,Sector 5,4,1000,0.0,50,1050,UPI,Website,Delivered,In-house Rider,RD139,6.6,30,30.0,True,4.0,
ORD03011,2026-06-12,2026-06-12 18:33:00,C0493,Restaurant_02,Chandigarh,Sector 34,5,2000,30.0,60,2030,Cash,Restaurant App,Delivered,Shadowfax,RD011,3.8,30,32.0,False,4.0,
ORD02188,2026-04-28,2026-04-28 14:56:00,C1011,Restaurant_02,Chandigarh,Sector 34,2,800,30.0,30,800,Wallet,Restaurant App,Delivered,In-house Rider,RD090,3.0,50,34.0,True,5.0,
ORD03693,2026-02-16,2026-02-16 11:55:00,C1197,Restaurant_24,Panchkula,Sector 15,5,900,100.0,60,860,Cash,Restaurant App,Delivered,Shiprocket,RD067,8.8,50,41.0,True,1.0,
ORD01438,2026-02-21,2026-02-21 13:57:00,C0954,Restaurant_02,Mohali,Phase 3B2,2,640,0.0,25,665,Wallet,Website,Delivered,In-house Rider,RD022,5.5,45,30.0,True,2.0,
ORD01088,2026-02-15,2026-02-15 22:02:00,C0195,Restaurant_24,Chandigarh,Manimajra,1,120,100.0,30,80,Credit Card,Restaurant App,Delivered,In-house Rider,RD019,6.8,50,38.0,True,4.0,
ORD01625,2026-04-10,2026-04-10 07:11:00,C1178,Restaurant_02,Mohali,Phase 7,3,1200,20.0,30,1210,UPI,Website,Delivered,Ola Logistics,RD006,6.5,45,37.0,True,4.0,
ORD01836,2026-04-18,2026-04-18 16:52:00,C1001,Restaurant_21,Panchkula,Sector 5,5,750,0.0,60,810,Cash,Website,Delivered,Shadowfax,RD077,3.1,35,32.0,True,4.0,
ORD03042,2026-01-10,2026-01-10 21:05:00,C1099,Restaurant_25,Panchkula,Sector 8,4,880,100.0,50,830,UPI,Website,Failed,Not Assigned,Not Assigned,7.7,40,,,,Rider Unavailable
ORD03643,2026-04-03,2026-04-03 13:27:00,C0392,Restaurant_21,Panchkula,Sector 15,5,2000,0.0,25,2025,Wallet,Restaurant App,Delivered,Shadowfax,RD003,2.9,45,29.0,True,5.0,
ORD01212,2026-02-19,2026-02-19 12:10:00,C0124,Restaurant_24,Mohali,Phase 7,1,280,30.0,60,310,Debit Card,Website,Delivered,In-house Rider,RD033,6.1,50,42.0,True,4.0,
ORD01692,2026-02-18,2026-02-18 09:20:00,C0273,Restaurant_23,Mohali,Phase 7,2,300,100.0,40,240,Wallet,Restaurant App,Delivered,In-house Rider,RD150,4.5,45,76.0,False,3.0,
ORD00747,2026-02-14,2026-02-14 02:16:00,C0656,Restaurant_16,Mohali,Phase 3B2,4,480,0.0,30,510,Debit Card,Website,Delivered,Shadowfax,RD048,6.3,30,32.0,False,4.0,
ORD01258,2026-06-22,2026-06-22 03:47:00,C0515,Restaurant_05,Panchkula,Sector 11,4,1000,0.0,25,1025,Wallet,Website,Delivered,In-house Rider,RD059,4.5,30,29.0,True,5.0,
ORD01630,2026-06-09,2026-06-09 07:22:00,C0128,Restaurant_02,Mohali,Phase 5,1,400,75.0,60,385,UPI,Website,Delivered,Shiprocket,RD034,4.4,30,34.0,False,4.0,
ORD01605,2026-01-30,2026-01-30 14:19:00,C0790,Restaurant_16,Chandigarh,Sector 34,3,1050,30.0,40,1060,Cash,Website,Delivered,In-house Rider,RD085,5.6,50,38.0,True,5.0,
ORD02651,2026-01-02,2026-01-02 08:21:00,C0107,Restaurant_20,Chandigarh,Sector 17,5,2000,100.0,50,1950,Cash,Website,Delivered,Ola Logistics,RD134,1.5,40,23.0,True,5.0,
ORD02870,2026-02-21,2026-02-21 13:53:00,C0459,Restaurant_03,Chandigarh,Sector 22,5,1100,75.0,25,1050,UPI,Restaurant App,Delivered,Shiprocket,RD079,7.9,50,45.0,True,4.0,
ORD02071,2026-02-04,2026-02-04 09:28:00,C0199,Restaurant_23,Chandigarh,Manimajra,5,1750,75.0,30,1705,Cash,Restaurant App,Delivered,In-house Rider,RD038,4.7,45,35.0,True,4.0,
ORD01040,2026-04-05,2026-04-05 10:07:00,C0523,Restaurant_17,Panchkula,Sector 5,2,560,75.0,25,510,Cash,Restaurant App,Delivered,In-house Rider,RD076,4.0,30,38.0,False,2.0,
ORD00773,2026-01-04,2026-01-04 16:30:00,C0011,Restaurant_01,Mohali,Phase 5,1,250,100.0,30,180,Wallet,Website,Cancelled,Not Assigned,Not Assigned,1.8,45,,,,Payment Failed
ORD01393,2026-06-28,2026-06-28 04:08:00,C0586,Restaurant_19,Chandigarh,Sector 22,2,240,0.0,40,280,Wallet,Website,Delivered,Ola Logistics,RD041,9.3,45,49.0,False,3.0,
ORD00682,2026-05-25,2026-05-25 21:20:00,C0684,Restaurant_12,Mohali,Sector 68,3,450,75.0,40,415,Credit Card,Website,Failed,Not Assigned,Not Assigned,3.2,35,,,,Restaurant Delay
ORD03591,2026-01-25,2026-01-25 10:37:00,C0766,Restaurant_25,Panchkula,Sector 15,5,1750,,40,1690,Cash,Restaurant App,Cancelled,Not Assigned,Not Assigned,,30,,,,Customer Cancelled
ORD00092,2026-06-25,2026-06-25 15:48:00,C0597,Restaurant_16,Mohali,Phase 7,3,1050,100.0,20,970,UPI,Website,Delivered,Ola Logistics,RD026,8.0,50,38.0,True,3.0,
ORD01303,2026-05-02,2026-05-02 04:47:00,C0862,Restaurant_25,Panchkula,Sector 15,2,440,75.0,60,425,Cash,Restaurant App,Delivered,Ola Logistics,RD107,5.7,30,32.0,False,4.0,
ORD01597,2026-03-12,2026-03-12 05:32:00,C0173,Restaurant_19,Panchkula,Sector 15,3,1050,20.0,50,1080,Credit Card,Website,Delivered,In-house Rider,RD127,4.3,40,30.0,True,5.0,
ORD03030,2026-04-21,2026-04-21 01:08:00,C0859,Restaurant_08,Mohali,Phase 5,5,1750,50.0,30,1730,Credit Card,Restaurant App,Delivered,Shadowfax,RD118,3.4,30,29.0,True,4.0,
ORD00897,2026-06-28,2026-06-28 08:48:00,C0037,Restaurant_11,Panchkula,Sector 5,1,320,0.0,30,350,UPI,Website,Delivered,Ola Logistics,RD086,1.3,50,17.0,True,4.0,
ORD01217,2026-04-12,2026-04-12 02:41:00,C0671,Restaurant_21,Mohali,Sector 68,4,1400,100.0,30,1330,UPI,Website,Failed,Not Assigned,Not Assigned,7.7,40,,,,Rider Unavailable
ORD00874,2026-06-08,2026-06-08 10:49:00,C0581,Restaurant_12,Chandigarh,Sector 17,1,280,20.0,20,280,Wallet,Restaurant App,Delivered,In-house Rider,RD083,6.8,45,28.0,True,3.0,
ORD01014,2026-03-17,2026-03-17 06:37:00,C1095,Restaurant_09,Panchkula,Sector 5,2,640,0.0,25,665,Wallet,Website,Delivered,In-house Rider,RD068,3.6,45,34.0,True,5.0,
ORD01846,2026-02-21,2026-02-21 20:10:00,C0872,Restaurant_04,Chandigarh,Sector 34,3,540,0.0,50,590,Cash,Website,Delivered,In-house Rider,RD125,7.2,40,26.0,True,5.0,
ORD03562,2026-01-24,2026-01-24 20:12:00,C0607,Restaurant_23,Mohali,Phase 7,2,360,30.0,20,350,Credit Card,Restaurant App,Delivered,In-house Rider,RD022,3.9,40,20.0,True,5.0,
ORD03281,2026-03-25,2026-03-25 02:03:00,C0804,Restaurant_21,Panchkula,Sector 15,2,360,50.0,25,335,Wallet,Restaurant App,Delivered,In-house Rider,RD021,4.2,45,36.0,True,4.0,
ORD01899,2026-04-29,2026-04-29 10:05:00,C1017,Restaurant_25,Panchkula,Sector 11,3,960,0.0,60,1020,Debit Card,Website,Delivered,In-house Rider,RD105,9.7,50,56.0,False,4.0,
ORD00585,2026-04-27,2026-04-27 14:58:00,C1094,Restaurant_06,Panchkula,Sector 8,1,320,20.0,40,340,Cash,Website,Delivered,In-house Rider,RD150,4.3,40,26.0,True,5.0,
ORD02775,2026-03-31,2026-03-31 10:42:00,C0966,Restaurant_17,Chandigarh,Sector 17,4,1600,0.0,20,1620,UPI,Website,Delivered,In-house Rider,RD007,4.9,50,32.0,True,5.0,
ORD02161,2026-01-31,2026-01-31 20:29:00,C0278,Restaurant_17,Chandigarh,Sector 22,2,800,50.0,40,790,Cash,Restaurant App,Delivered,In-house Rider,RD113,7.3,50,42.0,True,5.0,
ORD03917,2026-03-07,2026-03-07 10:10:00,C0496,Restaurant_25,Panchkula,Sector 15,1,180,0.0,25,205,Credit Card,Website,Delivered,In-house Rider,RD054,6.3,35,33.0,True,5.0,
ORD03116,2026-04-05,2026-04-05 01:39:00,C0246,Restaurant_05,Mohali,Phase 3B2,1,280,100.0,25,205,Debit Card,Website,Delivered,Shadowfax,RD011,2.9,40,19.0,True,5.0,
ORD02435,2026-05-19,2026-05-19 01:28:00,C0117,Restaurant_04,Chandigarh,Sector 35,3,840,20.0,30,850,Credit Card,Restaurant App,Cancelled,Not Assigned,Not Assigned,2.2,45,,,,Restaurant Delay
ORD01167,2026-01-06,2026-01-06 13:18:00,C0156,Restaurant_21,Mohali,Phase 3B2,2,440,0.0,40,480,UPI,Restaurant App,Delivered,Ola Logistics,RD034,5.0,50,26.0,True,5.0,
ORD01071,2026-03-23,2026-03-23 23:27:00,C0979,Restaurant_20,Mohali,Phase 3B2,5,1100,75.0,30,1055,Wallet,Restaurant App,Delivered,In-house Rider,RD132,1.7,40,21.0,True,4.0,
ORD00969,2026-05-10,2026-05-10 18:10:00,C0652,Restaurant_11,Panchkula,Sector 8,4,1120,100.0,40,1060,Debit Card,Website,Delivered,In-house Rider,RD068,0.8,40,23.0,True,5.0,
ORD01657,2026-03-11,2026-03-11 02:20:00,C1162,Restaurant_20,Chandigarh,Sector 35,4,600,0.0,30,630,Cash,Website,Delivered,In-house Rider,RD106,4.0,35,27.0,True,5.0,
ORD01892,2026-01-21,2026-01-21 20:01:00,C1147,Restaurant_21,Mohali,Sector 68,3,660,30.0,40,670,Credit Card,Restaurant App,Cancelled,Not Assigned,Not Assigned,0.5,35,,,,Customer Cancelled
ORD03585,2026-05-24,2026-05-24 02:53:00,C0506,Restaurant_25,Panchkula,Sector 15,1,350,100.0,25,275,Cash,Restaurant App,Delivered,Shiprocket,RD015,8.1,45,38.0,True,4.0,
ORD02306,2026-06-11,2026-06-11 08:11:00,C0334,Restaurant_24,Mohali,Phase 7,3,450,30.0,60,480,Wallet,Website,Cancelled,Not Assigned,Not Assigned,4.9,30,,,,Restaurant Delay
ORD03257,2026-04-27,2026-04-27 04:20:00,C0104,Restaurant_15,Mohali,Phase 5,3,750,50.0,30,730,Wallet,Website,Delivered,Shiprocket,RD120,3.9,45,33.0,True,5.0,
ORD02336,2026-04-06,2026-04-06 07:01:00,C0636,Restaurant_04,Mohali,Phase 7,3,660,0.0,30,690,Debit Card,Restaurant App,Delivered,In-house Rider,RD028,1.7,30,33.0,False,5.0,
ORD03260,2026-05-27,2026-05-27 20:00:00,C0625,Restaurant_25,Mohali,Phase 7,1,180,100.0,40,120,Credit Card,Website,Delivered,In-house Rider,RD078,1.9,40,27.0,True,4.0,
ORD01868,2026-04-30,2026-04-30 19:16:00,C0841,Restaurant_04,Chandigarh,Sector 34,3,1200,0.0,40,1240,Debit Card,Restaurant App,Delivered,Shadowfax,RD081,4.0,45,27.0,True,5.0,
ORD01541,2026-04-28,2026-04-28 03:52:00,C1133,Restaurant_22,Panchkula,Sector 5,1,220,0.0,30,250,Cash,Website,Delivered,Shadowfax,RD037,2.5,40,11.0,True,5.0,
ORD00686,2026-03-14,2026-03-14 05:18:00,C0348,Restaurant_25,Chandigarh,Sector 22,5,1750,30.0,50,1770,Credit Card,Website,Delivered,In-house Rider,RD080,4.7,50,33.0,True,5.0,
ORD01105,2026-03-12,2026-03-12 14:12:00,C0156,Restaurant_04,Panchkula,Sector 11,2,640,0.0,60,700,Credit Card,Website,Delivered,Shiprocket,RD123,4.2,50,70.0,False,5.0,
ORD02361,2026-04-02,2026-04-02 04:09:00,C0628,Restaurant_17,Chandigarh,Sector 34,4,1120,0.0,25,1145,UPI,Restaurant App,Cancelled,Not Assigned,Not Assigned,6.7,35,,,,Restaurant Delay
ORD00800,2026-01-29,2026-01-29 11:00:00,C1170,Restaurant_23,Chandigarh,Sector 17,4,480,0.0,30,510,Credit Card,Website,Delivered,In-house Rider,RD036,7.1,40,101.0,False,5.0,
ORD02422,2026-05-14,2026-05-14 06:17:00,C0334,Restaurant_01,Mohali,Phase 7,3,840,20.0,20,840,Wallet,Restaurant App,Delivered,Shadowfax,RD091,4.4,35,27.0,True,5.0,
ORD02551,2026-06-19,2026-06-19 21:46:00,C1147,Restaurant_19,Chandigarh,Sector 22,4,480,0.0,25,505,UPI,Restaurant App,Delivered,Ola Logistics,RD058,1.9,30,18.0,True,2.0,
ORD02869,2026-03-27,2026-03-27 04:46:00,C1137,Restaurant_16,Panchkula,Sector 11,4,1000,0.0,60,1060,Debit Card,Website,Delivered,Ola Logistics,RD145,6.5,30,43.0,False,5.0,
ORD02998,2026-03-25,2026-03-25 01:07:00,C0823,Restaurant_06,Mohali,Phase 7,2,240,0.0,20,260,Wallet,Restaurant App,Delivered,Ola Logistics,RD104,3.2,45,29.0,True,4.0,
ORD02349,2026-02-18,2026-02-18 05:04:00,C1079,Restaurant_13,Chandigarh,Sector 35,1,150,75.0,30,105,Cash,Restaurant App,Delivered,Shadowfax,RD030,9.2,45,44.0,True,5.0,
ORD00430,2026-04-28,2026-04-28 00:38:00,C0255,Restaurant_06,Mohali,Sector 68,2,500,20.0,25,505,Wallet,Website,Delivered,Shiprocket,RD080,3.2,35,20.0,True,4.0,
ORD01957,2026-04-04,2026-04-04 22:26:00,C0893,Restaurant_13,Panchkula,Sector 5,1,320,0.0,40,360,Debit Card,Website,Failed,Not Assigned,Not Assigned,4.7,35,,,,Payment Failed
ORD01430,2026-06-06,2026-06-06 12:55:00,C0098,Restaurant_21,Chandigarh,Sector 17,1,120,20.0,50,150,Credit Card,Website,Delivered,Shadowfax,RD085,5.1,40,20.0,True,5.0,
ORD02921,2026-04-19,2026-04-19 09:04:00,C1184,Restaurant_24,Chandigarh,Sector 34,5,1100,0.0,60,1160,UPI,Restaurant App,Delivered,Ola Logistics,RD093,5.6,30,32.0,False,3.0,
ORD01503,2026-06-06,2026-06-06 02:37:00,C1139,Restaurant_10,Chandigarh,Sector 17,5,600,75.0,20,545,Cash,Restaurant App,Delivered,In-house Rider,RD085,6.3,50,37.0,True,,
ORD00364,2026-01-03,2026-01-03 03:00:00,C1018,Restaurant_16,Mohali,Sector 68,2,640,20.0,40,660,Cash,Restaurant App,Delivered,Shadowfax,RD010,3.7,45,23.0,True,5.0,
ORD03410,2026-05-19,2026-05-19 10:19:00,C1159,Restaurant_08,Chandigarh,Sector 17,5,600,,60,560,Debit Card,Restaurant App,Delivered,Ola Logistics,RD090,,50,34.0,True,,
ORD02280,2026-04-15,2026-04-15 21:23:00,C0004,Restaurant_10,Chandigarh,Sector 34,4,1400,0.0,50,1450,UPI,Website,Failed,Not Assigned,Not Assigned,6.7,40,,,,Payment Failed
ORD03814,2026-05-24,2026-05-24 20:20:00,C0046,Restaurant_11,Panchkula,Sector 5,2,440,50.0,30,420,Cash,Website,Delivered,Shadowfax,RD096,8.5,45,37.0,True,5.0,
ORD02358,2026-03-12,2026-03-12 04:04:00,C0376,Restaurant_03,Chandigarh,Sector 34,2,240,30.0,30,240,Cash,Restaurant App,Delivered,In-house Rider,RD086,4.8,40,36.0,True,5.0,
ORD03613,2026-02-13,2026-02-13 21:05:00,C1150,Restaurant_21,Panchkula,Sector 8,5,900,50.0,20,870,Debit Card,Website,Delivered,In-house Rider,RD003,3.4,30,21.0,True,4.0,
ORD02889,2026-03-23,2026-03-23 22:25:00,C0496,Restaurant_14,Chandigarh,Sector 22,5,1750,30.0,40,1760,Credit Card,Website,Failed,Not Assigned,Not Assigned,1.5,35,,,,Address Issue
ORD00102,2026-03-11,2026-03-11 18:52:00,C0656,Restaurant_14,Mohali,Phase 3B2,1,220,100.0,20,140,UPI,Website,Delivered,Shadowfax,RD060,5.7,50,28.0,True,3.0,
ORD00441,2026-02-26,2026-02-26 20:25:00,C0187,Restaurant_02,Mohali,Sector 68,3,750,0.0,40,790,Wallet,Restaurant App,Failed,Not Assigned,Not Assigned,3.6,30,,,,Rider Unavailable
ORD02423,2026-02-09,2026-02-09 10:41:00,C0506,Restaurant_23,Panchkula,Sector 11,4,1000,100.0,60,960,Credit Card,Restaurant App,Delivered,In-house Rider,RD047,5.0,35,37.0,False,5.0,
ORD03297,2026-03-15,2026-03-15 19:13:00,C0682,Restaurant_23,Panchkula,Sector 8,5,2000,0.0,25,2025,Credit Card,Restaurant App,Delivered,In-house Rider,RD068,0.8,50,20.0,True,5.0,
ORD02860,2026-01-31,2026-01-31 02:09:00,C0434,Restaurant_18,Panchkula,Sector 15,3,660,30.0,30,660,Wallet,Website,Delivered,In-house Rider,RD002,4.3,50,37.0,True,5.0,
ORD01685,2026-04-21,2026-04-21 18:49:00,C0830,Restaurant_17,Chandigarh,Sector 17,2,560,50.0,50,560,UPI,Website,Delivered,Ola Logistics,RD126,7.0,35,30.0,True,4.0,
ORD01309,2026-03-28,2026-03-28 12:26:00,C0957,Restaurant_16,Panchkula,Sector 5,5,750,0.0,30,780,Credit Card,Website,Delivered,Shadowfax,RD063,6.2,30,32.0,False,5.0,
ORD01115,2026-05-11,2026-05-11 05:55:00,C0642,Restaurant_23,Chandigarh,Manimajra,3,360,0.0,40,400,Debit Card,Website,Delivered,Shiprocket,RD067,7.2,30,37.0,False,4.0,
ORD03684,2026-03-21,2026-03-21 21:47:00,C1009,Restaurant_01,Chandigarh,Manimajra,1,400,75.0,25,350,Credit Card,Restaurant App,Delivered,Shadowfax,RD045,5.3,45,34.0,True,4.0,
ORD00202,2026-04-20,2026-04-20 21:06:00,C0426,Restaurant_05,Panchkula,Sector 5,5,1250,75.0,30,1205,Debit Card,Restaurant App,Delivered,Shiprocket,RD112,0.8,40,17.0,True,5.0,
ORD00112,2026-04-02,2026-04-02 00:30:00,C0853,Restaurant_22,Panchkula,Sector 5,3,540,75.0,60,525,UPI,Website,Cancelled,Not Assigned,Not Assigned,0.4,30,,,,Address Issue
ORD02934,2026-06-08,2026-06-08 04:04:00,C0212,Restaurant_04,Mohali,Phase 5,1,180,20.0,25,185,Credit Card,Restaurant App,Delivered,Shiprocket,RD087,3.8,50,98.0,False,4.0,
ORD01407,2026-06-28,2026-06-28 18:16:00,C0654,Restaurant_01,Mohali,Phase 3B2,2,800,20.0,60,840,Wallet,Website,Delivered,In-house Rider,RD127,4.5,50,26.0,True,5.0,
ORD03862,2026-02-04,2026-02-04 04:51:00,C0413,Restaurant_07,Panchkula,Sector 11,2,560,0.0,50,610,Debit Card,Website,Delivered,Shiprocket,RD004,1.6,50,15.0,True,4.0,
ORD01473,2026-05-18,2026-05-18 10:02:00,C0961,Restaurant_13,Chandigarh,Sector 34,1,220,20.0,25,225,UPI,Restaurant App,Delivered,Shadowfax,RD009,5.7,40,22.0,True,4.0,
ORD03720,2026-01-16,2026-01-16 15:22:00,C1031,Restaurant_23,Mohali,Phase 5,3,960,0.0,50,1010,Wallet,Restaurant App,Cancelled,Not Assigned,Not Assigned,3.4,40,,,,Address Issue
ORD01585,2026-01-11,2026-01-11 20:23:00,C0900,Restaurant_05,Panchkula,Sector 15,2,640,0.0,50,690,Debit Card,Restaurant App,Failed,Not Assigned,Not Assigned,3.7,40,,,,Customer Cancelled
ORD03793,2026-04-03,2026-04-03 11:24:00,C0505,Restaurant_02,Panchkula,Sector 11,4,1400,50.0,40,1390,Credit Card,Website,Failed,Not Assigned,Not Assigned,2.4,50,,,,Rider Unavailable
ORD01568,2026-04-28,2026-04-28 08:36:00,C0355,Restaurant_16,Mohali,Phase 3B2,4,1400,20.0,60,1440,Credit Card,Restaurant App,Delivered,In-house Rider,RD098,8.2,45,51.0,False,3.0,
ORD01903,2026-01-05,2026-01-05 00:48:00,C0341,Restaurant_07,Panchkula,Sector 15,2,300,0.0,50,350,Credit Card,Website,Delivered,Ola Logistics,RD121,3.1,50,20.0,True,4.0,
ORD01291,2026-06-03,2026-06-03 00:45:00,C0538,Restaurant_02,Panchkula,Sector 11,2,700,0.0,30,730,Wallet,Restaurant App,Delivered,In-house Rider,RD022,3.4,35,35.0,True,5.0,
ORD01278,2026-06-07,2026-06-07 08:43:00,C1000,Restaurant_19,Chandigarh,Manimajra,2,800,50.0,40,790,Debit Card,Website,Delivered,In-house Rider,RD083,6.7,40,40.0,True,5.0,
ORD01148,2026-01-28,2026-01-28 21:57:00,C0835,Restaurant_17,Chandigarh,Sector 22,4,1400,20.0,25,1405,Debit Card,Website,Delivered,In-house Rider,RD069,5.2,30,20.0,True,5.0,
ORD00994,2026-02-11,2026-02-11 10:22:00,C0974,Restaurant_03,Chandigarh,Sector 17,3,1200,0.0,50,1250,Wallet,Website,Delivered,Shiprocket,RD111,4.2,50,79.0,False,4.0,
ORD01535,2026-06-29,2026-06-29 05:58:00,C0127,Restaurant_18,Chandigarh,Manimajra,1,250,50.0,50,250,Debit Card,Website,Delivered,In-house Rider,RD090,7.3,45,31.0,True,5.0,
ORD01171,2026-03-30,2026-03-30 09:01:00,C0218,Restaurant_17,Panchkula,Sector 11,1,250,0.0,60,310,Cash,Restaurant App,Delivered,In-house Rider,RD062,4.6,50,36.0,True,5.0,
ORD00089,2026-05-13,2026-05-13 01:08:00,C0940,Restaurant_14,Panchkula,Sector 11,5,1600,30.0,50,1620,Credit Card,Restaurant App,Delivered,In-house Rider,RD049,1.9,35,10.0,True,5.0,
ORD00531,2026-03-02,2026-03-02 04:28:00,C1164,Restaurant_23,Panchkula,Sector 11,5,1400,0.0,20,1420,Debit Card,Website,Cancelled,Not Assigned,Not Assigned,1.8,45,,,,Customer Cancelled
ORD01059,2026-03-16,2026-03-16 04:21:00,C0256,Restaurant_12,Mohali,Phase 3B2,3,360,0.0,40,400,Wallet,Restaurant App,Delivered,In-house Rider,RD102,2.4,35,10.0,True,4.0,
ORD00486,2026-05-10,2026-05-10 07:35:00,C0293,Restaurant_24,Chandigarh,Sector 22,1,320,50.0,20,290,Wallet,Website,Delivered,In-house Rider,RD089,4.7,30,17.0,True,5.0,
ORD02110,2026-06-11,2026-06-11 08:53:00,C0140,Restaurant_08,Chandigarh,Sector 34,1,280,0.0,25,305,Credit Card,Restaurant App,Cancelled,Not Assigned,Not Assigned,4.3,45,,,,Address Issue
ORD02578,2026-05-05,2026-05-05 10:27:00,C1089,Restaurant_16,Chandigarh,Sector 34,3,360,0.0,50,410,Wallet,Website,Delivered,In-house Rider,RD006,3.4,30,23.0,True,3.0,
ORD03609,2026-02-16,2026-02-16 20:05:00,C0055,Restaurant_07,Mohali,Phase 7,4,1280,0.0,50,1330,Cash,Website,Delivered,In-house Rider,RD143,5.8,35,33.0,True,4.0,
ORD02393,2026-03-25,2026-03-25 22:59:00,C0395,Restaurant_16,Panchkula,Sector 15,5,1400,20.0,50,1430,Cash,Website,Delivered,In-house Rider,RD047,4.1,50,24.0,True,4.0,
ORD02387,2026-03-10,2026-03-10 23:25:00,C0965,Restaurant_15,Mohali,Sector 68,4,1120,0.0,60,1180,UPI,Restaurant App,Delivered,In-house Rider,RD022,7.2,45,21.0,True,3.0,
ORD00794,2026-06-02,2026-06-02 00:57:00,C0693,Restaurant_03,Chandigarh,Manimajra,1,280,0.0,60,340,Credit Card,Restaurant App,Delivered,Shiprocket,RD076,8.5,35,48.0,False,5.0,
ORD02880,2026-03-31,2026-03-31 00:10:00,C1199,Restaurant_04,Mohali,Sector 68,4,1280,30.0,20,1270,Credit Card,Restaurant App,Delivered,In-house Rider,RD107,5.3,50,26.0,True,5.0,
ORD01661,2026-01-10,2026-01-10 13:36:00,C0071,Restaurant_18,Chandigarh,Manimajra,2,240,50.0,60,250,UPI,Website,Delivered,In-house Rider,RD113,6.5,30,36.0,False,2.0,
ORD02199,2026-03-09,2026-03-09 10:13:00,C0673,Restaurant_14,Panchkula,Sector 11,2,700,0.0,40,740,Cash,Restaurant App,Delivered,In-house Rider,RD129,3.2,50,23.0,True,4.0,
ORD02702,2026-03-04,2026-03-04 20:31:00,C1132,Restaurant_24,Panchkula,Sector 15,5,600,0.0,60,660,Debit Card,Website,Delivered,Shadowfax,RD127,1.8,35,34.0,True,5.0,
ORD03893,2026-06-07,2026-06-07 10:10:00,C0552,Restaurant_20,Panchkula,Sector 15,4,1280,100.0,25,1205,Cash,Website,Delivered,In-house Rider,RD028,2.6,40,13.0,True,3.0,
ORD03129,2026-03-07,2026-03-07 01:15:00,C0304,Restaurant_21,Chandigarh,Sector 22,1,220,0.0,50,270,Credit Card,Restaurant App,Delivered,In-house Rider,RD065,4.9,45,26.0,True,4.0,
ORD02631,2026-01-18,2026-01-18 00:35:00,C0139,Restaurant_12,Panchkula,Sector 5,4,1000,20.0,25,1005,Wallet,Website,Delivered,Ola Logistics,RD082,5.2,50,44.0,True,5.0,
ORD00346,2026-06-24,2026-06-24 23:41:00,C0939,Restaurant_03,Panchkula,Sector 11,1,280,50.0,25,255,Wallet,Restaurant App,Delivered,In-house Rider,RD021,5.4,40,21.0,True,4.0,
ORD01224,2026-06-11,2026-06-11 17:50:00,C1041,Restaurant_01,Chandigarh,Manimajra,1,120,20.0,50,150,Credit Card,Restaurant App,Failed,Not Assigned,Not Assigned,6.1,45,,,,Rider Unavailable
ORD03618,2026-04-17,2026-04-17 13:23:00,C0672,Restaurant_04,Mohali,Phase 3B2,3,660,30.0,60,690,Credit Card,Website,Delivered,Shadowfax,RD069,6.1,45,26.0,True,5.0,
ORD01354,2026-01-14,2026-01-14 18:09:00,C0977,Restaurant_24,Mohali,Phase 3B2,1,150,30.0,60,180,Wallet,Restaurant App,Cancelled,Not Assigned,Not Assigned,2.5,30,,,,Restaurant Delay
ORD02011,2026-03-17,2026-03-17 16:01:00,C0669,Restaurant_07,Mohali,Sector 68,4,480,100.0,30,410,Wallet,Restaurant App,Delivered,Ola Logistics,RD130,5.6,35,36.0,False,5.0,
ORD02544,2026-01-22,2026-01-22 02:48:00,C0223,Restaurant_16,Mohali,Phase 5,4,1600,0.0,40,1640,Debit Card,Website,Delivered,Ola Logistics,RD092,7.0,50,44.0,True,3.0,
ORD03703,2026-02-21,2026-02-21 01:56:00,C0236,Restaurant_17,Chandigarh,Sector 35,5,1250,50.0,60,1260,Credit Card,Website,Delivered,In-house Rider,RD065,0.8,50,13.0,True,4.0,
ORD03775,2026-04-21,2026-04-21 19:26:00,C0966,Restaurant_16,Chandigarh,Manimajra,4,1600,0.0,60,1660,Credit Card,Website,Failed,Not Assigned,Not Assigned,7.7,40,,,,Customer Cancelled
ORD01461,2026-02-19,2026-02-19 06:25:00,C0226,Restaurant_01,Chandigarh,Sector 22,3,360,0.0,60,420,Cash,Website,Delivered,In-house Rider,RD066,4.7,40,34.0,True,5.0,
ORD00901,2026-01-18,2026-01-18 17:28:00,C0443,Restaurant_23,Panchkula,Sector 8,1,150,0.0,40,190,Cash,Website,Cancelled,Not Assigned,Not Assigned,1.9,50,,,,Customer Cancelled
ORD03015,2026-01-14,2026-01-14 04:02:00,C0941,Restaurant_08,Chandigarh,Sector 22,1,280,0.0,60,340,Credit Card,Website,Delivered,In-house Rider,RD095,5.1,35,28.0,True,5.0,
ORD02876,2026-03-21,2026-03-21 23:37:00,C0956,Restaurant_04,Mohali,Phase 7,1,220,20.0,25,225,Wallet,Restaurant App,Delivered,Shadowfax,RD093,4.2,35,32.0,True,5.0,
ORD03422,2026-03-22,2026-03-22 05:50:00,C0926,Restaurant_22,Chandigarh,Sector 22,3,960,100.0,25,885,UPI,Restaurant App,Delivered,Shadowfax,RD058,4.8,50,97.0,False,5.0,
ORD00758,2026-01-29,2026-01-29 01:41:00,C0210,Restaurant_07,Chandigarh,Sector 22,2,440,0.0,25,465,UPI,Restaurant App,Delivered,Ola Logistics,RD050,7.9,35,34.0,True,5.0,
ORD01911,2026-03-15,2026-03-15 21:35:00,C0158,Restaurant_18,Panchkula,Sector 11,5,1250,0.0,50,1300,Credit Card,Website,Delivered,In-house Rider,RD086,8.7,50,42.0,True,4.0,
ORD02285,2026-05-23,2026-05-23 17:42:00,C0937,Restaurant_04,Panchkula,Sector 5,4,1600,0.0,50,1650,Wallet,Website,Delivered,In-house Rider,RD141,6.5,40,43.0,False,5.0,
ORD01311,2026-01-22,2026-01-22 08:20:00,C0475,Restaurant_01,Chandigarh,Sector 22,2,500,20.0,60,540,Wallet,Restaurant App,Delivered,In-house Rider,RD062,4.8,50,33.0,True,4.0,
ORD01320,2026-01-03,2026-01-03 00:10:00,C0602,Restaurant_06,Panchkula,Sector 15,1,320,50.0,25,295,Debit Card,Website,Delivered,In-house Rider,RD134,1.8,50,25.0,True,5.0,
ORD00415,2026-02-07,2026-02-07 13:49:00,C0629,Restaurant_01,Mohali,Phase 7,2,640,75.0,60,625,Credit Card,Website,Delivered,In-house Rider,RD074,5.4,45,26.0,True,2.0,
ORD03064,2026-03-02,2026-03-02 00:18:00,C0724,Restaurant_15,Panchkula,Sector 11,3,960,0.0,30,990,Cash,Restaurant App,Delivered,In-house Rider,RD062,8.0,40,33.0,True,5.0,
ORD02114,2026-05-17,2026-05-17 01:35:00,C0190,Restaurant_21,Chandigarh,Sector 34,4,480,75.0,30,435,Credit Card,Restaurant App,Delivered,Ola Logistics,RD065,3.1,50,38.0,True,3.0,
ORD03797,2026-03-24,2026-03-24 11:53:00,C0385,Restaurant_03,Panchkula,Sector 15,3,450,0.0,50,500,Cash,Website,Delivered,In-house Rider,RD097,4.7,50,36.0,True,3.0,
ORD00807,2026-02-10,2026-02-10 12:45:00,C1101,Restaurant_19,Chandigarh,Manimajra,3,1200,0.0,25,1225,Credit Card,Restaurant App,Delivered,Shadowfax,RD148,5.7,30,30.0,True,5.0,
ORD03044,2026-04-06,2026-04-06 07:09:00,C0273,Restaurant_15,Panchkula,Sector 8,3,450,0.0,60,510,Wallet,Website,Delivered,In-house Rider,RD035,5.7,35,38.0,False,4.0,
ORD03754,2026-06-26,2026-06-26 02:00:00,C0575,Restaurant_09,Panchkula,Sector 11,1,150,75.0,60,135,Debit Card,Restaurant App,Delivered,In-house Rider,RD129,5.3,45,38.0,True,5.0,
ORD01677,2026-01-09,2026-01-09 11:31:00,C0691,Restaurant_25,Chandigarh,Sector 22,1,280,0.0,25,305,Cash,Restaurant App,Delivered,In-house Rider,RD134,8.7,50,44.0,True,5.0,
ORD00432,2026-03-10,2026-03-10 02:16:00,C0252,Restaurant_19,Panchkula,Sector 15,3,660,0.0,20,680,Cash,Website,Delivered,Ola Logistics,RD055,5.7,45,33.0,True,5.0,
ORD02260,2026-05-02,2026-05-02 09:24:00,C0492,Restaurant_16,Mohali,Phase 3B2,5,1600,75.0,20,1545,UPI,Website,Delivered,Ola Logistics,RD111,7.0,35,42.0,False,3.0,
ORD01369,2026-05-29,2026-05-29 23:19:00,C0478,Restaurant_19,Mohali,Phase 5,4,1000,0.0,60,1060,UPI,Restaurant App,Delivered,Shiprocket,RD071,0.8,35,15.0,True,5.0,
ORD01192,2026-05-21,2026-05-21 03:08:00,C0388,Restaurant_12,Panchkula,Sector 8,1,320,100.0,60,280,Wallet,Restaurant App,Failed,Not Assigned,Not Assigned,2.9,30,,,,Rider Unavailable
ORD00581,2026-03-30,2026-03-30 19:23:00,C0059,Restaurant_06,Mohali,Phase 3B2,4,480,0.0,25,505,Credit Card,Website,Delivered,Ola Logistics,RD002,5.5,40,19.0,True,4.0,
ORD01848,2026-05-04,2026-05-04 18:11:00,C0233,Restaurant_13,Panchkula,Sector 11,1,250,100.0,25,175,UPI,Website,Failed,Not Assigned,Not Assigned,6.6,30,,,,Payment Failed
ORD03173,2026-06-07,2026-06-07 20:59:00,C0573,Restaurant_16,Panchkula,Sector 11,2,240,100.0,30,170,Credit Card,Website,Delivered,In-house Rider,RD121,5.8,35,35.0,True,5.0,
ORD00120,2026-01-28,2026-01-28 06:42:00,C0086,Restaurant_14,Mohali,Phase 7,4,1280,20.0,20,1280,Cash,Website,Delivered,In-house Rider,RD061,4.8,40,23.0,True,3.0,
ORD02632,2026-06-07,2026-06-07 02:44:00,C0470,Restaurant_03,Panchkula,Sector 8,5,1600,50.0,60,1610,Debit Card,Restaurant App,Delivered,In-house Rider,RD150,7.8,50,40.0,True,5.0,
ORD01949,2026-02-27,2026-02-27 09:32:00,C0280,Restaurant_02,Panchkula,Sector 11,1,400,0.0,30,430,UPI,Restaurant App,Delivered,In-house Rider,RD041,6.6,45,32.0,True,5.0,
ORD03452,2026-03-22,2026-03-22 12:08:00,C0813,Restaurant_04,Mohali,Phase 3B2,3,750,100.0,40,690,Wallet,Restaurant App,Cancelled,Not Assigned,Not Assigned,0.5,50,,,,Customer Cancelled
ORD03602,2026-03-15,2026-03-15 15:01:00,C0597,Restaurant_13,Panchkula,Sector 5,4,1600,75.0,50,1575,Credit Card,Restaurant App,Delivered,In-house Rider,RD032,4.8,30,21.0,True,4.0,
ORD02137,2026-04-21,2026-04-21 18:01:00,C0031,Restaurant_07,Chandigarh,Sector 22,5,600,50.0,60,610,Cash,Restaurant App,Cancelled,Not Assigned,Not Assigned,4.1,50,,,,Restaurant Delay
ORD03982,2026-02-04,2026-02-04 06:26:00,C0180,Restaurant_13,Chandigarh,Sector 35,2,500,20.0,60,540,Credit Card,Restaurant App,Failed,Not Assigned,Not Assigned,3.5,30,,,,Rider Unavailable
ORD01127,2026-04-11,2026-04-11 19:23:00,C0504,Restaurant_16,Mohali,Phase 7,5,750,0.0,30,780,Wallet,Website,Delivered,In-house Rider,RD066,4.7,50,20.0,True,3.0,
ORD00068,2026-02-14,2026-02-14 10:14:00,C0336,Restaurant_23,Panchkula,Sector 5,4,1120,100.0,60,1080,UPI,Restaurant App,Delivered,In-house Rider,RD128,7.2,30,38.0,False,4.0,
ORD02525,2026-04-01,2026-04-01 10:03:00,C0512,Restaurant_22,Mohali,Phase 3B2,1,120,30.0,50,140,Credit Card,Restaurant App,Delivered,In-house Rider,RD114,3.8,30,30.0,True,5.0,
ORD02341,2026-05-15,2026-05-15 20:21:00,C0087,Restaurant_22,Panchkula,Sector 11,2,800,100.0,50,750,UPI,Website,Delivered,In-house Rider,RD053,4.9,50,29.0,True,5.0,
ORD03640,2026-03-16,2026-03-16 03:39:00,C0443,Restaurant_08,Mohali,Phase 3B2,4,1120,30.0,25,1115,Wallet,Website,Delivered,In-house Rider,RD040,4.5,50,26.0,True,4.0,
ORD00113,2026-02-11,2026-02-11 20:08:00,C1196,Restaurant_15,Mohali,Phase 5,4,600,50.0,20,570,Wallet,Restaurant App,Delivered,Shadowfax,RD122,5.4,45,30.0,True,5.0,
ORD03459,2026-06-27,2026-06-27 18:58:00,C0019,Restaurant_25,Mohali,Sector 68,5,1600,20.0,50,1630,UPI,Restaurant App,Delivered,Shadowfax,RD037,8.7,30,39.0,False,5.0,
ORD00625,2026-02-01,2026-02-01 19:30:00,C0582,Restaurant_07,Panchkula,Sector 15,5,1600,20.0,20,1600,UPI,Restaurant App,Delivered,Shiprocket,RD081,5.3,30,37.0,False,5.0,
ORD01981,2026-06-10,2026-06-10 06:27:00,C0621,Restaurant_19,Chandigarh,Sector 34,5,1400,50.0,20,1370,Wallet,Website,Failed,Not Assigned,Not Assigned,7.4,35,,,,Address Issue
ORD01782,2026-06-13,2026-06-13 20:57:00,C0572,Restaurant_07,Mohali,Sector 68,5,1400,0.0,40,1440,Debit Card,Restaurant App,Delivered,Shadowfax,RD113,6.8,35,39.0,False,5.0,
ORD03922,2026-03-16,2026-03-16 12:43:00,C0202,Restaurant_07,Panchkula,Sector 5,2,560,100.0,25,485,Credit Card,Restaurant App,Delivered,In-house Rider,RD011,5.6,40,36.0,True,5.0,
ORD01632,2026-03-22,2026-03-22 19:58:00,C0435,Restaurant_17,Chandigarh,Manimajra,2,360,100.0,60,320,UPI,Website,Cancelled,Not Assigned,Not Assigned,2.0,45,,,,Restaurant Delay
ORD02991,2026-02-21,2026-02-21 17:53:00,C0794,Restaurant_01,Chandigarh,Sector 35,2,360,75.0,30,315,Cash,Website,Delivered,In-house Rider,RD109,1.9,35,57.0,False,4.0,
ORD03016,2026-01-08,2026-01-08 09:39:00,C0842,Restaurant_04,Mohali,Sector 68,4,1120,50.0,20,1090,Credit Card,Website,Delivered,Ola Logistics,RD042,5.4,50,28.0,True,3.0,
ORD01050,2026-05-26,2026-05-26 11:30:00,C0798,Restaurant_02,Mohali,Phase 7,1,120,0.0,60,180,Cash,Restaurant App,Delivered,In-house Rider,RD071,7.3,30,26.0,True,4.0,
ORD03395,2026-03-26,2026-03-26 09:45:00,C0827,Restaurant_18,Mohali,Phase 3B2,3,660,20.0,30,670,Wallet,Website,Delivered,In-house Rider,RD118,5.3,35,36.0,False,4.0,
ORD02956,2026-02-25,2026-02-25 02:46:00,C0415,Restaurant_12,Chandigarh,Sector 17,1,220,50.0,40,210,Wallet,Website,Delivered,Shadowfax,RD122,3.6,45,30.0,True,4.0,
ORD02486,2026-02-15,2026-02-15 21:45:00,C0407,Restaurant_12,Mohali,Phase 5,1,250,50.0,30,230,UPI,Restaurant App,Delivered,In-house Rider,RD081,6.4,40,25.0,True,2.0,
ORD01421,2026-01-02,2026-01-02 12:53:00,C0165,Restaurant_23,Panchkula,Sector 15,2,500,0.0,25,525,UPI,Restaurant App,Delivered,In-house Rider,RD045,3.0,35,25.0,True,4.0,
ORD02193,2026-06-03,2026-06-03 23:52:00,C0549,Restaurant_18,Chandigarh,Manimajra,3,750,75.0,40,715,UPI,Website,Delivered,In-house Rider,RD075,5.0,35,33.0,True,4.0,
ORD01545,2026-02-28,2026-02-28 23:19:00,C0347,Restaurant_08,Panchkula,Sector 15,2,500,0.0,40,540,UPI,Restaurant App,Delivered,Shadowfax,RD019,3.6,50,35.0,True,5.0,
ORD02489,2026-05-30,2026-05-30 00:28:00,C0747,Restaurant_03,Panchkula,Sector 15,3,450,0.0,30,480,Debit Card,Website,Delivered,In-house Rider,RD067,3.9,30,23.0,True,5.0,
ORD02035,2026-03-18,2026-03-18 16:46:00,C0340,Restaurant_11,Panchkula,Sector 5,1,180,50.0,40,170,Credit Card,Website,Delivered,Ola Logistics,RD078,4.7,50,31.0,True,4.0,
ORD03976,2026-06-04,2026-06-04 04:29:00,C0865,Restaurant_02,Mohali,Phase 5,4,1600,20.0,60,1640,Cash,Website,Delivered,In-house Rider,RD132,3.7,30,22.0,True,5.0,
ORD03085,2026-01-19,2026-01-19 11:40:00,C0795,Restaurant_18,Mohali,Phase 5,1,250,50.0,30,230,Wallet,Website,Delivered,Shiprocket,RD010,5.1,35,82.0,False,3.0,
ORD02405,2026-02-22,2026-02-22 18:36:00,C1033,Restaurant_24,Panchkula,Sector 5,1,180,100.0,50,130,UPI,Restaurant App,Delivered,In-house Rider,RD065,5.9,35,33.0,True,5.0,
ORD00946,2026-02-05,2026-02-05 15:56:00,C0514,Restaurant_08,Mohali,Phase 3B2,3,540,0.0,30,570,Debit Card,Website,Cancelled,Not Assigned,Not Assigned,5.0,50,,,,Payment Failed
ORD03100,2026-04-15,2026-04-15 22:13:00,C0278,Restaurant_09,Panchkula,Sector 11,5,600,0.0,40,640,Credit Card,Website,Delivered,Shadowfax,RD064,3.0,50,14.0,True,5.0,
ORD01518,2026-01-10,2026-01-10 11:08:00,C0135,Restaurant_25,Mohali,Phase 7,4,880,0.0,25,905,UPI,Restaurant App,Delivered,In-house Rider,RD096,4.9,40,24.0,True,5.0,
ORD02381,2026-01-28,2026-01-28 15:57:00,C0085,Restaurant_11,Chandigarh,Manimajra,3,1200,75.0,60,1185,Debit Card,Restaurant App,Delivered,Ola Logistics,RD075,7.0,35,39.0,False,1.0,
ORD01375,2026-04-24,2026-04-24 04:24:00,C0919,Restaurant_15,Mohali,Sector 68,1,250,0.0,40,290,Debit Card,Website,Delivered,Shadowfax,RD133,4.3,35,27.0,True,5.0,
ORD01822,2026-06-04,2026-06-04 16:57:00,C1110,Restaurant_14,Chandigarh,Manimajra,1,150,100.0,20,80,Credit Card,Website,Delivered,In-house Rider,RD012,6.9,45,41.0,True,2.0,
ORD01693,2026-04-26,2026-04-26 21:02:00,C0590,Restaurant_02,Mohali,Phase 5,2,700,75.0,20,645,Cash,Website,Delivered,In-house Rider,RD040,2.5,30,21.0,True,3.0,
ORD03303,2026-06-01,2026-06-01 22:33:00,C0975,Restaurant_15,Chandigarh,Sector 34,5,750,0.0,40,790,UPI,Website,Delivered,Shadowfax,RD039,5.3,35,29.0,True,4.0,
ORD02425,2026-04-29,2026-04-29 00:03:00,C0847,Restaurant_22,Panchkula,Sector 11,2,360,0.0,20,380,UPI,Website,Failed,Not Assigned,Not Assigned,7.0,35,,,,Address Issue
ORD02665,2026-05-13,2026-05-13 19:09:00,C0112,Restaurant_18,Mohali,Phase 3B2,3,1050,100.0,50,1000,Credit Card,Restaurant App,Delivered,In-house Rider,RD111,4.8,50,28.0,True,5.0,
ORD00299,2026-02-02,2026-02-02 04:59:00,C0569,Restaurant_17,Mohali,Phase 7,5,900,30.0,30,900,Credit Card,Website,Cancelled,Not Assigned,Not Assigned,3.5,35,,,,Payment Failed
ORD00203,2026-06-20,2026-06-20 18:21:00,C0098,Restaurant_22,Panchkula,Sector 15,3,540,0.0,20,560,UPI,Website,Delivered,Shadowfax,RD010,4.9,50,30.0,True,3.0,
ORD00075,2026-05-17,2026-05-17 23:35:00,C0148,Restaurant_03,Panchkula,Sector 15,3,540,20.0,25,545,Cash,Restaurant App,Failed,Not Assigned,Not Assigned,6.3,45,,,,Rider Unavailable
ORD03944,2026-06-16,2026-06-16 21:38:00,C1084,Restaurant_14,Chandigarh,Manimajra,4,1600,0.0,40,1640,Wallet,Restaurant App,Delivered,Ola Logistics,RD148,3.9,50,30.0,True,5.0,
ORD00041,2026-01-10,2026-01-10 22:22:00,C0920,Restaurant_07,Panchkula,Sector 11,5,2000,100.0,60,1960,Cash,Website,Delivered,Shadowfax,RD088,5.1,30,28.0,True,4.0,
ORD00731,2026-06-27,2026-06-27 00:05:00,C0691,Restaurant_16,Mohali,Phase 5,3,450,0.0,40,490,Cash,Website,Delivered,Shadowfax,RD069,3.6,45,18.0,True,4.0,
ORD00599,2026-03-20,2026-03-20 05:11:00,C0972,Restaurant_03,Mohali,Phase 7,5,1400,30.0,20,1390,Wallet,Restaurant App,Delivered,In-house Rider,RD037,2.4,40,23.0,True,4.0,
ORD00110,2026-04-06,2026-04-06 22:39:00,C0326,Restaurant_20,Panchkula,Sector 11,3,1200,30.0,60,1230,Wallet,Restaurant App,Cancelled,Not Assigned,Not Assigned,3.1,35,,,,Address Issue
ORD01930,2026-04-16,2026-04-16 09:02:00,C0335,Restaurant_20,Mohali,Phase 3B2,5,2000,50.0,25,1975,Wallet,Website,Delivered,In-house Rider,RD064,4.7,45,24.0,True,2.0,
ORD00163,2026-03-16,2026-03-16 04:13:00,C0869,Restaurant_25,Chandigarh,Manimajra,2,360,75.0,20,305,Debit Card,Restaurant App,Delivered,Ola Logistics,RD125,1.4,45,26.0,True,3.0,
ORD02898,2026-05-26,2026-05-26 08:16:00,C0232,Restaurant_25,Mohali,Phase 7,4,880,50.0,20,850,Wallet,Restaurant App,Delivered,In-house Rider,RD007,4.1,30,31.0,False,5.0,
ORD03429,2026-02-11,2026-02-11 16:15:00,C0110,Restaurant_22,Chandigarh,Manimajra,4,1400,20.0,25,1405,UPI,Website,Delivered,Shadowfax,RD149,5.2,35,28.0,True,4.0,
ORD02749,2026-06-08,2026-06-08 12:26:00,C0768,Restaurant_09,Chandigarh,Manimajra,2,300,0.0,50,350,Credit Card,Website,Delivered,In-house Rider,RD076,3.6,45,32.0,True,4.0,
ORD02895,2026-05-20,2026-05-20 16:21:00,C0470,Restaurant_21,Panchkula,Sector 8,2,500,0.0,40,540,Debit Card,Restaurant App,Delivered,Ola Logistics,RD097,2.7,50,17.0,True,5.0,
ORD02729,2026-05-18,2026-05-18 10:11:00,C0259,Restaurant_09,Panchkula,Sector 15,5,1100,0.0,25,1125,Wallet,Restaurant App,Cancelled,Not Assigned,Not Assigned,3.7,40,,,,Address Issue
ORD02256,2026-05-11,2026-05-11 10:15:00,C1168,Restaurant_01,Mohali,Phase 5,1,150,50.0,50,150,UPI,Restaurant App,Delivered,Shadowfax,RD126,4.9,40,79.0,False,5.0,
ORD01288,2026-06-01,2026-06-01 03:10:00,C0343,Restaurant_12,Mohali,Phase 7,2,360,20.0,25,365,Cash,Restaurant App,Delivered,In-house Rider,RD098,5.0,30,32.0,False,4.0,
ORD03887,2026-03-08,2026-03-08 22:29:00,C0746,Restaurant_11,Chandigarh,Manimajra,4,720,30.0,50,740,Wallet,Website,Cancelled,Not Assigned,Not Assigned,5.7,30,,,,Restaurant Delay
ORD03191,2026-02-23,2026-02-23 00:46:00,C0250,Restaurant_11,Chandigarh,Sector 17,5,1600,30.0,50,1620,Credit Card,Website,Delivered,In-house Rider,RD123,1.9,40,18.0,True,5.0,
ORD03535,2026-01-24,2026-01-24 05:08:00,C1140,Restaurant_16,Panchkula,Sector 15,4,600,0.0,60,660,Wallet,Restaurant App,Delivered,Ola Logistics,RD089,6.7,40,39.0,True,3.0,
ORD00770,2026-06-14,2026-06-14 10:48:00,C0106,Restaurant_23,Panchkula,Sector 8,3,960,0.0,25,985,Debit Card,Restaurant App,Delivered,In-house Rider,RD145,4.1,40,35.0,True,5.0,
ORD02467,2026-01-23,2026-01-23 16:50:00,C0683,Restaurant_19,Panchkula,Sector 8,5,2000,0.0,25,2025,Credit Card,Restaurant App,Cancelled,Not Assigned,Not Assigned,5.1,30,,,,Address Issue
ORD03573,2026-01-27,2026-01-27 18:28:00,C0666,Restaurant_21,Panchkula,Sector 5,1,150,30.0,25,145,Credit Card,Website,Delivered,Ola Logistics,RD029,5.6,50,41.0,True,5.0,
ORD03313,2026-06-09,2026-06-09 05:54:00,C0544,Restaurant_11,Mohali,Phase 7,3,750,30.0,40,760,Wallet,Website,Delivered,Ola Logistics,RD107,5.0,40,27.0,True,4.0,
ORD01395,2026-03-18,2026-03-18 21:33:00,C0399,Restaurant_23,Mohali,Sector 68,5,1600,0.0,40,1640,Debit Card,Website,Cancelled,Not Assigned,Not Assigned,5.3,45,,,,Address Issue
ORD02327,2026-04-03,2026-04-03 19:44:00,C0899,Restaurant_05,Chandigarh,Sector 35,4,880,0.0,40,920,Cash,Restaurant App,Delivered,Ola Logistics,RD084,3.5,35,25.0,True,5.0,
ORD02664,2026-06-03,2026-06-03 09:30:00,C0373,Restaurant_07,Panchkula,Sector 11,2,500,100.0,60,460,UPI,Restaurant App,Delivered,Shadowfax,RD071,4.6,35,26.0,True,5.0,
ORD03021,2026-05-09,2026-05-09 16:44:00,C0096,Restaurant_16,Mohali,Sector 68,1,280,30.0,60,310,Wallet,Restaurant App,Delivered,Shadowfax,RD093,6.9,45,39.0,True,3.0,
ORD03635,2026-04-27,2026-04-27 13:15:00,C0122,Restaurant_24,Chandigarh,Sector 34,5,2000,75.0,20,1945,Credit Card,Restaurant App,Failed,Not Assigned,Not Assigned,0.5,35,,,,Customer Cancelled
ORD03517,2026-06-08,2026-06-08 21:13:00,C1066,Restaurant_09,Chandigarh,Sector 22,3,360,20.0,30,370,Cash,Restaurant App,Delivered,In-house Rider,RD084,3.7,40,30.0,True,4.0,
ORD03208,2026-03-28,2026-03-28 23:58:00,C0936,Restaurant_17,Mohali,Phase 5,3,1200,0.0,40,1240,Wallet,Restaurant App,Delivered,Shiprocket,RD068,6.1,40,43.0,False,5.0,
ORD01232,2026-02-14,2026-02-14 00:56:00,C0680,Restaurant_02,Panchkula,Sector 15,1,320,0.0,20,340,Debit Card,Restaurant App,Delivered,In-house Rider,RD108,1.5,45,19.0,True,3.0,
ORD02720,2026-02-26,2026-02-26 19:30:00,C0636,Restaurant_10,Mohali,Phase 5,1,400,0.0,50,450,Wallet,Website,Delivered,In-house Rider,RD052,4.6,45,31.0,True,5.0,
ORD01343,2026-06-22,2026-06-22 04:05:00,C0491,Restaurant_13,Mohali,Phase 7,3,960,75.0,25,910,Wallet,Website,Delivered,In-house Rider,RD100,2.0,50,18.0,True,5.0,
ORD00334,2026-02-14,2026-02-14 07:51:00,C0384,Restaurant_10,Panchkula,Sector 15,2,560,50.0,40,550,UPI,Restaurant App,Delivered,In-house Rider,RD150,2.8,45,26.0,True,3.0,
ORD01908,2026-06-11,2026-06-11 22:40:00,C0037,Restaurant_25,Chandigarh,Sector 22,4,600,0.0,50,650,Cash,Website,Failed,Not Assigned,Not Assigned,1.4,30,,,,Restaurant Delay
ORD00613,2026-01-07,2026-01-07 06:37:00,C0503,Restaurant_18,Chandigarh,Sector 35,4,600,0.0,30,630,Cash,Restaurant App,Delivered,In-house Rider,RD036,4.6,45,21.0,True,5.0,
ORD00728,2026-04-23,2026-04-23 00:38:00,C0669,Restaurant_05,Chandigarh,Sector 34,1,120,20.0,60,160,UPI,Restaurant App,Delivered,Shiprocket,RD007,3.1,40,15.0,True,2.0,
ORD02703,2026-03-03,2026-03-03 00:13:00,C0232,Restaurant_20,Chandigarh,Sector 34,4,1400,75.0,25,1350,Debit Card,Website,Delivered,In-house Rider,RD079,3.0,35,21.0,True,4.0,
ORD00143,2026-04-13,2026-04-13 03:39:00,C0311,Restaurant_16,Mohali,Phase 5,3,450,75.0,30,405,Cash,Restaurant App,Delivered,In-house Rider,RD070,1.8,45,22.0,True,5.0,
ORD03692,2026-01-12,2026-01-12 17:56:00,C0273,Restaurant_02,Chandigarh,Sector 34,1,250,20.0,30,260,UPI,Restaurant App,Cancelled,Not Assigned,Not Assigned,5.4,35,,,,Address Issue
ORD03831,2026-06-28,2026-06-28 09:34:00,C0750,Restaurant_19,Mohali,Phase 3B2,4,880,0.0,25,905,Wallet,Website,Delivered,In-house Rider,RD047,3.6,45,30.0,True,5.0,
ORD01860,2026-06-27,2026-06-27 07:59:00,C0493,Restaurant_13,Panchkula,Sector 15,1,120,0.0,30,150,Credit Card,Website,Delivered,In-house Rider,RD114,4.0,40,12.0,True,4.0,
ORD00964,2026-02-08,2026-02-08 11:40:00,C0813,Restaurant_17,Mohali,Sector 68,3,1200,20.0,50,1230,Wallet,Restaurant App,Delivered,In-house Rider,RD023,5.4,40,34.0,True,3.0,
ORD01121,2026-04-22,2026-04-22 04:19:00,C0931,Restaurant_23,Panchkula,Sector 11,1,180,0.0,20,200,Wallet,Restaurant App,Delivered,Shiprocket,RD137,3.3,50,26.0,True,5.0,
ORD02735,2026-02-08,2026-02-08 19:57:00,C0399,Restaurant_02,Panchkula,Sector 15,4,480,0.0,30,510,Wallet,Website,Delivered,Shadowfax,RD010,5.4,50,24.0,True,5.0,
ORD00233,2026-03-17,2026-03-17 02:34:00,C0624,Restaurant_13,Chandigarh,Sector 22,1,220,0.0,60,280,UPI,Website,Failed,Not Assigned,Not Assigned,6.4,35,,,,Address Issue
ORD02225,2026-03-24,2026-03-24 17:42:00,C0308,Restaurant_06,Chandigarh,Sector 22,1,220,100.0,40,160,Cash,Restaurant App,Delivered,In-house Rider,RD071,7.3,50,31.0,True,4.0,
ORD02715,2026-06-23,2026-06-23 05:46:00,C1049,Restaurant_04,Chandigarh,Sector 34,4,1600,75.0,20,1545,UPI,Restaurant App,Delivered,In-house Rider,RD088,6.1,30,36.0,False,5.0,
ORD00077,2026-02-05,2026-02-05 21:29:00,C0896,Restaurant_10,Mohali,Phase 3B2,2,440,0.0,20,460,UPI,Restaurant App,Delivered,Ola Logistics,RD150,6.0,40,29.0,True,3.0,
ORD03276,2026-05-29,2026-05-29 06:01:00,C0222,Restaurant_03,Mohali,Phase 7,2,240,100.0,30,170,Debit Card,Restaurant App,Failed,Not Assigned,Not Assigned,2.4,35,,,,Rider Unavailable
ORD00234,2026-05-26,2026-05-26 15:43:00,C0875,Restaurant_08,Mohali,Phase 3B2,5,1600,20.0,25,1605,Cash,Website,Cancelled,Not Assigned,Not Assigned,7.4,45,,,,Payment Failed
ORD02018,2026-04-22,2026-04-22 16:05:00,C0866,Restaurant_21,Chandigarh,Sector 22,1,180,20.0,50,210,Credit Card,Website,Cancelled,Not Assigned,Not Assigned,0.2,45,,,,Customer Cancelled
ORD00257,2026-05-11,2026-05-11 18:17:00,C0984,Restaurant_24,Mohali,Phase 7,2,640,75.0,20,585,UPI,Website,Delivered,In-house Rider,RD054,4.1,40,27.0,True,4.0,
ORD01342,2026-03-25,2026-03-25 14:58:00,C0006,Restaurant_03,Mohali,Phase 3B2,3,360,0.0,50,410,UPI,Restaurant App,Delivered,In-house Rider,RD032,0.9,30,21.0,True,5.0,
ORD03971,2026-05-16,2026-05-16 20:03:00,C0189,Restaurant_18,Panchkula,Sector 15,5,1600,50.0,25,1575,Cash,Website,Cancelled,Not Assigned,Not Assigned,7.0,35,,,,Payment Failed
ORD00834,2026-06-11,2026-06-11 23:07:00,C0794,Restaurant_18,Mohali,Phase 7,5,1100,75.0,30,1055,Credit Card,Website,Delivered,Shadowfax,RD023,5.5,30,33.0,False,5.0,
ORD03332,2026-06-17,2026-06-17 09:00:00,C0532,Restaurant_03,Panchkula,Sector 11,2,500,100.0,20,420,Cash,Website,Delivered,In-house Rider,RD080,6.2,30,26.0,True,5.0,
ORD01079,2026-03-13,2026-03-13 06:12:00,C0057,Restaurant_08,Mohali,Phase 3B2,4,600,0.0,50,650,Cash,Restaurant App,Delivered,Shadowfax,RD117,4.1,45,15.0,True,5.0,
ORD00155,2026-05-20,2026-05-20 22:06:00,C0773,Restaurant_01,Panchkula,Sector 5,2,800,75.0,20,745,Credit Card,Restaurant App,Delivered,In-house Rider,RD057,2.3,30,13.0,True,5.0,
ORD03805,2026-03-17,2026-03-17 01:12:00,C0388,Restaurant_02,Chandigarh,Sector 17,1,350,0.0,40,390,Credit Card,Restaurant App,Delivered,In-house Rider,RD149,6.1,45,38.0,True,5.0,
ORD03799,2026-05-23,2026-05-23 08:39:00,C0402,Restaurant_17,Mohali,Phase 7,3,450,0.0,60,510,Wallet,Website,Failed,Not Assigned,Not Assigned,1.6,50,,,,Restaurant Delay
ORD01251,2026-05-11,2026-05-11 10:45:00,C0308,Restaurant_10,Panchkula,Sector 5,3,1050,0.0,50,1100,UPI,Website,Delivered,In-house Rider,RD064,6.3,40,38.0,True,4.0,
ORD01965,2026-01-05,2026-01-05 13:42:00,C0165,Restaurant_03,Mohali,Phase 5,2,440,100.0,50,390,Cash,Restaurant App,Delivered,Ola Logistics,RD080,0.9,40,16.0,True,4.0,
ORD01788,2026-01-14,2026-01-14 05:30:00,C0005,Restaurant_07,Panchkula,Sector 5,5,1600,100.0,60,1560,UPI,Restaurant App,Delivered,Shadowfax,RD014,8.8,30,38.0,False,4.0,
ORD01983,2026-01-29,2026-01-29 09:13:00,C0691,Restaurant_22,Mohali,Sector 68,4,480,0.0,50,530,Wallet,Website,Failed,Not Assigned,Not Assigned,4.1,30,,,,Payment Failed
ORD01869,2026-02-08,2026-02-08 01:58:00,C0003,Restaurant_09,Mohali,Phase 3B2,5,1750,0.0,60,1810,Debit Card,Website,Delivered,In-house Rider,RD037,1.2,45,18.0,True,5.0,
ORD02565,2026-01-15,2026-01-15 17:39:00,C0771,Restaurant_13,Panchkula,Sector 5,1,220,30.0,30,220,Debit Card,Restaurant App,Delivered,Shiprocket,RD072,4.1,30,25.0,True,5.0,
ORD03160,2026-01-17,2026-01-17 02:11:00,C0070,Restaurant_06,Chandigarh,Sector 22,3,660,0.0,20,680,Credit Card,Restaurant App,Cancelled,Not Assigned,Not Assigned,3.6,45,,,,Rider Unavailable
ORD00387,2026-05-10,2026-05-10 15:06:00,C0577,Restaurant_15,Mohali,Phase 3B2,5,1100,0.0,30,1130,Debit Card,Restaurant App,Failed,Not Assigned,Not Assigned,1.2,30,,,,Payment Failed
ORD03472,2026-02-10,2026-02-10 22:20:00,C0396,Restaurant_08,Panchkula,Sector 15,5,1600,75.0,20,1545,Credit Card,Website,Delivered,Ola Logistics,RD088,5.1,40,39.0,True,5.0,
ORD01259,2026-05-11,2026-05-11 03:06:00,C0347,Restaurant_19,Mohali,Phase 5,5,1750,75.0,20,1695,Credit Card,Restaurant App,Delivered,Shadowfax,RD100,2.9,30,28.0,True,5.0,
ORD03075,2026-02-28,2026-02-28 10:03:00,C1021,Restaurant_15,Panchkula,Sector 11,5,1600,75.0,60,1585,Cash,Website,Delivered,In-house Rider,RD077,3.0,30,10.0,True,5.0,
ORD01842,2026-05-12,2026-05-12 17:06:00,C0126,Restaurant_03,Chandigarh,Sector 34,3,540,0.0,25,565,Credit Card,Website,Delivered,In-house Rider,RD024,7.5,50,32.0,True,5.0,
ORD03142,2026-04-24,2026-04-24 00:20:00,C0340,Restaurant_04,Chandigarh,Sector 34,2,360,75.0,20,305,UPI,Website,Failed,Not Assigned,Not Assigned,5.7,45,,,,Restaurant Delay
ORD01684,2026-06-16,2026-06-16 10:09:00,C0611,Restaurant_01,Panchkula,Sector 5,2,500,50.0,60,510,Wallet,Website,Delivered,Shadowfax,RD056,6.0,50,38.0,True,4.0,
ORD00977,2026-04-06,2026-04-06 15:20:00,C0969,Restaurant_18,Chandigarh,Sector 17,4,1400,20.0,30,1410,UPI,Restaurant App,Delivered,In-house Rider,RD046,6.0,40,31.0,True,5.0,
ORD00435,2026-04-12,2026-04-12 23:19:00,C1085,Restaurant_17,Mohali,Phase 3B2,1,350,100.0,40,290,Credit Card,Restaurant App,Delivered,Ola Logistics,RD026,4.2,35,38.0,False,5.0,
ORD01873,2026-01-19,2026-01-19 18:06:00,C0965,Restaurant_24,Mohali,Sector 68,1,120,0.0,25,145,UPI,Restaurant App,Delivered,In-house Rider,RD136,4.7,50,107.0,False,4.0,
ORD00175,2026-06-14,2026-06-14 05:28:00,C0308,Restaurant_10,Chandigarh,Sector 22,2,300,50.0,20,270,UPI,Website,Cancelled,Not Assigned,Not Assigned,4.6,35,,,,Customer Cancelled
ORD00002,2026-01-23,2026-01-23 19:24:00,C0882,Restaurant_19,Chandigarh,Sector 17,4,600,0.0,20,620,Cash,Website,Delivered,Ola Logistics,RD033,5.6,30,22.0,True,4.0,
ORD02281,2026-04-13,2026-04-13 22:30:00,C0170,Restaurant_10,Chandigarh,Sector 35,3,960,0.0,25,985,Debit Card,Website,Delivered,In-house Rider,RD026,4.9,40,24.0,True,4.0,
ORD02824,2026-01-21,2026-01-21 04:00:00,C0821,Restaurant_07,Panchkula,Sector 11,5,2000,50.0,30,1980,Credit Card,Restaurant App,Delivered,In-house Rider,RD130,8.3,30,32.0,False,5.0,
ORD01204,2026-01-12,2026-01-12 03:29:00,C0324,Restaurant_23,Panchkula,Sector 15,4,1280,0.0,60,1340,Credit Card,Website,Delivered,In-house Rider,RD149,7.9,50,29.0,True,5.0,
ORD03983,2026-05-11,2026-05-11 21:06:00,C0953,Restaurant_09,Mohali,Phase 7,4,720,30.0,40,730,Wallet,Website,Delivered,Ola Logistics,RD013,5.4,50,28.0,True,3.0,
ORD02944,2026-04-07,2026-04-07 10:05:00,C0457,Restaurant_03,Panchkula,Sector 11,2,500,20.0,25,505,UPI,Website,Delivered,In-house Rider,RD039,4.4,40,29.0,True,5.0,
ORD00996,2026-02-12,2026-02-12 07:28:00,C0170,Restaurant_10,Chandigarh,Manimajra,4,480,0.0,20,500,Wallet,Website,Delivered,In-house Rider,RD110,1.0,30,14.0,True,3.0,
ORD01614,2026-03-27,2026-03-27 18:55:00,C0246,Restaurant_06,Panchkula,Sector 8,3,1050,50.0,20,1020,Wallet,Website,Delivered,Shadowfax,RD031,7.6,40,41.0,False,4.0,
ORD02862,2026-02-15,2026-02-15 08:59:00,C0899,Restaurant_20,Mohali,Phase 7,5,2000,50.0,40,1990,Debit Card,Website,Delivered,In-house Rider,RD142,5.4,30,37.0,False,5.0,
ORD01624,2026-04-04,2026-04-04 07:12:00,C0955,Restaurant_18,Chandigarh,Sector 34,4,880,30.0,30,880,Credit Card,Website,Delivered,In-house Rider,RD111,7.4,45,40.0,True,4.0,
ORD00804,2026-04-03,2026-04-03 08:33:00,C0160,Restaurant_05,Mohali,Phase 7,4,1600,,50,1630,Credit Card,Website,Delivered,In-house Rider,RD075,,45,30.0,True,,
ORD02992,2026-04-05,2026-04-05 18:13:00,C0046,Restaurant_05,Chandigarh,Sector 35,2,240,0.0,60,300,UPI,Restaurant App,Delivered,In-house Rider,RD041,5.7,30,39.0,False,5.0,
ORD03324,2026-03-06,2026-03-06 02:50:00,C0836,Restaurant_03,Panchkula,Sector 11,5,1400,0.0,50,1450,UPI,Website,Delivered,Shadowfax,RD073,3.6,50,25.0,True,5.0,
ORD01403,2026-04-12,2026-04-12 23:43:00,C0495,Restaurant_22,Mohali,Phase 7,1,320,0.0,50,370,UPI,Website,Cancelled,Not Assigned,Not Assigned,7.0,35,,,,Rider Unavailable
ORD03556,2026-03-24,2026-03-24 20:39:00,C0814,Restaurant_18,Mohali,Sector 68,4,880,0.0,60,940,Debit Card,Website,Delivered,Ola Logistics,RD063,5.4,35,28.0,True,4.0,
ORD01743,2026-01-22,2026-01-22 00:48:00,C0561,Restaurant_16,Chandigarh,Sector 35,2,360,0.0,50,410,UPI,Restaurant App,Cancelled,Not Assigned,Not Assigned,0.3,50,,,,Restaurant Delay
ORD01874,2026-01-09,2026-01-09 11:46:00,C0324,Restaurant_24,Mohali,Phase 5,5,1600,100.0,30,1530,Wallet,Restaurant App,Delivered,Shadowfax,RD125,3.6,50,21.0,True,5.0,
ORD01241,2026-02-27,2026-02-27 20:28:00,C1078,Restaurant_18,Panchkula,Sector 15,3,1200,75.0,50,1175,Credit Card,Restaurant App,Delivered,Shiprocket,RD091,6.0,45,35.0,True,5.0,
ORD00416,2026-04-23,2026-04-23 23:29:00,C0528,Restaurant_12,Panchkula,Sector 8,1,120,30.0,30,120,Cash,Website,Delivered,In-house Rider,RD069,1.5,35,18.0,True,3.0,
ORD03017,2026-06-19,2026-06-19 03:44:00,C0659,Restaurant_13,Panchkula,Sector 5,1,320,30.0,20,310,Wallet,Website,Delivered,Ola Logistics,RD032,7.6,30,33.0,False,5.0,
ORD03363,2026-01-09,2026-01-09 00:15:00,C0114,Restaurant_02,Mohali,Phase 5,4,880,0.0,30,910,Wallet,Website,Delivered,In-house Rider,RD065,4.4,45,18.0,True,4.0,
ORD00584,2026-04-06,2026-04-06 02:15:00,C0711,Restaurant_02,Chandigarh,Sector 34,1,320,0.0,30,350,Cash,Website,Delivered,In-house Rider,RD051,0.9,40,10.0,True,5.0,
ORD00533,2026-05-15,2026-05-15 12:07:00,C1108,Restaurant_21,Panchkula,Sector 11,4,1120,0.0,25,1145,Debit Card,Restaurant App,Delivered,In-house Rider,RD073,5.2,40,27.0,True,4.0,
ORD03248,2026-01-07,2026-01-07 01:15:00,C0186,Restaurant_07,Panchkula,Sector 5,1,220,20.0,30,230,UPI,Restaurant App,Delivered,Shiprocket,RD019,4.2,30,33.0,False,4.0,
ORD03581,2026-02-13,2026-02-13 16:45:00,C0645,Restaurant_07,Mohali,Sector 68,2,300,0.0,20,320,Cash,Website,Delivered,In-house Rider,RD059,3.9,30,27.0,True,3.0,
ORD01385,2026-02-03,2026-02-03 22:28:00,C1038,Restaurant_07,Panchkula,Sector 11,3,450,100.0,30,380,Cash,Website,Delivered,Ola Logistics,RD080,1.8,40,25.0,True,5.0,
ORD01196,2026-04-21,2026-04-21 16:31:00,C0165,Restaurant_06,Chandigarh,Manimajra,3,540,20.0,60,580,Debit Card,Restaurant App,Delivered,Shiprocket,RD070,6.5,50,33.0,True,5.0,
ORD00704,2026-02-16,2026-02-16 15:24:00,C1142,Restaurant_05,Mohali,Phase 5,1,220,100.0,25,145,Cash,Website,Delivered,In-house Rider,RD012,4.6,50,30.0,True,5.0,
ORD02156,2026-04-30,2026-04-30 11:20:00,C0624,Restaurant_16,Chandigarh,Sector 22,2,700,0.0,40,740,Credit Card,Restaurant App,Delivered,In-house Rider,RD014,6.9,30,30.0,True,4.0,
ORD02563,2026-02-17,2026-02-17 18:55:00,C0465,Restaurant_22,Chandigarh,Sector 35,5,2000,0.0,30,2030,Credit Card,Website,Delivered,In-house Rider,RD084,0.8,35,17.0,True,5.0,
ORD02344,2026-02-25,2026-02-25 16:25:00,C0637,Restaurant_14,Mohali,Sector 68,5,600,0.0,30,630,Debit Card,Restaurant App,Delivered,In-house Rider,RD033,7.4,35,38.0,False,5.0,
ORD00532,2026-05-23,2026-05-23 10:43:00,C0088,Restaurant_19,Panchkula,Sector 11,5,1100,20.0,50,1130,Cash,Website,Delivered,In-house Rider,RD014,3.2,40,33.0,True,5.0,
ORD03055,2026-01-18,2026-01-18 17:45:00,C0367,Restaurant_03,Panchkula,Sector 8,1,280,0.0,60,340,Wallet,Website,Delivered,In-house Rider,RD133,3.1,40,19.0,True,4.0,
ORD03653,2026-02-14,2026-02-14 15:05:00,C1020,Restaurant_08,Chandigarh,Sector 17,2,800,30.0,50,820,Debit Card,Website,Delivered,Shadowfax,RD025,8.8,45,40.0,True,5.0,
ORD01384,2026-03-01,2026-03-01 04:23:00,C0995,Restaurant_15,Panchkula,Sector 15,2,240,50.0,30,220,Credit Card,Website,Delivered,Shadowfax,RD096,8.2,30,45.0,False,5.0,
ORD00931,2026-02-20,2026-02-20 11:24:00,C0441,Restaurant_15,Panchkula,Sector 5,3,960,20.0,25,965,Cash,Website,Delivered,Ola Logistics,RD049,4.2,50,20.0,True,5.0,
ORD02197,2026-02-26,2026-02-26 12:30:00,C0444,Restaurant_01,Panchkula,Sector 15,1,220,30.0,40,230,Debit Card,Restaurant App,Delivered,In-house Rider,RD061,4.1,35,19.0,True,5.0,
ORD00103,2026-01-14,2026-01-14 00:59:00,C1062,Restaurant_03,Mohali,Phase 5,3,1200,30.0,60,1230,UPI,Website,Delivered,In-house Rider,RD149,4.1,50,28.0,True,5.0,
ORD00070,2026-05-29,2026-05-29 21:39:00,C0474,Restaurant_18,Chandigarh,Sector 17,1,350,0.0,60,410,Credit Card,Restaurant App,Delivered,Shadowfax,RD019,9.3,45,30.0,True,5.0,
ORD00389,2026-06-15,2026-06-15 14:54:00,C1071,Restaurant_04,Chandigarh,Sector 17,5,1400,0.0,60,1460,Wallet,Website,Delivered,Shiprocket,RD004,5.5,35,29.0,True,5.0,
ORD02439,2026-01-23,2026-01-23 00:42:00,C0299,Restaurant_25,Panchkula,Sector 8,1,320,50.0,40,310,Debit Card,Restaurant App,Cancelled,Not Assigned,Not Assigned,2.9,40,,,,Customer Cancelled
ORD00699,2026-01-22,2026-01-22 03:18:00,C0510,Restaurant_20,Mohali,Sector 68,2,300,100.0,60,260,Credit Card,Restaurant App,Delivered,Shiprocket,RD104,8.6,40,56.0,False,4.0,
ORD03226,2026-04-27,2026-04-27 08:13:00,C0392,Restaurant_07,Mohali,Phase 7,3,750,0.0,60,810,Credit Card,Restaurant App,Delivered,In-house Rider,RD112,6.3,45,31.0,True,4.0,
ORD00748,2026-05-17,2026-05-17 20:24:00,C0927,Restaurant_08,Mohali,Phase 5,5,600,75.0,40,565,Cash,Restaurant App,Delivered,In-house Rider,RD119,4.3,35,35.0,True,4.0,
ORD01752,2026-04-29,2026-04-29 21:52:00,C0174,Restaurant_17,Panchkula,Sector 15,1,250,75.0,60,235,Debit Card,Website,Cancelled,Not Assigned,Not Assigned,7.2,35,,,,Customer Cancelled
ORD01721,2026-06-06,2026-06-06 23:21:00,C0451,Restaurant_12,Mohali,Sector 68,3,840,100.0,40,780,Credit Card,Website,Delivered,Ola Logistics,RD127,1.8,50,16.0,True,5.0,
ORD01623,2026-01-22,2026-01-22 22:12:00,C1061,Restaurant_16,Chandigarh,Manimajra,3,960,75.0,30,915,Cash,Restaurant App,Delivered,Ola Logistics,RD024,3.3,40,14.0,True,5.0,
ORD03090,2026-05-21,2026-05-21 20:19:00,C0243,Restaurant_10,Panchkula,Sector 5,4,1400,75.0,20,1345,Credit Card,Website,Cancelled,Not Assigned,Not Assigned,0.2,30,,,,Rider Unavailable
ORD01219,2026-01-04,2026-01-04 00:44:00,C0038,Restaurant_05,Mohali,Phase 7,5,1400,100.0,50,1350,Debit Card,Restaurant App,Delivered,In-house Rider,RD002,2.8,45,25.0,True,4.0,
ORD01933,2026-01-04,2026-01-04 02:50:00,C0219,Restaurant_10,Mohali,Phase 5,4,1600,100.0,40,1540,UPI,Restaurant App,Delivered,In-house Rider,RD089,3.2,35,28.0,True,5.0,
ORD02385,2026-04-07,2026-04-07 09:30:00,C1123,Restaurant_08,Mohali,Phase 3B2,2,240,50.0,60,250,Debit Card,Restaurant App,Delivered,Shiprocket,RD030,5.2,30,36.0,False,5.0,
ORD01790,2026-06-29,2026-06-29 14:19:00,C0246,Restaurant_23,Chandigarh,Manimajra,2,300,0.0,60,360,UPI,Website,Delivered,In-house Rider,RD024,4.1,50,22.0,True,4.0,
ORD01194,2026-04-26,2026-04-26 15:23:00,C0274,Restaurant_11,Chandigarh,Manimajra,1,250,0.0,50,300,Credit Card,Restaurant App,Delivered,Ola Logistics,RD044,1.6,50,16.0,True,3.0,
ORD02434,2026-03-23,2026-03-23 14:37:00,C0258,Restaurant_17,Panchkula,Sector 15,4,880,20.0,20,880,Wallet,Website,Delivered,In-house Rider,RD080,7.3,50,33.0,True,5.0,
ORD01096,2026-04-15,2026-04-15 00:04:00,C0407,Restaurant_13,Mohali,Phase 3B2,2,800,20.0,25,805,Wallet,Restaurant App,Delivered,Shadowfax,RD129,5.6,35,29.0,True,5.0,
ORD01961,2026-04-14,2026-04-14 03:05:00,C0859,Restaurant_05,Chandigarh,Sector 34,5,1400,20.0,60,1440,Credit Card,Website,Delivered,Ola Logistics,RD129,5.8,30,28.0,True,4.0,
ORD01817,2026-05-01,2026-05-01 16:34:00,C1106,Restaurant_08,Panchkula,Sector 11,5,1100,50.0,25,1075,UPI,Website,Delivered,Shiprocket,RD059,5.2,35,29.0,True,5.0,
ORD03935,2026-02-05,2026-02-05 13:37:00,C1016,Restaurant_20,Mohali,Sector 68,2,440,0.0,40,480,UPI,Website,Delivered,In-house Rider,RD125,8.0,40,26.0,True,2.0,
ORD00726,2026-03-23,2026-03-23 01:20:00,C0819,Restaurant_18,Chandigarh,Sector 35,4,1000,100.0,50,950,Wallet,Restaurant App,Delivered,Ola Logistics,RD003,6.7,50,43.0,True,4.0,
ORD03830,2026-04-10,2026-04-10 21:11:00,C0774,Restaurant_13,Chandigarh,Sector 22,2,240,100.0,25,165,Wallet,Restaurant App,Delivered,Shadowfax,RD112,2.2,40,12.0,True,3.0,
ORD00963,2026-04-06,2026-04-06 06:14:00,C0669,Restaurant_06,Panchkula,Sector 5,3,360,0.0,25,385,Cash,Restaurant App,Delivered,In-house Rider,RD081,4.5,35,18.0,True,4.0,
ORD00892,2026-01-30,2026-01-30 01:10:00,C0145,Restaurant_21,Panchkula,Sector 8,3,360,0.0,50,410,UPI,Restaurant App,Failed,Not Assigned,Not Assigned,7.0,40,,,,Restaurant Delay
ORD00190,2026-06-28,2026-06-28 22:48:00,C0668,Restaurant_02,Panchkula,Sector 15,1,250,75.0,50,225,Cash,Website,Delivered,Shadowfax,RD097,4.2,35,19.0,True,5.0,
ORD00947,2026-01-30,2026-01-30 20:30:00,C0638,Restaurant_01,Mohali,Sector 68,5,900,0.0,30,930,Cash,Website,Delivered,In-house Rider,RD038,3.9,35,28.0,True,4.0,
ORD01055,2026-06-25,2026-06-25 13:35:00,C0419,Restaurant_07,Panchkula,Sector 8,1,120,0.0,25,145,UPI,Restaurant App,Delivered,In-house Rider,RD110,4.6,30,26.0,True,5.0,
ORD02779,2026-01-31,2026-01-31 15:43:00,C1164,Restaurant_09,Mohali,Phase 7,2,300,30.0,40,310,Credit Card,Restaurant App,Cancelled,Not Assigned,Not Assigned,5.9,30,,,,Payment Failed
ORD00173,2026-06-27,2026-06-27 19:48:00,C0176,Restaurant_07,Panchkula,Sector 5,4,1280,0.0,60,1340,Debit Card,Restaurant App,Delivered,In-house Rider,RD073,3.5,45,29.0,True,2.0,
ORD01310,2026-05-20,2026-05-20 12:03:00,C0248,Restaurant_09,Panchkula,Sector 5,4,480,50.0,40,470,UPI,Restaurant App,Delivered,In-house Rider,RD033,4.5,40,32.0,True,5.0,
ORD03587,2026-06-28,2026-06-28 23:18:00,C0559,Restaurant_06,Panchkula,Sector 8,1,280,75.0,30,235,Debit Card,Restaurant App,Delivered,Shadowfax,RD026,4.8,40,31.0,True,5.0,
ORD01289,2026-02-03,2026-02-03 06:59:00,C0806,Restaurant_10,Chandigarh,Sector 34,1,280,30.0,50,300,Cash,Website,Delivered,Shadowfax,RD059,1.4,45,15.0,True,5.0,
ORD00208,2026-02-04,2026-02-04 00:45:00,C0525,Restaurant_13,Mohali,Phase 3B2,5,1600,20.0,30,1610,Cash,Website,Delivered,In-house Rider,RD060,2.9,35,36.0,False,5.0,
ORD01835,2026-02-01,2026-02-01 13:23:00,C1193,Restaurant_22,Mohali,Phase 7,5,1600,75.0,25,1550,Credit Card,Website,Delivered,In-house Rider,RD118,5.7,40,34.0,True,5.0,
ORD02802,2026-01-04,2026-01-04 18:04:00,C0112,Restaurant_11,Chandigarh,Sector 17,5,1250,20.0,60,1290,Cash,Restaurant App,Failed,Not Assigned,Not Assigned,0.9,35,,,,Rider Unavailable
ORD02629,2026-05-22,2026-05-22 00:15:00,C0763,Restaurant_22,Chandigarh,Sector 35,5,1750,50.0,60,1760,Cash,Website,Delivered,Ola Logistics,RD060,6.1,40,33.0,True,5.0,
ORD02518,2026-05-26,2026-05-26 03:01:00,C0535,Restaurant_19,Panchkula,Sector 15,4,720,20.0,40,740,UPI,Restaurant App,Delivered,Ola Logistics,RD110,3.4,30,15.0,True,5.0,
ORD01355,2026-02-08,2026-02-08 02:57:00,C0159,Restaurant_10,Mohali,Phase 3B2,2,560,50.0,40,550,Wallet,Website,Delivered,In-house Rider,RD107,1.5,45,21.0,True,5.0,
ORD02762,2026-06-17,2026-06-17 00:26:00,C0093,Restaurant_14,Chandigarh,Manimajra,4,1600,30.0,30,1600,Cash,Restaurant App,Delivered,Shiprocket,RD109,2.8,30,28.0,True,3.0,
ORD00361,2026-05-05,2026-05-05 15:37:00,C0465,Restaurant_21,Chandigarh,Sector 22,3,1200,0.0,50,1250,Cash,Website,Delivered,Shadowfax,RD086,6.3,50,27.0,True,4.0,
ORD00178,2026-04-21,2026-04-21 18:48:00,C0772,Restaurant_08,Chandigarh,Sector 17,5,1100,0.0,25,1125,Cash,Restaurant App,Failed,Not Assigned,Not Assigned,3.5,50,,,,Customer Cancelled
ORD03262,2026-06-22,2026-06-22 07:46:00,C1159,Restaurant_07,Chandigarh,Sector 34,5,750,30.0,25,745,Debit Card,Restaurant App,Failed,Not Assigned,Not Assigned,4.0,45,,,,Address Issue
ORD00873,2026-02-20,2026-02-20 16:45:00,C0415,Restaurant_09,Chandigarh,Sector 17,4,1280,30.0,20,1270,UPI,Restaurant App,Failed,Not Assigned,Not Assigned,7.2,50,,,,Restaurant Delay
ORD02816,2026-03-23,2026-03-23 06:51:00,C0962,Restaurant_16,Chandigarh,Sector 35,3,960,0.0,50,1010,Credit Card,Restaurant App,Delivered,Ola Logistics,RD044,3.6,30,26.0,True,5.0,
ORD00929,2026-03-27,2026-03-27 17:16:00,C0736,Restaurant_05,Panchkula,Sector 8,2,800,20.0,25,805,Cash,Restaurant App,Delivered,Ola Logistics,RD113,1.8,40,22.0,True,4.0,
ORD03392,2026-05-23,2026-05-23 02:47:00,C0911,Restaurant_21,Panchkula,Sector 5,3,360,0.0,50,410,Wallet,Website,Delivered,In-house Rider,RD066,1.7,50,23.0,True,4.0,
ORD02783,2026-02-23,2026-02-23 05:19:00,C0664,Restaurant_06,Chandigarh,Manimajra,1,180,50.0,50,180,UPI,Website,Delivered,In-house Rider,RD143,4.1,40,23.0,True,5.0,
ORD02436,2026-05-28,2026-05-28 00:54:00,C0967,Restaurant_03,Panchkula,Sector 11,5,1400,0.0,20,1420,Wallet,Website,Delivered,In-house Rider,RD026,7.4,30,38.0,False,5.0,
ORD00778,2026-04-01,2026-04-01 11:52:00,C0184,Restaurant_25,Mohali,Phase 7,5,2000,0.0,40,2040,Debit Card,Restaurant App,Delivered,In-house Rider,RD146,5.8,45,32.0,True,2.0,
ORD01387,2026-06-24,2026-06-24 18:13:00,C0933,Restaurant_11,Panchkula,Sector 15,5,1100,20.0,20,1100,Cash,Website,Cancelled,Not Assigned,Not Assigned,0.2,30,,,,Restaurant Delay
ORD00863,2026-01-19,2026-01-19 05:40:00,C0473,Restaurant_14,Chandigarh,Sector 35,3,660,0.0,60,720,Wallet,Restaurant App,Failed,Not Assigned,Not Assigned,2.3,40,,,,Customer Cancelled
ORD03311,2026-06-20,2026-06-20 23:19:00,C0249,Restaurant_01,Chandigarh,Sector 17,2,360,100.0,40,300,Credit Card,Restaurant App,Delivered,Ola Logistics,RD143,3.5,35,26.0,True,4.0,
ORD03575,2026-04-29,2026-04-29 06:39:00,C0823,Restaurant_25,Panchkula,Sector 15,3,660,100.0,25,585,UPI,Restaurant App,Delivered,In-house Rider,RD037,6.8,50,32.0,True,5.0,
ORD03460,2026-02-26,2026-02-26 13:25:00,C0188,Restaurant_10,Mohali,Sector 68,5,900,50.0,50,900,Credit Card,Restaurant App,Delivered,Shadowfax,RD024,9.5,50,44.0,True,5.0,
ORD03293,2026-02-02,2026-02-02 14:49:00,C0712,Restaurant_10,Panchkula,Sector 11,2,800,50.0,25,775,Debit Card,Restaurant App,Delivered,Shadowfax,RD105,6.8,40,39.0,True,3.0,
ORD01149,2026-01-18,2026-01-18 21:48:00,C0306,Restaurant_03,Chandigarh,Sector 17,3,660,0.0,60,720,Wallet,Restaurant App,Failed,Not Assigned,Not Assigned,1.0,40,,,,Restaurant Delay
ORD01536,2026-06-24,2026-06-24 16:31:00,C0416,Restaurant_17,Chandigarh,Sector 22,2,800,0.0,40,840,Debit Card,Restaurant App,Delivered,Shiprocket,RD129,5.3,50,19.0,True,4.0,
ORD00787,2026-01-04,2026-01-04 05:20:00,C0710,Restaurant_06,Panchkula,Sector 5,4,480,0.0,20,500,UPI,Website,Failed,Not Assigned,Not Assigned,4.2,35,,,,Payment Failed
ORD01466,2026-02-15,2026-02-15 04:54:00,C0207,Restaurant_24,Panchkula,Sector 8,2,300,100.0,30,230,Debit Card,Restaurant App,Delivered,Ola Logistics,RD057,5.3,45,38.0,True,4.0,
ORD00565,2026-04-14,2026-04-14 05:00:00,C0132,Restaurant_13,Mohali,Sector 68,5,1100,50.0,20,1070,Debit Card,Website,Delivered,In-house Rider,RD084,1.9,40,23.0,True,5.0,
ORD03211,2026-02-27,2026-02-27 00:20:00,C0125,Restaurant_08,Chandigarh,Sector 22,4,1000,50.0,20,970,UPI,Website,Delivered,In-house Rider,RD082,4.8,40,34.0,True,4.0,
ORD00222,2026-01-07,2026-01-07 22:09:00,C1025,Restaurant_02,Mohali,Phase 3B2,3,360,75.0,25,310,Credit Card,Website,Delivered,In-house Rider,RD046,4.2,40,28.0,True,5.0,
ORD01325,2026-02-03,2026-02-03 05:23:00,C1141,Restaurant_15,Mohali,Phase 7,5,1400,20.0,60,1440,Wallet,Restaurant App,Delivered,In-house Rider,RD063,3.7,30,24.0,True,5.0,
ORD01544,2026-04-22,2026-04-22 20:08:00,C0326,Restaurant_15,Chandigarh,Sector 17,3,540,30.0,50,560,Debit Card,Website,Delivered,In-house Rider,RD052,2.0,50,10.0,True,2.0,
ORD02988,2026-06-04,2026-06-04 00:37:00,C0856,Restaurant_01,Panchkula,Sector 11,3,960,100.0,50,910,Wallet,Website,Delivered,In-house Rider,RD003,2.1,35,10.0,True,5.0,
ORD02924,2026-05-23,2026-05-23 17:45:00,C0380,Restaurant_04,Panchkula,Sector 5,3,840,0.0,30,870,UPI,Website,Delivered,In-house Rider,RD085,3.2,30,20.0,True,4.0,
ORD02444,2026-02-09,2026-02-09 16:41:00,C1004,Restaurant_23,Chandigarh,Sector 17,5,750,50.0,60,760,Wallet,Website,Delivered,Shiprocket,RD102,7.3,40,35.0,True,4.0,
ORD02809,2026-06-13,2026-06-13 13:57:00,C0481,Restaurant_15,Mohali,Phase 3B2,3,1050,0.0,30,1080,Debit Card,Website,Delivered,Ola Logistics,RD043,3.9,35,25.0,True,4.0,
ORD03741,2026-04-17,2026-04-17 11:12:00,C0687,Restaurant_12,Mohali,Sector 68,3,750,0.0,25,775,UPI,Restaurant App,Delivered,Ola Logistics,RD067,4.8,30,33.0,False,5.0,
ORD02807,2026-03-11,2026-03-11 19:58:00,C0726,Restaurant_11,Chandigarh,Manimajra,1,150,0.0,20,170,UPI,Restaurant App,Delivered,Shadowfax,RD019,4.0,35,27.0,True,5.0,
ORD00805,2026-05-12,2026-05-12 08:53:00,C0624,Restaurant_14,Panchkula,Sector 11,4,1000,0.0,40,1040,UPI,Restaurant App,Delivered,Ola Logistics,RD052,9.5,30,45.0,False,5.0,
ORD00838,2026-05-21,2026-05-21 21:40:00,C0345,Restaurant_07,Mohali,Phase 3B2,5,2000,0.0,30,2030,UPI,Restaurant App,Delivered,In-house Rider,RD067,9.9,50,39.0,True,3.0,
ORD00433,2026-03-06,2026-03-06 09:04:00,C0545,Restaurant_07,Mohali,Phase 5,4,1400,75.0,20,1345,Cash,Restaurant App,Delivered,In-house Rider,RD091,6.9,50,38.0,True,5.0,
ORD02185,2026-05-28,2026-05-28 03:40:00,C0645,Restaurant_25,Chandigarh,Sector 34,2,440,0.0,50,490,UPI,Website,Delivered,In-house Rider,RD004,7.4,50,53.0,False,5.0,
ORD03629,2026-05-29,2026-05-29 11:28:00,C0436,Restaurant_02,Chandigarh,Manimajra,5,600,75.0,50,575,Debit Card,Website,Delivered,In-house Rider,RD043,6.3,35,33.0,True,4.0,
ORD03615,2026-04-26,2026-04-26 19:52:00,C1006,Restaurant_23,Chandigarh,Sector 17,4,600,75.0,25,550,Credit Card,Restaurant App,Delivered,Shadowfax,RD090,7.8,40,42.0,False,5.0,
ORD03251,2026-03-25,2026-03-25 01:55:00,C0981,Restaurant_10,Panchkula,Sector 15,4,1000,100.0,25,925,Debit Card,Restaurant App,Delivered,Ola Logistics,RD038,7.3,30,47.0,False,5.0,
ORD02995,2026-02-18,2026-02-18 14:19:00,C0367,Restaurant_09,Mohali,Sector 68,4,1280,30.0,60,1310,Wallet,Restaurant App,Delivered,In-house Rider,RD064,6.4,50,79.0,False,5.0,
ORD03763,2026-04-27,2026-04-27 07:24:00,C0516,Restaurant_11,Chandigarh,Manimajra,1,320,50.0,50,320,Debit Card,Website,Delivered,In-house Rider,RD082,4.0,45,24.0,True,4.0,
ORD00623,2026-03-14,2026-03-14 19:47:00,C0604,Restaurant_14,Panchkula,Sector 11,1,220,0.0,30,250,Cash,Restaurant App,Delivered,In-house Rider,RD005,4.4,50,23.0,True,5.0,
ORD00417,2026-02-17,2026-02-17 07:22:00,C0941,Restaurant_11,Panchkula,Sector 8,1,280,20.0,20,280,Wallet,Website,Delivered,In-house Rider,RD075,4.9,40,29.0,True,5.0,
ORD03318,2026-01-18,2026-01-18 18:44:00,C0854,Restaurant_24,Chandigarh,Sector 17,3,1050,30.0,20,1040,Wallet,Website,Cancelled,Not Assigned,Not Assigned,5.5,45,,,,Address Issue
ORD00125,2026-04-01,2026-04-01 07:20:00,C0292,Restaurant_09,Mohali,Phase 3B2,3,750,50.0,25,725,UPI,Restaurant App,Delivered,In-house Rider,RD148,3.5,50,35.0,True,5.0,
ORD00577,2026-02-24,2026-02-24 18:19:00,C0016,Restaurant_06,Mohali,Phase 5,2,700,75.0,50,675,Cash,Restaurant App,Delivered,Ola Logistics,RD089,3.3,35,31.0,True,5.0,
ORD01781,2026-02-02,2026-02-02 19:36:00,C0837,Restaurant_24,Mohali,Phase 7,1,280,75.0,25,230,UPI,Restaurant App,Delivered,Shiprocket,RD134,5.8,35,27.0,True,5.0,
ORD01292,2026-02-09,2026-02-09 09:12:00,C0371,Restaurant_25,Chandigarh,Sector 17,1,250,50.0,30,230,Credit Card,Restaurant App,Delivered,Ola Logistics,RD008,3.4,35,20.0,True,5.0,
ORD00496,2026-05-07,2026-05-07 15:30:00,C0018,Restaurant_25,Chandigarh,Sector 35,2,700,20.0,60,740,UPI,Website,Delivered,In-house Rider,RD090,7.3,45,36.0,True,1.0,
ORD00854,2026-04-28,2026-04-28 05:27:00,C0596,Restaurant_09,Chandigarh,Sector 22,5,600,30.0,20,590,UPI,Restaurant App,Delivered,Shiprocket,RD057,5.5,50,28.0,True,5.0,
ORD00271,2026-03-04,2026-03-04 08:41:00,C0341,Restaurant_20,Panchkula,Sector 11,4,600,0.0,50,650,Cash,Website,Delivered,In-house Rider,RD103,7.0,35,38.0,False,5.0,
ORD00615,2026-05-21,2026-05-21 00:16:00,C0802,Restaurant_16,Mohali,Sector 68,2,360,0.0,30,390,UPI,Website,Delivered,Ola Logistics,RD032,3.2,35,16.0,True,5.0,
ORD03010,2026-03-22,2026-03-22 16:11:00,C0720,Restaurant_01,Panchkula,Sector 8,4,880,100.0,50,830,Credit Card,Website,Delivered,Shadowfax,RD106,6.6,45,31.0,True,3.0,
ORD03255,2026-06-13,2026-06-13 13:23:00,C0776,Restaurant_19,Panchkula,Sector 5,1,250,0.0,25,275,Debit Card,Website,Delivered,Shadowfax,RD032,4.7,45,31.0,True,5.0,
ORD00084,2026-02-22,2026-02-22 11:42:00,C0247,Restaurant_19,Mohali,Phase 3B2,3,1050,75.0,20,995,Wallet,Website,Delivered,Shadowfax,RD123,7.8,35,40.0,False,5.0,
ORD01363,2026-05-12,2026-05-12 15:34:00,C0986,Restaurant_19,Mohali,Sector 68,2,560,30.0,50,580,Wallet,Restaurant App,Delivered,In-house Rider,RD091,5.7,35,28.0,True,4.0,
ORD00958,2026-05-30,2026-05-30 20:27:00,C0193,Restaurant_13,Panchkula,Sector 8,3,1050,20.0,20,1050,Wallet,Restaurant App,Delivered,In-house Rider,RD009,4.6,50,18.0,True,5.0,
ORD02111,2026-06-25,2026-06-25 18:07:00,C0620,Restaurant_12,Chandigarh,Sector 22,2,300,0.0,25,325,Wallet,Website,Delivered,In-house Rider,RD042,6.1,40,43.0,False,5.0,
ORD00681,2026-06-08,2026-06-08 10:13:00,C0080,Restaurant_22,Mohali,Phase 5,5,900,100.0,20,820,Wallet,Website,Delivered,In-house Rider,RD053,1.3,40,20.0,True,5.0,
ORD02331,2026-01-01,2026-01-01 01:58:00,C0285,Restaurant_11,Panchkula,Sector 5,2,240,0.0,60,300,Debit Card,Restaurant App,Cancelled,Not Assigned,Not Assigned,0.0,40,,,,Address Issue
ORD00814,2026-04-03,2026-04-03 02:50:00,C1182,Restaurant_24,Mohali,Phase 3B2,3,360,0.0,50,410,Credit Card,Website,Failed,Not Assigned,Not Assigned,1.1,50,,,,Address Issue
ORD02612,2026-05-05,2026-05-05 09:26:00,C0155,Restaurant_19,Mohali,Phase 7,4,720,30.0,50,740,Credit Card,Website,Delivered,Shiprocket,RD113,4.7,30,31.0,False,5.0,
ORD02186,2026-04-27,2026-04-27 09:59:00,C1197,Restaurant_13,Mohali,Phase 5,4,600,0.0,60,660,Wallet,Restaurant App,Delivered,In-house Rider,RD104,4.8,35,33.0,True,2.0,
ORD01862,2026-04-17,2026-04-17 01:00:00,C0509,Restaurant_23,Mohali,Phase 5,2,440,100.0,30,370,Cash,Restaurant App,Delivered,Shiprocket,RD029,3.6,50,22.0,True,4.0,
ORD01760,2026-01-26,2026-01-26 18:26:00,C0993,Restaurant_07,Chandigarh,Sector 34,2,640,50.0,40,630,Credit Card,Website,Failed,Not Assigned,Not Assigned,5.5,40,,,,Payment Failed
ORD01178,2026-06-21,2026-06-21 13:20:00,C0771,Restaurant_09,Mohali,Phase 5,1,350,20.0,30,360,Cash,Restaurant App,Cancelled,Not Assigned,Not Assigned,3.4,30,,,,Restaurant Delay
ORD01722,2026-04-04,2026-04-04 03:59:00,C0612,Restaurant_17,Mohali,Phase 7,5,1400,30.0,20,1390,UPI,Restaurant App,Delivered,Shiprocket,RD061,2.1,35,16.0,True,4.0,
ORD01326,2026-01-01,2026-01-01 04:07:00,C1045,Restaurant_24,Chandigarh,Manimajra,5,600,0.0,50,650,UPI,Restaurant App,Delivered,Ola Logistics,RD035,3.6,35,29.0,True,5.0,
ORD02165,2026-03-02,2026-03-02 08:57:00,C0626,Restaurant_16,Chandigarh,Sector 34,1,120,50.0,25,95,Credit Card,Restaurant App,Delivered,Shiprocket,RD099,5.4,50,39.0,True,5.0,
ORD02253,2026-03-18,2026-03-18 01:54:00,C0408,Restaurant_06,Panchkula,Sector 8,1,250,30.0,40,260,Debit Card,Website,Cancelled,Not Assigned,Not Assigned,0.4,50,,,,Rider Unavailable
ORD01996,2026-05-21,2026-05-21 23:33:00,C1006,Restaurant_16,Chandigarh,Sector 34,3,660,30.0,25,655,Credit Card,Restaurant App,Delivered,In-house Rider,RD120,3.4,30,25.0,True,4.0,
ORD02675,2026-06-14,2026-06-14 19:18:00,C0361,Restaurant_21,Panchkula,Sector 8,1,350,0.0,25,375,UPI,Website,Delivered,Shiprocket,RD090,4.8,50,22.0,True,5.0,
ORD02817,2026-03-22,2026-03-22 03:58:00,C0735,Restaurant_03,Mohali,Phase 3B2,4,1600,100.0,60,1560,Wallet,Restaurant App,Delivered,In-house Rider,RD141,5.8,45,35.0,True,5.0,
ORD03440,2026-01-26,2026-01-26 12:25:00,C1107,Restaurant_09,Mohali,Phase 3B2,3,540,100.0,20,460,Cash,Restaurant App,Delivered,Shadowfax,RD053,6.9,50,41.0,True,4.0,
ORD01511,2026-02-18,2026-02-18 04:51:00,C0174,Restaurant_02,Panchkula,Sector 8,4,480,50.0,20,450,Debit Card,Website,Cancelled,Not Assigned,Not Assigned,5.8,40,,,,Customer Cancelled
ORD03909,2026-03-09,2026-03-09 05:57:00,C0427,Restaurant_01,Panchkula,Sector 15,5,750,75.0,50,725,UPI,Restaurant App,Delivered,In-house Rider,RD149,7.1,45,33.0,True,3.0,
ORD02251,2026-05-11,2026-05-11 23:49:00,C0995,Restaurant_11,Panchkula,Sector 5,1,120,20.0,40,140,Debit Card,Website,Delivered,In-house Rider,RD001,11.7,50,51.0,False,4.0,
ORD03589,2026-06-02,2026-06-02 07:14:00,C0525,Restaurant_24,Panchkula,Sector 11,4,720,0.0,40,760,UPI,Restaurant App,Delivered,In-house Rider,RD116,2.5,45,33.0,True,2.0,
ORD03624,2026-02-11,2026-02-11 04:17:00,C0484,Restaurant_05,Panchkula,Sector 15,2,360,20.0,60,400,Wallet,Restaurant App,Delivered,In-house Rider,RD135,4.3,50,18.0,True,5.0,
ORD01003,2026-01-14,2026-01-14 10:25:00,C0967,Restaurant_22,Panchkula,Sector 15,3,840,100.0,30,770,Credit Card,Website,Delivered,In-house Rider,RD123,3.5,45,27.0,True,2.0,
ORD00840,2026-01-10,2026-01-10 15:11:00,C0399,Restaurant_20,Chandigarh,Manimajra,1,150,0.0,50,200,Cash,Website,Delivered,Shadowfax,RD144,3.9,30,22.0,True,5.0,
ORD01469,2026-06-06,2026-06-06 10:52:00,C0384,Restaurant_04,Panchkula,Sector 11,3,960,75.0,25,910,Wallet,Restaurant App,Delivered,In-house Rider,RD063,5.9,45,37.0,True,5.0,
ORD03047,2026-03-13,2026-03-13 20:36:00,C1077,Restaurant_12,Mohali,Phase 3B2,1,280,0.0,60,340,Cash,Restaurant App,Failed,Not Assigned,Not Assigned,6.6,40,,,,Customer Cancelled
ORD03811,2026-01-26,2026-01-26 20:13:00,C0938,Restaurant_06,Panchkula,Sector 8,4,880,0.0,25,905,Debit Card,Restaurant App,Delivered,Ola Logistics,RD067,1.9,35,19.0,True,5.0,
ORD00736,2026-06-04,2026-06-04 14:03:00,C0813,Restaurant_25,Chandigarh,Sector 34,5,900,0.0,60,960,Debit Card,Restaurant App,Delivered,Ola Logistics,RD124,7.1,30,38.0,False,4.0,
ORD00108,2026-05-25,2026-05-25 17:58:00,C1130,Restaurant_12,Mohali,Sector 68,1,350,50.0,60,360,Credit Card,Restaurant App,Delivered,In-house Rider,RD005,4.2,35,29.0,True,4.0,
ORD02795,2026-03-08,2026-03-08 09:43:00,C1118,Restaurant_19,Mohali,Phase 5,2,700,75.0,20,645,UPI,Website,Delivered,In-house Rider,RD089,2.4,40,25.0,True,4.0,
ORD00833,2026-04-17,2026-04-17 00:04:00,C0368,Restaurant_20,Panchkula,Sector 11,4,720,20.0,50,750,Debit Card,Website,Cancelled,Not Assigned,Not Assigned,6.8,40,,,,Restaurant Delay
ORD00689,2026-05-25,2026-05-25 09:45:00,C0869,Restaurant_21,Panchkula,Sector 11,5,750,0.0,60,810,UPI,Website,Delivered,In-house Rider,RD140,7.6,30,46.0,False,5.0,
ORD02969,2026-01-28,2026-01-28 02:25:00,C0368,Restaurant_24,Panchkula,Sector 11,3,360,20.0,25,365,Wallet,Restaurant App,Failed,Not Assigned,Not Assigned,3.0,30,,,,Restaurant Delay
ORD00040,2026-03-31,2026-03-31 21:32:00,C0909,Restaurant_15,Mohali,Sector 68,1,320,100.0,40,260,UPI,Restaurant App,Delivered,In-house Rider,RD110,8.1,30,44.0,False,5.0,
ORD01163,2026-01-21,2026-01-21 15:17:00,C0609,Restaurant_02,Chandigarh,Sector 22,5,1750,50.0,40,1740,UPI,Website,Delivered,In-house Rider,RD032,9.7,50,43.0,True,5.0,
ORD02140,2026-03-13,2026-03-13 01:41:00,C1140,Restaurant_16,Mohali,Phase 5,3,960,100.0,40,900,Wallet,Restaurant App,Delivered,In-house Rider,RD021,4.8,50,29.0,True,3.0,
ORD02320,2026-02-22,2026-02-22 10:51:00,C0596,Restaurant_23,Mohali,Phase 7,2,300,0.0,50,350,Credit Card,Website,Delivered,Shadowfax,RD100,5.7,30,33.0,False,4.0,
ORD02014,2026-04-15,2026-04-15 07:07:00,C0019,Restaurant_16,Chandigarh,Sector 22,5,1600,0.0,50,1650,Credit Card,Restaurant App,Failed,Not Assigned,Not Assigned,1.6,30,,,,Customer Cancelled
ORD02778,2026-06-24,2026-06-24 16:29:00,C1038,Restaurant_11,Panchkula,Sector 5,1,250,0.0,60,310,Cash,Website,Delivered,Shadowfax,RD150,9.0,45,37.0,True,2.0,
ORD00762,2026-06-08,2026-06-08 09:11:00,C0299,Restaurant_20,Mohali,Phase 5,2,560,100.0,20,480,Credit Card,Restaurant App,Delivered,Shiprocket,RD115,3.8,50,35.0,True,4.0,
ORD00910,2026-05-21,2026-05-21 19:10:00,C0132,Restaurant_24,Mohali,Sector 68,2,800,50.0,40,790,UPI,Restaurant App,Delivered,Shiprocket,RD091,5.7,35,30.0,True,5.0,
ORD00822,2026-03-25,2026-03-25 23:24:00,C1044,Restaurant_03,Chandigarh,Sector 17,2,800,50.0,40,790,UPI,Restaurant App,Delivered,In-house Rider,RD114,7.9,35,38.0,False,1.0,
ORD03918,2026-02-25,2026-02-25 05:41:00,C1063,Restaurant_15,Chandigarh,Sector 17,4,720,30.0,25,715,Cash,Restaurant App,Delivered,Shadowfax,RD080,5.1,50,33.0,True,4.0,
ORD01699,2026-04-13,2026-04-13 21:47:00,C0649,Restaurant_11,Mohali,Phase 3B2,2,360,0.0,60,420,Debit Card,Restaurant App,Delivered,In-house Rider,RD015,3.2,30,29.0,True,3.0,
ORD03989,2026-06-14,2026-06-14 16:30:00,C0124,Restaurant_08,Panchkula,Sector 15,2,360,20.0,50,390,Wallet,Website,Delivered,Shadowfax,RD149,7.4,45,34.0,True,3.0,
ORD01765,2026-01-18,2026-01-18 04:10:00,C0536,Restaurant_03,Panchkula,Sector 11,2,440,0.0,25,465,Credit Card,Restaurant App,Delivered,Shadowfax,RD022,4.3,50,31.0,True,5.0,
ORD03482,2026-03-09,2026-03-09 15:05:00,C0145,Restaurant_22,Chandigarh,Manimajra,2,500,0.0,40,540,Wallet,Website,Delivered,In-house Rider,RD081,2.8,40,26.0,True,4.0,
ORD02378,2026-02-07,2026-02-07 02:29:00,C0203,Restaurant_16,Mohali,Sector 68,2,500,50.0,20,470,UPI,Restaurant App,Delivered,Shiprocket,RD054,1.4,45,26.0,True,5.0,
ORD02955,2026-03-25,2026-03-25 20:00:00,C1009,Restaurant_08,Chandigarh,Manimajra,4,1120,50.0,20,1090,Wallet,Restaurant App,Cancelled,Not Assigned,Not Assigned,6.5,40,,,,Customer Cancelled
ORD01072,2026-03-02,2026-03-02 13:37:00,C0902,Restaurant_01,Chandigarh,Sector 34,5,1100,30.0,20,1090,Debit Card,Restaurant App,Delivered,Shiprocket,RD124,3.3,45,19.0,True,5.0,
ORD03066,2026-02-21,2026-02-21 12:46:00,C1032,Restaurant_17,Mohali,Phase 3B2,3,660,100.0,50,610,Cash,Website,Delivered,In-house Rider,RD132,4.0,45,28.0,True,5.0,
ORD01587,2026-04-27,2026-04-27 11:54:00,C0953,Restaurant_02,Mohali,Sector 68,1,320,50.0,20,290,Debit Card,Restaurant App,Delivered,Shadowfax,RD041,5.0,50,35.0,True,4.0,
ORD01673,2026-01-06,2026-01-06 07:29:00,C0557,Restaurant_08,Panchkula,Sector 5,4,1000,50.0,30,980,UPI,Restaurant App,Delivered,Shadowfax,RD010,5.2,30,23.0,True,3.0,
ORD01099,2026-04-21,2026-04-21 07:19:00,C0919,Restaurant_04,Chandigarh,Manimajra,4,600,30.0,40,610,Debit Card,Restaurant App,Delivered,Ola Logistics,RD057,8.5,40,35.0,True,4.0,
ORD00296,2026-02-09,2026-02-09 02:21:00,C0895,Restaurant_16,Chandigarh,Manimajra,4,1600,0.0,25,1625,Debit Card,Restaurant App,Delivered,In-house Rider,RD125,7.8,40,46.0,False,5.0,
ORD01634,2026-06-09,2026-06-09 11:43:00,C1086,Restaurant_20,Panchkula,Sector 11,2,800,30.0,25,795,Credit Card,Website,Delivered,Ola Logistics,RD060,6.5,35,33.0,True,4.0,
ORD00046,2026-02-08,2026-02-08 10:38:00,C0640,Restaurant_25,Panchkula,Sector 11,5,600,100.0,25,525,Credit Card,Restaurant App,Delivered,In-house Rider,RD062,4.1,50,26.0,True,4.0,
ORD00039,2026-04-05,2026-04-05 01:08:00,C0011,Restaurant_16,Chandigarh,Sector 22,2,800,20.0,50,830,Credit Card,Website,Delivered,Shiprocket,RD047,5.7,45,24.0,True,5.0,
ORD01417,2026-06-08,2026-06-08 21:57:00,C0918,Restaurant_14,Chandigarh,Sector 34,5,900,20.0,40,920,Wallet,Website,Delivered,Ola Logistics,RD065,5.0,35,21.0,True,3.0,
ORD02808,2026-01-13,2026-01-13 19:44:00,C0548,Restaurant_13,Chandigarh,Sector 17,2,700,0.0,25,725,Debit Card,Website,Delivered,Shiprocket,RD062,4.6,40,28.0,True,5.0,
ORD00855,2026-01-12,2026-01-12 11:59:00,C0554,Restaurant_12,Mohali,Sector 68,5,1400,100.0,30,1330,Wallet,Restaurant App,Cancelled,Not Assigned,Not Assigned,4.5,45,,,,Customer Cancelled
ORD01940,2026-05-04,2026-05-04 08:04:00,C0609,Restaurant_16,Panchkula,Sector 11,3,1200,0.0,20,1220,Wallet,Restaurant App,Delivered,In-house Rider,RD138,1.7,30,17.0,True,3.0,
ORD00033,2026-04-13,2026-04-13 18:45:00,C0320,Restaurant_21,Panchkula,Sector 11,2,300,100.0,20,220,Wallet,Restaurant App,Delivered,Shiprocket,RD080,8.8,35,36.0,False,5.0,
ORD01821,2026-04-02,2026-04-02 01:57:00,C0477,Restaurant_05,Panchkula,Sector 15,4,1400,0.0,40,1440,UPI,Website,Delivered,Shadowfax,RD026,2.4,30,20.0,True,5.0,
ORD02868,2026-02-13,2026-02-13 00:50:00,C0659,Restaurant_22,Panchkula,Sector 11,4,720,0.0,20,740,Debit Card,Website,Failed,Not Assigned,Not Assigned,6.3,50,,,,Payment Failed
ORD02195,2026-05-17,2026-05-17 01:00:00,C0993,Restaurant_16,Chandigarh,Sector 17,5,2000,20.0,25,2005,Wallet,Website,Cancelled,Not Assigned,Not Assigned,2.1,45,,,,Customer Cancelled
ORD01253,2026-01-05,2026-01-05 16:06:00,C0229,Restaurant_15,Panchkula,Sector 8,5,1100,75.0,60,1085,Wallet,Restaurant App,Delivered,Shiprocket,RD126,5.9,45,29.0,True,5.0,
ORD00196,2026-04-19,2026-04-19 12:54:00,C0724,Restaurant_03,Mohali,Phase 5,4,1280,75.0,60,1265,UPI,Website,Delivered,In-house Rider,RD052,4.8,30,27.0,True,3.0,
ORD00204,2026-05-01,2026-05-01 01:04:00,C0149,Restaurant_01,Mohali,Phase 3B2,3,540,100.0,60,500,Wallet,Website,Delivered,Shadowfax,RD102,2.7,30,33.0,False,5.0,
ORD00293,2026-03-05,2026-03-05 21:00:00,C1017,Restaurant_13,Chandigarh,Sector 17,4,720,0.0,50,770,Cash,Website,Delivered,Shiprocket,RD085,5.7,30,31.0,False,5.0,
ORD01346,2026-06-05,2026-06-05 05:11:00,C0984,Restaurant_09,Panchkula,Sector 11,2,240,0.0,25,265,Debit Card,Website,Delivered,In-house Rider,RD135,4.8,50,33.0,True,5.0,
ORD00913,2026-03-17,2026-03-17 12:10:00,C0953,Restaurant_13,Chandigarh,Sector 35,1,120,20.0,60,160,UPI,Website,Delivered,Shadowfax,RD149,4.3,45,34.0,True,4.0,
ORD00114,2026-06-15,2026-06-15 10:59:00,C0562,Restaurant_20,Chandigarh,Sector 34,3,960,75.0,60,945,Debit Card,Restaurant App,Delivered,In-house Rider,RD046,5.4,50,11.0,True,5.0,
ORD03325,2026-04-30,2026-04-30 00:42:00,C0666,Restaurant_16,Chandigarh,Sector 17,5,2000,0.0,50,2050,UPI,Restaurant App,Delivered,In-house Rider,RD127,5.5,30,41.0,False,5.0,
ORD02738,2026-03-05,2026-03-05 16:56:00,C0946,Restaurant_08,Panchkula,Sector 15,3,540,0.0,60,600,Credit Card,Restaurant App,Delivered,Ola Logistics,RD069,5.6,45,33.0,True,4.0,
ORD02567,2026-03-23,2026-03-23 05:11:00,C0458,Restaurant_07,Chandigarh,Sector 22,5,1750,50.0,50,1750,Credit Card,Website,Delivered,In-house Rider,RD123,6.5,40,41.0,False,4.0,
ORD03428,2026-06-05,2026-06-05 13:33:00,C0821,Restaurant_08,Chandigarh,Sector 22,5,900,0.0,30,930,Credit Card,Restaurant App,Delivered,Shadowfax,RD124,8.9,30,49.0,False,4.0,
ORD02771,2026-02-27,2026-02-27 15:20:00,C1130,Restaurant_16,Mohali,Phase 7,1,350,30.0,60,380,Debit Card,Restaurant App,Delivered,Shadowfax,RD003,4.6,35,22.0,True,4.0,
ORD02961,2026-02-19,2026-02-19 03:18:00,C0718,Restaurant_03,Mohali,Sector 68,3,540,100.0,25,465,Wallet,Website,Cancelled,Not Assigned,Not Assigned,6.2,50,,,,Restaurant Delay
ORD01516,2026-02-18,2026-02-18 18:45:00,C0043,Restaurant_20,Chandigarh,Manimajra,5,1600,100.0,25,1525,UPI,Website,Delivered,In-house Rider,RD034,3.0,35,28.0,True,5.0,
ORD00005,2026-02-18,2026-02-18 18:05:00,C0478,Restaurant_18,Mohali,Phase 7,3,660,75.0,50,635,Cash,Restaurant App,Delivered,In-house Rider,RD016,0.8,45,14.0,True,5.0,
ORD00176,2026-03-07,2026-03-07 01:13:00,C0135,Restaurant_04,Mohali,Phase 3B2,3,450,0.0,40,490,Credit Card,Restaurant App,Delivered,In-house Rider,RD127,3.5,50,30.0,True,5.0,
ORD00413,2026-04-27,2026-04-27 16:38:00,C0027,Restaurant_15,Panchkula,Sector 8,5,1250,20.0,60,1290,Cash,Website,Delivered,In-house Rider,RD015,3.4,40,26.0,True,5.0,
ORD03228,2026-01-09,2026-01-09 14:21:00,C0316,Restaurant_24,Chandigarh,Sector 34,4,1400,0.0,20,1420,UPI,Restaurant App,Delivered,Shiprocket,RD020,5.5,45,27.0,True,4.0,
ORD02730,2026-02-16,2026-02-16 03:43:00,C1135,Restaurant_06,Mohali,Phase 5,2,640,75.0,50,615,UPI,Website,Delivered,In-house Rider,RD097,5.1,35,16.0,True,5.0,
ORD00024,2026-03-26,2026-03-26 01:06:00,C0085,Restaurant_12,Chandigarh,Sector 22,4,880,75.0,20,825,Cash,Restaurant App,Delivered,In-house Rider,RD030,5.0,30,34.0,False,3.0,
ORD03991,2026-02-09,2026-02-09 11:21:00,C0414,Restaurant_07,Chandigarh,Sector 35,2,800,0.0,40,840,Cash,Restaurant App,Delivered,In-house Rider,RD111,6.0,35,26.0,True,5.0,
ORD02099,2026-05-01,2026-05-01 23:09:00,C1039,Restaurant_11,Mohali,Phase 7,1,220,75.0,25,170,Credit Card,Restaurant App,Delivered,Ola Logistics,RD013,4.0,35,22.0,True,4.0,
ORD02136,2026-01-04,2026-01-04 03:50:00,C0716,Restaurant_06,Chandigarh,Sector 22,4,1400,20.0,50,1430,Cash,Website,Delivered,Shadowfax,RD018,1.4,30,24.0,True,4.0,
ORD03633,2026-04-05,2026-04-05 02:14:00,C1138,Restaurant_23,Chandigarh,Sector 22,1,120,50.0,20,90,Cash,Restaurant App,Delivered,In-house Rider,RD119,9.7,45,43.0,True,5.0,
ORD03674,2026-01-04,2026-01-04 09:21:00,C0724,Restaurant_10,Chandigarh,Sector 35,4,1120,50.0,25,1095,Credit Card,Website,Delivered,In-house Rider,RD003,3.7,35,20.0,True,4.0,
ORD03061,2026-03-28,2026-03-28 08:37:00,C0261,Restaurant_22,Mohali,Sector 68,5,1100,0.0,20,1120,Wallet,Website,Delivered,Shadowfax,RD027,5.1,30,30.0,True,4.0,
ORD00027,2026-03-31,2026-03-31 16:48:00,C0734,Restaurant_14,Chandigarh,Sector 34,4,720,50.0,40,710,Cash,Website,Delivered,Shadowfax,RD137,3.2,30,14.0,True,4.0,
ORD00421,2026-04-26,2026-04-26 19:52:00,C0059,Restaurant_11,Panchkula,Sector 15,3,450,30.0,25,445,Cash,Restaurant App,Delivered,Ola Logistics,RD047,5.1,30,24.0,True,5.0,
ORD00960,2026-03-31,2026-03-31 14:55:00,C0436,Restaurant_16,Mohali,Phase 7,2,360,20.0,40,380,Debit Card,Website,Cancelled,Not Assigned,Not Assigned,5.2,40,,,,Rider Unavailable
ORD00603,2026-03-10,2026-03-10 13:44:00,C0797,Restaurant_11,Chandigarh,Sector 22,3,450,30.0,20,440,Credit Card,Website,Delivered,In-house Rider,RD009,2.1,50,10.0,True,5.0,
ORD02692,2026-05-11,2026-05-11 13:46:00,C0623,Restaurant_15,Panchkula,Sector 8,3,1050,100.0,25,975,Cash,Restaurant App,Delivered,Shiprocket,RD006,3.3,40,24.0,True,5.0,
ORD01729,2026-02-21,2026-02-21 21:22:00,C0967,Restaurant_18,Panchkula,Sector 15,1,120,0.0,30,150,UPI,Restaurant App,Delivered,In-house Rider,RD072,3.0,35,24.0,True,4.0,
ORD00516,2026-01-11,2026-01-11 02:27:00,C0481,Restaurant_16,Mohali,Phase 7,2,440,100.0,50,390,Cash,Website,Failed,Not Assigned,Not Assigned,1.4,50,,,,Rider Unavailable
ORD03834,2026-02-19,2026-02-19 18:04:00,C0678,Restaurant_04,Mohali,Phase 3B2,2,800,0.0,30,830,Credit Card,Website,Delivered,Shadowfax,RD088,4.7,35,32.0,True,5.0,
ORD02192,2026-06-08,2026-06-08 13:40:00,C0387,Restaurant_15,Mohali,Phase 7,1,220,0.0,25,245,Wallet,Restaurant App,Failed,Not Assigned,Not Assigned,7.7,50,,,,Customer Cancelled
ORD03579,2026-04-06,2026-04-06 13:35:00,C0615,Restaurant_23,Panchkula,Sector 5,4,480,50.0,25,455,Credit Card,Restaurant App,Delivered,In-house Rider,RD142,6.3,45,39.0,True,5.0,
ORD02586,2026-05-02,2026-05-02 12:09:00,C0970,Restaurant_13,Chandigarh,Sector 17,1,180,75.0,25,130,Wallet,Website,Delivered,In-house Rider,RD078,8.6,40,45.0,False,3.0,
ORD01406,2026-01-31,2026-01-31 20:37:00,C0537,Restaurant_05,Panchkula,Sector 8,2,700,100.0,25,625,Credit Card,Restaurant App,Failed,Not Assigned,Not Assigned,1.1,50,,,,Address Issue
ORD01128,2026-06-17,2026-06-17 05:33:00,C0564,Restaurant_14,Panchkula,Sector 5,1,280,75.0,20,225,Credit Card,Website,Delivered,In-house Rider,RD074,3.3,50,28.0,True,5.0,
ORD03198,2026-02-05,2026-02-05 01:50:00,C0076,Restaurant_10,Chandigarh,Sector 34,5,2000,50.0,30,1980,Debit Card,Website,Cancelled,Not Assigned,Not Assigned,1.7,35,,,,Address Issue
ORD02588,2026-04-28,2026-04-28 11:32:00,C0807,Restaurant_22,Panchkula,Sector 5,3,1050,50.0,50,1050,Cash,Restaurant App,Delivered,Shiprocket,RD073,4.9,30,25.0,True,5.0,
ORD03383,2026-01-22,2026-01-22 18:33:00,C0454,Restaurant_19,Panchkula,Sector 15,4,1120,0.0,25,1145,Credit Card,Website,Cancelled,Not Assigned,Not Assigned,7.0,45,,,,Rider Unavailable
ORD00583,2026-04-17,2026-04-17 03:07:00,C0761,Restaurant_12,Chandigarh,Sector 35,5,1600,30.0,20,1590,Wallet,Restaurant App,Delivered,In-house Rider,RD086,3.5,30,25.0,True,3.0,
ORD01455,2026-02-07,2026-02-07 15:50:00,C0600,Restaurant_06,Mohali,Phase 5,5,2000,30.0,20,1990,Wallet,Restaurant App,Delivered,Shadowfax,RD131,0.8,30,10.0,True,3.0,
ORD03102,2026-03-28,2026-03-28 16:25:00,C1017,Restaurant_06,Chandigarh,Sector 22,4,1000,100.0,40,940,Credit Card,Website,Delivered,In-house Rider,RD115,7.2,50,40.0,True,5.0,
ORD03480,2026-05-03,2026-05-03 03:14:00,C0879,Restaurant_25,Chandigarh,Sector 22,4,720,50.0,20,690,UPI,Restaurant App,Delivered,Ola Logistics,RD007,2.7,50,23.0,True,4.0,
ORD01090,2026-06-25,2026-06-25 18:06:00,C1003,Restaurant_05,Chandigarh,Sector 17,4,1400,50.0,25,1375,UPI,Restaurant App,Delivered,Shiprocket,RD050,6.4,40,124.0,False,2.0,
ORD01408,2026-02-06,2026-02-06 22:21:00,C0758,Restaurant_17,Mohali,Phase 7,3,450,0.0,50,500,Debit Card,Restaurant App,Delivered,In-house Rider,RD116,9.8,50,46.0,True,5.0,
ORD02227,2026-06-08,2026-06-08 14:31:00,C1054,Restaurant_16,Panchkula,Sector 5,2,240,20.0,30,250,UPI,Restaurant App,Delivered,In-house Rider,RD047,6.0,40,28.0,True,4.0,
ORD02579,2026-03-18,2026-03-18 15:40:00,C0167,Restaurant_12,Mohali,Phase 5,1,350,0.0,40,390,Credit Card,Website,Delivered,In-house Rider,RD148,3.6,35,22.0,True,,
ORD00698,2026-04-15,2026-04-15 11:58:00,C0401,Restaurant_16,Mohali,Sector 68,5,1100,50.0,40,1090,UPI,Website,Delivered,In-house Rider,RD014,7.6,35,28.0,True,4.0,
ORD03427,2026-06-13,2026-06-13 15:52:00,C0331,Restaurant_23,Panchkula,Sector 8,5,1750,100.0,40,1690,UPI,Website,Delivered,In-house Rider,RD007,3.7,35,24.0,True,2.0,
ORD02830,2026-06-15,2026-06-15 06:48:00,C1055,Restaurant_22,Mohali,Phase 5,2,240,75.0,25,190,Cash,Restaurant App,Delivered,In-house Rider,RD150,4.7,50,30.0,True,5.0,
ORD02587,2026-06-11,2026-06-11 09:03:00,C0589,Restaurant_15,Chandigarh,Sector 22,2,440,20.0,50,470,Wallet,Website,Delivered,Shadowfax,RD141,7.3,40,33.0,True,5.0,
ORD00276,2026-04-23,2026-04-23 15:21:00,C0054,Restaurant_22,Panchkula,Sector 8,1,320,50.0,50,320,UPI,Restaurant App,Delivered,Shadowfax,RD044,3.5,40,30.0,True,5.0,
ORD03125,2026-01-14,2026-01-14 21:35:00,C0922,Restaurant_18,Chandigarh,Sector 35,4,720,20.0,20,720,Wallet,Restaurant App,Delivered,Shadowfax,RD009,3.3,30,22.0,True,5.0,
ORD00082,2026-06-27,2026-06-27 13:55:00,C0373,Restaurant_06,Panchkula,Sector 5,5,1250,20.0,60,1290,Credit Card,Website,Delivered,In-house Rider,RD088,8.3,50,37.0,True,1.0,
ORD02368,2026-06-22,2026-06-22 18:16:00,C0048,Restaurant_16,Mohali,Sector 68,5,1100,100.0,60,1060,Debit Card,Restaurant App,Delivered,In-house Rider,RD025,2.1,35,28.0,True,4.0,
ORD03436,2026-06-29,2026-06-29 11:18:00,C0767,Restaurant_18,Mohali,Phase 7,3,360,100.0,30,290,Credit Card,Restaurant App,Delivered,Shadowfax,RD008,2.6,35,23.0,True,1.0,
ORD00502,2026-02-28,2026-02-28 07:48:00,C0958,Restaurant_23,Chandigarh,Manimajra,5,1600,50.0,20,1570,Wallet,Restaurant App,Delivered,Shadowfax,RD138,5.2,45,23.0,True,4.0,
ORD02048,2026-05-20,2026-05-20 15:56:00,C1153,Restaurant_17,Chandigarh,Manimajra,5,600,75.0,30,555,Wallet,Website,Delivered,In-house Rider,RD023,2.6,40,30.0,True,4.0,
ORD02291,2026-05-15,2026-05-15 14:19:00,C0045,Restaurant_01,Chandigarh,Sector 35,1,280,0.0,25,305,Cash,Restaurant App,Delivered,Ola Logistics,RD075,2.3,45,34.0,True,5.0,
ORD03840,2026-04-29,2026-04-29 14:49:00,C0615,Restaurant_09,Panchkula,Sector 11,1,280,75.0,30,235,Credit Card,Website,Delivered,Ola Logistics,RD055,3.2,30,28.0,True,5.0,
ORD02202,2026-02-25,2026-02-25 13:39:00,C1116,Restaurant_17,Mohali,Phase 5,3,660,75.0,40,625,Cash,Restaurant App,Delivered,Ola Logistics,RD148,8.5,35,42.0,False,1.0,
ORD03153,2026-01-07,2026-01-07 14:24:00,C0015,Restaurant_15,Panchkula,Sector 11,5,900,75.0,20,845,Wallet,Website,Delivered,Shiprocket,RD096,5.3,30,25.0,True,5.0,
ORD01191,2026-01-17,2026-01-17 22:38:00,C0268,Restaurant_10,Mohali,Phase 3B2,4,1280,0.0,50,1330,Wallet,Restaurant App,Delivered,In-house Rider,RD040,4.2,50,31.0,True,3.0,
ORD03312,2026-03-27,2026-03-27 12:24:00,C0812,Restaurant_22,Panchkula,Sector 11,3,360,20.0,60,400,UPI,Restaurant App,Delivered,In-house Rider,RD071,7.3,45,36.0,True,4.0,
ORD00321,2026-03-13,2026-03-13 06:28:00,C0466,Restaurant_14,Mohali,Phase 7,5,2000,50.0,40,1990,UPI,Website,Delivered,In-house Rider,RD012,4.0,40,34.0,True,5.0,
ORD02271,2026-02-18,2026-02-18 03:02:00,C0862,Restaurant_03,Chandigarh,Sector 22,5,1250,100.0,25,1175,UPI,Website,Delivered,In-house Rider,RD078,5.4,30,40.0,False,5.0,
ORD00259,2026-06-17,2026-06-17 17:28:00,C0783,Restaurant_18,Mohali,Sector 68,1,280,20.0,50,310,Wallet,Website,Delivered,In-house Rider,RD089,2.2,50,23.0,True,4.0,
ORD01295,2026-02-01,2026-02-01 10:28:00,C1023,Restaurant_16,Mohali,Phase 3B2,4,600,0.0,20,620,Wallet,Website,Delivered,Shadowfax,RD100,4.2,40,30.0,True,5.0,
ORD03973,2026-05-31,2026-05-31 02:29:00,C0141,Restaurant_21,Mohali,Phase 7,1,120,100.0,30,80,UPI,Restaurant App,Cancelled,Not Assigned,Not Assigned,2.3,30,,,,Customer Cancelled
ORD02805,2026-05-14,2026-05-14 10:34:00,C0532,Restaurant_05,Mohali,Phase 7,4,600,30.0,25,595,Wallet,Restaurant App,Delivered,Shadowfax,RD067,6.4,35,34.0,True,5.0,
ORD01162,2026-01-03,2026-01-03 19:27:00,C1152,Restaurant_09,Panchkula,Sector 11,3,450,0.0,30,480,Wallet,Restaurant App,Delivered,Ola Logistics,RD142,4.4,45,34.0,True,5.0,
ORD01841,2026-04-18,2026-04-18 21:01:00,C1035,Restaurant_25,Panchkula,Sector 15,5,1400,75.0,50,1375,Wallet,Restaurant App,Delivered,Ola Logistics,RD054,5.3,50,29.0,True,5.0,
ORD00933,2026-03-07,2026-03-07 21:22:00,C1165,Restaurant_12,Mohali,Sector 68,5,750,50.0,25,725,Debit Card,Website,Delivered,In-house Rider,RD011,4.3,35,23.0,True,5.0,
ORD03980,2026-04-25,2026-04-25 04:05:00,C0810,Restaurant_15,Chandigarh,Sector 34,2,800,0.0,50,850,Cash,Restaurant App,Delivered,In-house Rider,RD006,5.2,45,22.0,True,5.0,
ORD00546,2026-04-05,2026-04-05 21:17:00,C0929,Restaurant_10,Panchkula,Sector 5,4,1400,75.0,25,1350,Cash,Website,Delivered,Shiprocket,RD128,6.2,50,36.0,True,3.0,
ORD01711,2026-05-16,2026-05-16 03:48:00,C1078,Restaurant_06,Panchkula,Sector 15,5,1600,0.0,30,1630,Wallet,Website,Delivered,Ola Logistics,RD088,3.8,45,21.0,True,5.0,
ORD02974,2026-02-19,2026-02-19 04:59:00,C0900,Restaurant_18,Panchkula,Sector 8,3,450,0.0,60,510,Credit Card,Website,Delivered,Shadowfax,RD028,4.6,45,39.0,True,3.0,
ORD03646,2026-02-27,2026-02-27 16:07:00,C1165,Restaurant_07,Panchkula,Sector 11,2,800,0.0,25,825,Cash,Website,Delivered,In-house Rider,RD106,1.1,30,12.0,True,5.0,
ORD00473,2026-02-06,2026-02-06 05:04:00,C0933,Restaurant_08,Panchkula,Sector 15,3,450,30.0,60,480,Wallet,Website,Delivered,Ola Logistics,RD027,7.6,30,35.0,False,5.0,
ORD00310,2026-05-25,2026-05-25 03:33:00,C0246,Restaurant_22,Mohali,Phase 5,2,240,0.0,20,260,Wallet,Restaurant App,Delivered,In-house Rider,RD060,3.7,45,24.0,True,4.0,
ORD00847,2026-01-14,2026-01-14 00:26:00,C0558,Restaurant_17,Panchkula,Sector 11,4,1120,50.0,30,1100,Credit Card,Website,Delivered,In-house Rider,RD038,3.8,40,24.0,True,5.0,
ORD00997,2026-02-20,2026-02-20 11:58:00,C0198,Restaurant_19,Panchkula,Sector 11,2,360,0.0,25,385,Cash,Restaurant App,Delivered,In-house Rider,RD099,3.7,40,23.0,True,3.0,
ORD01577,2026-05-14,2026-05-14 23:40:00,C0233,Restaurant_03,Chandigarh,Sector 17,2,640,100.0,25,565,Cash,Restaurant App,Delivered,In-house Rider,RD065,2.9,30,27.0,True,4.0,
ORD01894,2026-03-30,2026-03-30 14:19:00,C0853,Restaurant_05,Chandigarh,Sector 17,1,220,0.0,60,280,Debit Card,Restaurant App,Delivered,In-house Rider,RD078,6.1,40,49.0,False,5.0,
ORD02900,2026-01-15,2026-01-15 13:04:00,C0415,Restaurant_24,Panchkula,Sector 11,1,280,50.0,30,260,UPI,Restaurant App,Cancelled,Not Assigned,Not Assigned,4.2,45,,,,Restaurant Delay
ORD02041,2026-05-09,2026-05-09 13:48:00,C0295,Restaurant_16,Chandigarh,Sector 17,1,320,20.0,50,350,Debit Card,Restaurant App,Delivered,Shadowfax,RD040,7.0,35,38.0,False,4.0,
ORD02733,2026-03-21,2026-03-21 17:15:00,C0104,Restaurant_20,Mohali,Phase 3B2,3,540,0.0,20,560,UPI,Restaurant App,Cancelled,Not Assigned,Not Assigned,4.4,50,,,,Payment Failed
ORD00308,2026-05-28,2026-05-28 01:49:00,C1095,Restaurant_14,Chandigarh,Sector 22,1,400,20.0,25,405,UPI,Restaurant App,Delivered,Shiprocket,RD080,0.8,45,13.0,True,4.0,
ORD00887,2026-06-12,2026-06-12 15:43:00,C0550,Restaurant_05,Chandigarh,Sector 17,3,360,20.0,20,360,Wallet,Restaurant App,Delivered,In-house Rider,RD073,1.4,45,20.0,True,5.0,
ORD00397,2026-02-14,2026-02-14 17:53:00,C0289,Restaurant_21,Panchkula,Sector 8,5,1750,50.0,50,1750,Wallet,Restaurant App,Cancelled,Not Assigned,Not Assigned,6.1,50,,,,Restaurant Delay
ORD00955,2026-01-19,2026-01-19 19:03:00,C0976,Restaurant_16,Panchkula,Sector 5,1,280,30.0,40,290,Cash,Restaurant App,Delivered,Shiprocket,RD106,4.4,40,28.0,True,5.0,
ORD00875,2026-04-19,2026-04-19 05:23:00,C0251,Restaurant_09,Chandigarh,Sector 22,4,1000,75.0,30,955,Wallet,Website,Delivered,Shiprocket,RD109,6.3,35,37.0,False,5.0,
ORD03475,2026-01-19,2026-01-19 02:55:00,C0906,Restaurant_16,Panchkula,Sector 5,4,600,0.0,20,620,Wallet,Restaurant App,Delivered,Shadowfax,RD124,5.8,35,32.0,True,4.0,
ORD00169,2026-03-16,2026-03-16 18:39:00,C0869,Restaurant_01,Mohali,Phase 7,5,1750,0.0,50,1800,Wallet,Website,Failed,Not Assigned,Not Assigned,5.2,40,,,,Payment Failed
ORD00626,2026-01-11,2026-01-11 02:03:00,C0928,Restaurant_01,Mohali,Phase 5,2,440,100.0,40,380,Debit Card,Website,Delivered,In-house Rider,RD007,7.1,40,37.0,True,5.0,
ORD01767,2026-01-28,2026-01-28 08:49:00,C0340,Restaurant_06,Mohali,Sector 68,4,1400,100.0,50,1350,Cash,Website,Delivered,Shadowfax,RD092,3.5,40,22.0,True,5.0,
ORD03524,2026-01-29,2026-01-29 07:58:00,C0038,Restaurant_17,Mohali,Phase 7,4,1400,100.0,20,1320,UPI,Website,Delivered,In-house Rider,RD007,3.1,40,27.0,True,4.0,
ORD03138,2026-01-21,2026-01-21 16:05:00,C0708,Restaurant_16,Chandigarh,Sector 17,2,700,0.0,20,720,Debit Card,Website,Failed,Not Assigned,Not Assigned,3.2,45,,,,Rider Unavailable
ORD03765,2026-02-05,2026-02-05 23:23:00,C0447,Restaurant_04,Mohali,Phase 5,3,1050,50.0,30,1030,Debit Card,Website,Failed,Not Assigned,Not Assigned,1.1,45,,,,Address Issue
ORD02176,2026-03-01,2026-03-01 03:39:00,C1047,Restaurant_24,Mohali,Phase 5,5,600,100.0,20,520,Credit Card,Website,Delivered,Ola Logistics,RD105,5.9,35,31.0,True,4.0,
ORD00094,2026-05-12,2026-05-12 07:03:00,C0482,Restaurant_16,Chandigarh,Manimajra,2,240,0.0,50,290,Cash,Website,Delivered,Shiprocket,RD031,5.3,30,35.0,False,5.0,
ORD02162,2026-04-24,2026-04-24 04:51:00,C1176,Restaurant_18,Chandigarh,Sector 17,1,180,0.0,50,230,Cash,Website,Delivered,In-house Rider,RD072,6.8,35,21.0,True,5.0,
ORD03462,2026-06-07,2026-06-07 16:28:00,C0671,Restaurant_14,Chandigarh,Sector 22,1,320,75.0,20,265,UPI,Restaurant App,Delivered,In-house Rider,RD094,0.8,45,18.0,True,5.0,
ORD01602,2026-06-29,2026-06-29 09:58:00,C1070,Restaurant_02,Panchkula,Sector 15,3,960,20.0,20,960,Debit Card,Restaurant App,Delivered,In-house Rider,RD056,4.4,45,32.0,True,4.0,
ORD01775,2026-03-21,2026-03-21 11:03:00,C0459,Restaurant_08,Mohali,Phase 3B2,4,1120,50.0,40,1110,Wallet,Website,Delivered,Shadowfax,RD072,0.9,45,16.0,True,5.0,
ORD03483,2026-02-15,2026-02-15 11:28:00,C0478,Restaurant_23,Chandigarh,Sector 35,3,1200,,25,1225,Credit Card,Restaurant App,Delivered,In-house Rider,RD114,,30,28.0,True,,
ORD00193,2026-06-11,2026-06-11 02:03:00,C0073,Restaurant_06,Chandigarh,Sector 17,2,700,30.0,50,720,Debit Card,Restaurant App,Delivered,In-house Rider,RD066,4.6,35,31.0,True,5.0,
ORD02154,2026-05-26,2026-05-26 13:08:00,C0521,Restaurant_01,Chandigarh,Sector 22,1,150,50.0,20,120,UPI,Website,Delivered,In-house Rider,RD103,4.8,50,33.0,True,4.0,
ORD00363,2026-01-02,2026-01-02 03:49:00,C1157,Restaurant_01,Mohali,Phase 3B2,1,250,75.0,60,235,Wallet,Restaurant App,Delivered,Shadowfax,RD061,4.0,30,33.0,False,5.0,
ORD03860,2026-05-03,2026-05-03 16:52:00,C0733,Restaurant_15,Chandigarh,Sector 22,5,1750,0.0,40,1790,Debit Card,Website,Delivered,In-house Rider,RD067,2.7,30,21.0,True,5.0,
ORD00431,2026-02-12,2026-02-12 04:39:00,C0803,Restaurant_04,Mohali,Sector 68,5,2000,100.0,60,1960,Wallet,Restaurant App,Cancelled,Not Assigned,Not Assigned,2.1,45,,,,Customer Cancelled
ORD02147,2026-05-18,2026-05-18 15:39:00,C0590,Restaurant_04,Chandigarh,Sector 22,4,720,0.0,20,740,Debit Card,Restaurant App,Delivered,In-house Rider,RD119,4.9,30,27.0,True,5.0,
ORD00442,2026-02-05,2026-02-05 10:39:00,C0436,Restaurant_04,Mohali,Phase 7,3,750,30.0,25,745,UPI,Restaurant App,Cancelled,Not Assigned,Not Assigned,3.1,40,,,,Payment Failed
ORD02972,2026-06-07,2026-06-07 20:38:00,C0067,Restaurant_05,Panchkula,Sector 15,5,1250,0.0,30,1280,UPI,Website,Delivered,Shadowfax,RD096,2.8,50,33.0,True,5.0,
ORD01106,2026-06-25,2026-06-25 04:06:00,C0101,Restaurant_03,Panchkula,Sector 11,5,750,0.0,40,790,Credit Card,Restaurant App,Delivered,Shiprocket,RD111,7.9,40,38.0,True,5.0,
ORD01362,2026-01-15,2026-01-15 09:01:00,C0991,Restaurant_01,Panchkula,Sector 8,2,300,0.0,50,350,UPI,Restaurant App,Cancelled,Not Assigned,Not Assigned,3.9,50,,,,Payment Failed
ORD00152,2026-06-24,2026-06-24 22:01:00,C0376,Restaurant_20,Mohali,Phase 7,4,480,0.0,20,500,UPI,Restaurant App,Delivered,Ola Logistics,RD111,7.2,35,34.0,True,5.0,
ORD03032,2026-03-10,2026-03-10 21:54:00,C1039,Restaurant_02,Mohali,Phase 7,2,560,50.0,25,535,Debit Card,Restaurant App,Failed,Not Assigned,Not Assigned,1.3,50,,,,Customer Cancelled
ORD02763,2026-04-13,2026-04-13 16:18:00,C1023,Restaurant_18,Mohali,Sector 68,1,350,20.0,30,360,Debit Card,Restaurant App,Delivered,Ola Logistics,RD021,9.2,30,44.0,False,5.0,
ORD03599,2026-05-03,2026-05-03 01:41:00,C0498,Restaurant_11,Panchkula,Sector 8,4,600,0.0,30,630,Credit Card,Restaurant App,Delivered,In-house Rider,RD019,5.3,50,28.0,True,4.0,
ORD03380,2026-05-30,2026-05-30 02:15:00,C0462,Restaurant_03,Chandigarh,Sector 22,1,250,75.0,20,195,Credit Card,Restaurant App,Delivered,In-house Rider,RD013,2.4,45,19.0,True,,
ORD01774,2026-02-01,2026-02-01 07:54:00,C1117,Restaurant_02,Chandigarh,Sector 22,3,660,30.0,20,650,Credit Card,Website,Cancelled,Not Assigned,Not Assigned,7.7,50,,,,Payment Failed
ORD00360,2026-04-16,2026-04-16 14:36:00,C0005,Restaurant_11,Panchkula,Sector 5,2,360,0.0,50,410,Wallet,Website,Delivered,In-house Rider,RD146,5.6,50,41.0,True,3.0,
ORD03375,2026-06-13,2026-06-13 11:08:00,C1090,Restaurant_21,Chandigarh,Sector 17,5,1250,30.0,50,1270,UPI,Restaurant App,Delivered,In-house Rider,RD081,6.8,40,31.0,True,4.0,
ORD01368,2026-05-14,2026-05-14 13:01:00,C0965,Restaurant_10,Chandigarh,Sector 35,3,660,75.0,60,645,UPI,Restaurant App,Failed,Not Assigned,Not Assigned,7.5,40,,,,Restaurant Delay
ORD01931,2026-04-02,2026-04-02 09:03:00,C0343,Restaurant_19,Chandigarh,Sector 34,4,600,75.0,50,575,Credit Card,Restaurant App,Failed,Not Assigned,Not Assigned,7.7,30,,,,Restaurant Delay
ORD02590,2026-01-24,2026-01-24 05:22:00,C0692,Restaurant_07,Mohali,Phase 7,3,360,0.0,40,400,Credit Card,Website,Delivered,In-house Rider,RD045,5.2,50,33.0,True,4.0,
ORD00353,2026-06-17,2026-06-17 20:28:00,C0797,Restaurant_16,Panchkula,Sector 8,1,250,0.0,50,300,Cash,Website,Delivered,Shadowfax,RD080,3.6,45,17.0,True,3.0,
ORD00520,2026-02-14,2026-02-14 17:29:00,C1025,Restaurant_15,Chandigarh,Sector 22,4,1400,0.0,40,1440,UPI,Restaurant App,Delivered,Shadowfax,RD014,5.1,45,23.0,True,3.0,
ORD00930,2026-06-28,2026-06-28 02:50:00,C0547,Restaurant_09,Panchkula,Sector 11,4,880,100.0,20,800,Wallet,Restaurant App,Delivered,In-house Rider,RD032,3.5,35,18.0,True,,
ORD03538,2026-02-09,2026-02-09 23:40:00,C0249,Restaurant_14,Panchkula,Sector 5,5,1400,30.0,25,1395,Wallet,Restaurant App,Delivered,Shadowfax,RD061,3.7,35,27.0,True,4.0,
ORD02957,2026-04-25,2026-04-25 04:35:00,C0328,Restaurant_19,Mohali,Phase 5,1,250,0.0,25,275,Credit Card,Website,Failed,Not Assigned,Not Assigned,7.5,45,,,,Restaurant Delay
ORD01499,2026-05-18,2026-05-18 20:20:00,C0878,Restaurant_01,Panchkula,Sector 5,5,1400,,20,1345,UPI,Website,Failed,Not Assigned,Not Assigned,,50,,,,Address Issue
ORD01373,2026-06-07,2026-06-07 19:11:00,C1182,Restaurant_06,Panchkula,Sector 15,4,880,50.0,40,870,Wallet,Restaurant App,Delivered,In-house Rider,RD118,7.2,45,39.0,True,4.0,
ORD01358,2026-03-22,2026-03-22 07:30:00,C0255,Restaurant_10,Chandigarh,Sector 17,1,350,0.0,30,380,Debit Card,Restaurant App,Delivered,In-house Rider,RD096,5.8,35,34.0,True,3.0,
ORD01556,2026-01-05,2026-01-05 13:23:00,C0429,Restaurant_08,Mohali,Sector 68,5,2000,75.0,40,1965,UPI,Restaurant App,Delivered,Shiprocket,RD001,4.8,30,25.0,True,5.0,
ORD02400,2026-03-26,2026-03-26 09:01:00,C0480,Restaurant_08,Mohali,Phase 5,4,1120,75.0,30,1075,Debit Card,Restaurant App,Delivered,In-house Rider,RD077,8.6,40,27.0,True,5.0,
ORD01260,2026-01-25,2026-01-25 00:26:00,C0698,Restaurant_13,Mohali,Sector 68,1,350,0.0,40,390,Credit Card,Website,Delivered,Shiprocket,RD042,0.9,50,20.0,True,5.0,
ORD03258,2026-01-15,2026-01-15 17:28:00,C0712,Restaurant_05,Panchkula,Sector 8,2,800,100.0,25,725,Credit Card,Restaurant App,Cancelled,Not Assigned,Not Assigned,6.7,45,,,,Address Issue
ORD02896,2026-03-11,2026-03-11 12:39:00,C0016,Restaurant_11,Mohali,Phase 5,2,300,0.0,30,330,UPI,Restaurant App,Delivered,Shadowfax,RD012,6.8,40,32.0,True,4.0,
ORD02546,2026-06-07,2026-06-07 05:11:00,C0829,Restaurant_18,Chandigarh,Sector 34,5,2000,20.0,25,2005,Cash,Restaurant App,Delivered,In-house Rider,RD002,2.1,35,20.0,True,4.0,
ORD02822,2026-06-22,2026-06-22 22:56:00,C0732,Restaurant_07,Panchkula,Sector 8,4,600,30.0,30,600,Credit Card,Website,Delivered,In-house Rider,RD044,3.0,50,21.0,True,5.0,
ORD03391,2026-02-09,2026-02-09 07:18:00,C0752,Restaurant_14,Mohali,Sector 68,1,280,50.0,50,280,Credit Card,Website,Delivered,In-house Rider,RD148,5.2,40,21.0,True,5.0,
ORD01910,2026-06-11,2026-06-11 20:45:00,C1186,Restaurant_12,Chandigarh,Sector 22,4,1000,0.0,20,1020,Wallet,Website,Delivered,Shadowfax,RD071,3.7,30,33.0,False,5.0,
ORD01885,2026-02-24,2026-02-24 07:26:00,C0455,Restaurant_06,Mohali,Phase 5,5,1600,0.0,50,3900,UPI,Website,Cancelled,Not Assigned,Not Assigned,2.6,35,,,,Customer Cancelled
ORD03034,2026-05-07,2026-05-07 21:00:00,C0379,Restaurant_21,Chandigarh,Sector 17,1,320,50.0,40,310,Wallet,Restaurant App,Delivered,In-house Rider,RD097,3.1,45,15.0,True,4.0,
ORD02037,2026-06-25,2026-06-25 01:35:00,C0583,Restaurant_22,Panchkula,Sector 8,2,640,75.0,25,590,Debit Card,Restaurant App,Delivered,Shiprocket,RD043,3.3,45,22.0,True,5.0,
ORD01416,2026-05-13,2026-05-13 13:43:00,C0285,Restaurant_22,Chandigarh,Sector 34,5,1400,100.0,30,1330,Wallet,Website,Delivered,Shadowfax,RD050,6.4,35,33.0,True,4.0,
ORD00477,2026-06-07,2026-06-07 19:39:00,C0520,Restaurant_25,Panchkula,Sector 8,5,2000,0.0,50,2050,UPI,Restaurant App,Cancelled,Not Assigned,Not Assigned,7.9,35,,,,Address Issue
ORD01470,2026-02-18,2026-02-18 14:14:00,C0632,Restaurant_19,Panchkula,Sector 15,4,480,50.0,50,480,Wallet,Restaurant App,Delivered,Shadowfax,RD125,4.1,35,21.0,True,5.0,
ORD01607,2026-02-01,2026-02-01 05:58:00,C0799,Restaurant_23,Chandigarh,Sector 34,4,1280,100.0,30,1210,Credit Card,Website,Delivered,In-house Rider,RD111,1.3,45,25.0,True,4.0,
ORD00641,2026-04-23,2026-04-23 11:43:00,C0535,Restaurant_09,Panchkula,Sector 8,1,280,100.0,20,200,UPI,Website,Delivered,In-house Rider,RD089,5.9,45,37.0,True,5.0,
ORD01811,2026-01-15,2026-01-15 19:38:00,C0933,Restaurant_21,Chandigarh,Sector 35,5,1400,20.0,25,1405,UPI,Restaurant App,Delivered,Ola Logistics,RD077,2.8,50,27.0,True,4.0,
ORD00380,2026-04-01,2026-04-01 07:17:00,C1023,Restaurant_16,Chandigarh,Sector 35,3,1050,75.0,60,1035,Wallet,Restaurant App,Delivered,In-house Rider,RD134,3.6,30,36.0,False,5.0,
ORD00184,2026-06-02,2026-06-02 08:09:00,C0762,Restaurant_25,Panchkula,Sector 8,3,1200,100.0,50,1150,Credit Card,Website,Delivered,Shadowfax,RD127,2.8,30,27.0,True,5.0,
ORD01890,2026-03-08,2026-03-08 14:50:00,C0220,Restaurant_04,Panchkula,Sector 5,2,800,20.0,20,800,Cash,Restaurant App,Delivered,In-house Rider,RD023,5.3,45,31.0,True,4.0,
ORD02610,2026-03-18,2026-03-18 02:59:00,C0071,Restaurant_04,Panchkula,Sector 8,3,1200,0.0,60,1260,Wallet,Website,Delivered,Shiprocket,RD007,8.4,30,42.0,False,3.0,
ORD03176,2026-05-24,2026-05-24 04:27:00,C1171,Restaurant_11,Mohali,Phase 5,3,360,75.0,60,345,Debit Card,Restaurant App,Delivered,In-house Rider,RD127,5.2,40,37.0,True,5.0,
ORD00899,2026-02-16,2026-02-16 22:58:00,C0396,Restaurant_24,Chandigarh,Manimajra,1,280,20.0,60,320,Cash,Website,Failed,Not Assigned,Not Assigned,3.5,45,,,,Rider Unavailable
ORD03373,2026-02-28,2026-02-28 11:29:00,C0153,Restaurant_11,Chandigarh,Sector 22,4,1400,20.0,20,1400,Debit Card,Restaurant App,Delivered,In-house Rider,RD081,3.7,40,34.0,True,5.0,
ORD01271,2026-01-15,2026-01-15 03:50:00,C0151,Restaurant_12,Mohali,Phase 3B2,2,640,0.0,30,670,Credit Card,Website,Failed,Not Assigned,Not Assigned,6.5,45,,,,Customer Cancelled
ORD01875,2026-02-24,2026-02-24 23:48:00,C0273,Restaurant_25,Mohali,Phase 7,3,660,75.0,20,605,Wallet,Restaurant App,Cancelled,Not Assigned,Not Assigned,3.9,30,,,,Address Issue
ORD00278,2026-03-05,2026-03-05 21:16:00,C0411,Restaurant_19,Mohali,Phase 7,1,150,50.0,20,120,Wallet,Restaurant App,Delivered,In-house Rider,RD113,0.8,35,10.0,True,5.0,
ORD03382,2026-04-03,2026-04-03 00:41:00,C0373,Restaurant_01,Chandigarh,Sector 22,5,1750,20.0,40,1770,Cash,Restaurant App,Delivered,In-house Rider,RD006,4.7,30,38.0,False,3.0,
ORD01043,2026-01-26,2026-01-26 19:15:00,C0770,Restaurant_01,Chandigarh,Sector 34,3,1050,100.0,30,980,UPI,Restaurant App,Delivered,Shadowfax,RD021,1.2,40,21.0,True,3.0,
ORD02837,2026-05-26,2026-05-26 22:07:00,C0176,Restaurant_12,Mohali,Phase 5,3,660,50.0,50,660,Cash,Restaurant App,Delivered,Ola Logistics,RD049,5.6,45,63.0,False,4.0,
ORD03334,2026-04-14,2026-04-14 11:48:00,C0482,Restaurant_18,Mohali,Phase 5,4,600,0.0,30,630,Credit Card,Website,Delivered,Ola Logistics,RD131,4.9,50,33.0,True,5.0,
ORD00137,2026-01-18,2026-01-18 07:32:00,C0844,Restaurant_17,Chandigarh,Sector 22,4,720,75.0,25,670,Debit Card,Restaurant App,Failed,Not Assigned,Not Assigned,1.1,40,,,,Restaurant Delay
ORD03871,2026-06-06,2026-06-06 07:10:00,C0851,Restaurant_24,Chandigarh,Manimajra,1,180,100.0,60,140,UPI,Restaurant App,Delivered,Shadowfax,RD103,5.9,45,33.0,True,4.0,
ORD01629,2026-06-27,2026-06-27 12:32:00,C0645,Restaurant_18,Panchkula,Sector 11,3,750,0.0,60,810,Credit Card,Website,Delivered,In-house Rider,RD145,0.8,45,16.0,True,5.0,
ORD00212,2026-06-28,2026-06-28 05:33:00,C0423,Restaurant_20,Panchkula,Sector 8,4,1600,,20,1545,Debit Card,Website,Delivered,In-house Rider,RD115,,45,23.0,True,,
ORD00984,2026-04-04,2026-04-04 17:02:00,C0729,Restaurant_19,Chandigarh,Sector 35,1,350,0.0,30,380,Credit Card,Website,Delivered,In-house Rider,RD083,6.2,35,39.0,False,5.0,
ORD02829,2026-03-27,2026-03-27 07:23:00,C0433,Restaurant_24,Chandigarh,Sector 17,5,900,75.0,40,865,Cash,Website,Delivered,In-house Rider,RD014,8.4,35,52.0,False,5.0,
ORD00340,2026-03-07,2026-03-07 21:06:00,C0603,Restaurant_13,Chandigarh,Sector 17,1,400,0.0,20,420,Credit Card,Restaurant App,Delivered,Ola Logistics,RD052,4.3,40,26.0,True,5.0,
ORD03956,2026-03-01,2026-03-01 02:45:00,C1197,Restaurant_23,Chandigarh,Sector 34,1,220,0.0,40,260,Wallet,Website,Delivered,Shadowfax,RD006,5.2,30,35.0,False,5.0,
ORD02267,2026-05-30,2026-05-30 00:19:00,C1177,Restaurant_06,Panchkula,Sector 11,4,1400,75.0,30,1355,UPI,Restaurant App,Cancelled,Not Assigned,Not Assigned,7.4,30,,,,Address Issue
ORD03235,2026-05-03,2026-05-03 02:59:00,C1040,Restaurant_07,Mohali,Phase 3B2,2,500,30.0,20,490,UPI,Website,Delivered,In-house Rider,RD082,5.3,40,34.0,True,3.0,
ORD02618,2026-01-09,2026-01-09 20:06:00,C0579,Restaurant_18,Panchkula,Sector 15,3,840,30.0,30,840,Cash,Website,Cancelled,Not Assigned,Not Assigned,0.3,35,,,,Payment Failed
ORD02189,2026-04-01,2026-04-01 18:33:00,C1143,Restaurant_09,Chandigarh,Sector 17,1,280,50.0,40,270,Debit Card,Website,Delivered,Ola Logistics,RD020,5.4,30,40.0,False,5.0,
ORD03152,2026-05-27,2026-05-27 08:02:00,C1145,Restaurant_07,Mohali,Phase 5,4,720,75.0,60,705,Cash,Restaurant App,Delivered,Shadowfax,RD131,4.7,50,25.0,True,5.0,
ORD03372,2026-04-26,2026-04-26 11:10:00,C0438,Restaurant_05,Chandigarh,Sector 34,3,840,75.0,60,825,Debit Card,Restaurant App,Delivered,Shadowfax,RD023,2.7,50,38.0,True,5.0,
ORD02440,2026-06-07,2026-06-07 03:43:00,C0182,Restaurant_03,Panchkula,Sector 5,5,1250,30.0,30,1250,UPI,Restaurant App,Delivered,Shadowfax,RD095,4.4,45,37.0,True,5.0,
ORD03818,2026-05-15,2026-05-15 19:39:00,C0762,Restaurant_10,Chandigarh,Sector 35,2,240,0.0,50,290,Debit Card,Restaurant App,Delivered,In-house Rider,RD025,7.9,35,44.0,False,4.0,
ORD00792,2026-01-24,2026-01-24 15:02:00,C0729,Restaurant_12,Panchkula,Sector 11,1,280,0.0,50,330,Debit Card,Restaurant App,Delivered,Shadowfax,RD037,4.6,30,26.0,True,5.0,
ORD01851,2026-06-19,2026-06-19 20:47:00,C0833,Restaurant_12,Chandigarh,Manimajra,2,700,0.0,40,740,Wallet,Website,Delivered,Shadowfax,RD136,9.2,35,43.0,False,5.0,
ORD02100,2026-06-25,2026-06-25 19:42:00,C0990,Restaurant_06,Chandigarh,Sector 34,2,560,50.0,20,530,Cash,Website,Delivered,In-house Rider,RD105,0.8,50,22.0,True,4.0,
ORD03748,2026-04-24,2026-04-24 21:46:00,C0116,Restaurant_11,Chandigarh,Manimajra,5,1400,75.0,20,1345,Wallet,Restaurant App,Delivered,Shadowfax,RD122,2.2,30,10.0,True,3.0,
ORD02302,2026-04-24,2026-04-24 07:06:00,C0739,Restaurant_18,Chandigarh,Manimajra,2,360,0.0,25,385,Wallet,Restaurant App,Delivered,In-house Rider,RD057,7.9,30,35.0,False,5.0,
ORD00825,2026-03-06,2026-03-06 04:13:00,C0232,Restaurant_08,Chandigarh,Sector 35,3,1200,100.0,25,1125,UPI,Website,Delivered,Shadowfax,RD123,6.9,50,39.0,True,4.0,
ORD02963,2026-06-03,2026-06-03 01:30:00,C0876,Restaurant_01,Chandigarh,Sector 22,1,250,50.0,60,260,Wallet,Website,Failed,Not Assigned,Not Assigned,5.2,35,,,,Payment Failed
ORD00991,2026-06-22,2026-06-22 04:55:00,C1075,Restaurant_12,Mohali,Phase 7,5,1100,0.0,50,1150,Cash,Website,Delivered,In-house Rider,RD095,3.9,50,32.0,True,4.0,
ORD03518,2026-03-16,2026-03-16 12:50:00,C0484,Restaurant_14,Chandigarh,Manimajra,3,660,30.0,20,650,Debit Card,Restaurant App,Delivered,Shadowfax,RD010,3.9,35,24.0,True,5.0,
ORD00818,2026-01-04,2026-01-04 00:24:00,C0288,Restaurant_17,Panchkula,Sector 8,4,480,30.0,25,475,Debit Card,Restaurant App,Delivered,Shadowfax,RD083,1.6,40,23.0,True,5.0,
ORD00937,2026-06-08,2026-06-08 06:16:00,C0337,Restaurant_01,Panchkula,Sector 8,3,540,50.0,60,550,UPI,Website,Delivered,Shadowfax,RD087,4.3,45,26.0,True,5.0,
ORD01069,2026-01-05,2026-01-05 02:29:00,C0243,Restaurant_12,Mohali,Phase 5,4,1400,50.0,25,1375,Cash,Restaurant App,Delivered,In-house Rider,RD104,5.4,35,35.0,True,5.0,
ORD01678,2026-02-02,2026-02-02 00:09:00,C0371,Restaurant_25,Chandigarh,Sector 34,4,480,20.0,30,490,Debit Card,Restaurant App,Delivered,Shiprocket,RD072,7.0,50,35.0,True,5.0,
ORD01392,2026-05-27,2026-05-27 19:13:00,C0280,Restaurant_19,Panchkula,Sector 5,3,360,0.0,30,390,Cash,Website,Failed,Not Assigned,Not Assigned,4.8,45,,,,Restaurant Delay
ORD01018,2026-05-14,2026-05-14 13:43:00,C0952,Restaurant_14,Mohali,Phase 5,1,350,75.0,30,305,Cash,Website,Delivered,In-house Rider,RD028,6.1,45,34.0,True,3.0,
ORD02172,2026-05-18,2026-05-18 23:13:00,C0128,Restaurant_25,Mohali,Sector 68,3,750,0.0,60,810,Wallet,Restaurant App,Delivered,In-house Rider,RD033,6.3,40,47.0,False,3.0,
ORD02787,2026-04-14,2026-04-14 07:21:00,C0975,Restaurant_23,Mohali,Phase 7,5,750,20.0,20,750,Cash,Website,Failed,Not Assigned,Not Assigned,5.8,30,,,,Rider Unavailable
ORD00408,2026-03-15,2026-03-15 06:11:00,C0449,Restaurant_04,Panchkula,Sector 15,4,1400,0.0,50,1450,Wallet,Restaurant App,Delivered,In-house Rider,RD031,6.9,50,37.0,True,4.0,
ORD02693,2026-04-10,2026-04-10 22:54:00,C0501,Restaurant_08,Panchkula,Sector 8,2,240,20.0,50,270,Credit Card,Website,Delivered,In-house Rider,RD062,7.8,50,42.0,True,5.0,
ORD03478,2026-05-21,2026-05-21 18:35:00,C0643,Restaurant_16,Panchkula,Sector 5,1,280,0.0,25,305,UPI,Restaurant App,Delivered,In-house Rider,RD118,9.3,45,49.0,False,5.0,
ORD00332,2026-05-23,2026-05-23 07:11:00,C0132,Restaurant_22,Mohali,Sector 68,4,1600,100.0,20,1520,Debit Card,Website,Delivered,Shadowfax,RD062,1.8,40,20.0,True,5.0,
ORD02310,2026-06-01,2026-06-01 04:53:00,C0559,Restaurant_11,Panchkula,Sector 8,5,600,0.0,40,640,Credit Card,Restaurant App,Delivered,In-house Rider,RD138,0.8,45,18.0,True,3.0,
ORD02274,2026-01-10,2026-01-10 04:44:00,C0981,Restaurant_23,Mohali,Phase 5,2,700,50.0,60,710,Wallet,Website,Delivered,In-house Rider,RD137,4.8,40,28.0,True,5.0,
ORD00168,2026-03-07,2026-03-07 23:31:00,C1089,Restaurant_21,Chandigarh,Sector 35,1,400,0.0,50,450,Credit Card,Restaurant App,Delivered,Shadowfax,RD142,0.8,40,21.0,True,1.0,
ORD02814,2026-02-10,2026-02-10 09:36:00,C1123,Restaurant_25,Chandigarh,Sector 35,2,500,0.0,25,525,Wallet,Restaurant App,Failed,Not Assigned,Not Assigned,7.6,45,,,,Payment Failed
ORD01806,2026-06-16,2026-06-16 06:37:00,C0546,Restaurant_20,Mohali,Phase 5,5,600,75.0,60,585,UPI,Website,Delivered,Shadowfax,RD112,4.6,40,24.0,True,5.0,
ORD00297,2026-03-01,2026-03-01 09:09:00,C0464,Restaurant_16,Mohali,Phase 3B2,5,1100,20.0,25,1105,Cash,Website,Cancelled,Not Assigned,Not Assigned,3.3,30,,,,Customer Cancelled
ORD01214,2026-03-01,2026-03-01 11:11:00,C0789,Restaurant_25,Panchkula,Sector 11,5,2000,20.0,60,2040,UPI,Restaurant App,Failed,Not Assigned,Not Assigned,2.5,45,,,,Restaurant Delay
ORD00576,2026-04-07,2026-04-07 02:23:00,C1167,Restaurant_14,Mohali,Phase 3B2,4,1280,20.0,50,1310,Debit Card,Restaurant App,Failed,Not Assigned,Not Assigned,7.9,35,,,,Address Issue
ORD00320,2026-04-19,2026-04-19 07:21:00,C0472,Restaurant_20,Panchkula,Sector 8,1,220,0.0,30,250,Credit Card,Restaurant App,Delivered,Shadowfax,RD003,2.5,35,13.0,True,5.0,
ORD03595,2026-05-06,2026-05-06 05:24:00,C0732,Restaurant_17,Mohali,Phase 3B2,2,500,20.0,60,540,Cash,Restaurant App,Delivered,Ola Logistics,RD006,1.2,35,13.0,True,5.0,
ORD02443,2026-02-08,2026-02-08 05:35:00,C0274,Restaurant_03,Chandigarh,Sector 34,1,250,100.0,50,200,Cash,Restaurant App,Delivered,Shadowfax,RD016,6.8,35,45.0,False,4.0,
ORD00663,2026-04-07,2026-04-07 04:46:00,C0841,Restaurant_12,Chandigarh,Sector 22,5,1400,100.0,30,1330,UPI,Website,Delivered,Shiprocket,RD135,7.2,45,35.0,True,3.0,
ORD01197,2026-04-08,2026-04-08 01:51:00,C0135,Restaurant_05,Panchkula,Sector 5,3,960,20.0,25,965,Credit Card,Restaurant App,Delivered,In-house Rider,RD141,6.9,40,110.0,False,5.0,
ORD02911,2026-03-23,2026-03-23 19:56:00,C0642,Restaurant_11,Chandigarh,Sector 22,2,560,50.0,50,560,Debit Card,Website,Delivered,In-house Rider,RD029,0.8,35,21.0,True,5.0,
ORD02447,2026-02-07,2026-02-07 19:30:00,C0954,Restaurant_03,Mohali,Phase 5,3,540,0.0,60,600,Debit Card,Website,Delivered,In-house Rider,RD125,7.3,35,37.0,False,4.0,
ORD02334,2026-04-30,2026-04-30 23:06:00,C0479,Restaurant_10,Mohali,Phase 3B2,3,750,0.0,25,775,UPI,Restaurant App,Delivered,Shiprocket,RD126,0.9,35,22.0,True,4.0,
ORD03432,2026-01-31,2026-01-31 03:27:00,C0375,Restaurant_06,Chandigarh,Sector 34,5,1100,20.0,30,1110,Cash,Restaurant App,Cancelled,Not Assigned,Not Assigned,3.3,30,,,,Rider Unavailable
ORD00536,2026-05-04,2026-05-04 09:26:00,C0701,Restaurant_06,Chandigarh,Sector 35,4,1280,50.0,40,1270,Debit Card,Restaurant App,Delivered,In-house Rider,RD070,1.5,35,10.0,True,5.0,
ORD01609,2026-05-04,2026-05-04 20:42:00,C0056,Restaurant_06,Mohali,Phase 7,1,120,0.0,50,170,UPI,Restaurant App,Delivered,In-house Rider,RD056,5.2,35,31.0,True,2.0,
ORD00333,2026-03-25,2026-03-25 03:32:00,C0354,Restaurant_19,Chandigarh,Sector 35,1,400,75.0,50,375,Wallet,Restaurant App,Delivered,In-house Rider,RD140,8.8,40,49.0,False,5.0,
ORD02599,2026-03-09,2026-03-09 11:14:00,C0320,Restaurant_06,Chandigarh,Manimajra,2,560,100.0,40,500,Cash,Website,Delivered,In-house Rider,RD089,6.2,45,39.0,True,5.0,
ORD02006,2026-03-28,2026-03-28 23:46:00,C0181,Restaurant_24,Chandigarh,Sector 34,1,400,30.0,40,410,Credit Card,Restaurant App,Delivered,Shiprocket,RD085,5.4,35,22.0,True,5.0,
ORD02558,2026-04-19,2026-04-19 13:21:00,C0490,Restaurant_11,Chandigarh,Sector 17,3,960,0.0,40,1000,Wallet,Restaurant App,Delivered,In-house Rider,RD059,4.1,40,20.0,True,5.0,
ORD02571,2026-06-10,2026-06-10 09:28:00,C0582,Restaurant_15,Mohali,Phase 5,5,1600,0.0,20,1620,Credit Card,Restaurant App,Failed,Not Assigned,Not Assigned,2.8,45,,,,Customer Cancelled
ORD00938,2026-04-24,2026-04-24 04:43:00,C0256,Restaurant_13,Chandigarh,Sector 35,2,800,0.0,20,820,Cash,Restaurant App,Delivered,Shadowfax,RD031,8.2,35,35.0,True,4.0,
ORD02923,2026-04-25,2026-04-25 16:57:00,C0653,Restaurant_06,Panchkula,Sector 15,5,750,50.0,50,750,Debit Card,Restaurant App,Delivered,In-house Rider,RD114,3.2,30,16.0,True,5.0,
ORD03622,2026-02-28,2026-02-28 00:30:00,C0223,Restaurant_21,Panchkula,Sector 15,3,540,0.0,25,565,Cash,Website,Delivered,In-house Rider,RD062,4.2,40,27.0,True,5.0,
ORD02611,2026-01-21,2026-01-21 07:28:00,C0489,Restaurant_23,Mohali,Phase 3B2,4,600,20.0,50,630,Cash,Restaurant App,Failed,Not Assigned,Not Assigned,1.1,40,,,,Payment Failed
ORD00521,2026-04-06,2026-04-06 09:09:00,C1112,Restaurant_17,Chandigarh,Sector 35,5,750,75.0,20,695,Debit Card,Restaurant App,Delivered,Shadowfax,RD057,4.2,50,28.0,True,5.0,
ORD00561,2026-02-12,2026-02-12 09:58:00,C0040,Restaurant_19,Mohali,Phase 3B2,5,1400,20.0,60,1440,Wallet,Restaurant App,Delivered,In-house Rider,RD089,7.1,40,34.0,True,2.0,
ORD03292,2026-02-23,2026-02-23 06:50:00,C0191,Restaurant_11,Mohali,Phase 3B2,2,500,0.0,30,530,Cash,Restaurant App,Delivered,Ola Logistics,RD112,6.2,30,20.0,True,4.0,
ORD01830,2026-06-15,2026-06-15 04:48:00,C0566,Restaurant_09,Mohali,Sector 68,1,350,20.0,20,350,Cash,Restaurant App,Delivered,Shadowfax,RD097,6.8,35,27.0,True,5.0,
ORD00961,2026-01-22,2026-01-22 18:11:00,C0444,Restaurant_24,Panchkula,Sector 8,4,1120,0.0,30,1150,Credit Card,Restaurant App,Delivered,In-house Rider,RD092,3.2,30,25.0,True,5.0,
ORD01161,2026-06-06,2026-06-06 13:47:00,C0595,Restaurant_18,Chandigarh,Sector 34,4,1000,20.0,25,1005,Debit Card,Website,Delivered,In-house Rider,RD129,2.8,40,28.0,True,4.0,
ORD02173,2026-06-08,2026-06-08 00:12:00,C1166,Restaurant_12,Panchkula,Sector 8,3,360,50.0,25,335,Wallet,Restaurant App,Cancelled,Not Assigned,Not Assigned,1.4,35,,,,Rider Unavailable
ORD01442,2026-04-19,2026-04-19 19:01:00,C0451,Restaurant_17,Chandigarh,Sector 17,4,1120,0.0,25,1145,Credit Card,Website,Delivered,In-house Rider,RD100,3.1,30,20.0,True,4.0,
ORD02187,2026-01-13,2026-01-13 12:21:00,C0287,Restaurant_09,Chandigarh,Manimajra,2,300,30.0,60,330,Cash,Website,Delivered,In-house Rider,RD066,4.7,30,28.0,True,4.0,
ORD01332,2026-01-09,2026-01-09 12:49:00,C0462,Restaurant_16,Mohali,Phase 5,4,1000,0.0,50,1050,Credit Card,Restaurant App,Failed,Not Assigned,Not Assigned,1.9,50,,,,Restaurant Delay
ORD01441,2026-03-14,2026-03-14 12:39:00,C0260,Restaurant_19,Chandigarh,Sector 22,2,360,20.0,50,390,Debit Card,Website,Delivered,In-house Rider,RD139,6.2,40,25.0,True,5.0,
ORD02509,2026-05-15,2026-05-15 18:59:00,C0796,Restaurant_10,Mohali,Sector 68,1,320,0.0,30,350,Wallet,Restaurant App,Delivered,In-house Rider,RD124,5.3,35,26.0,True,5.0,
ORD00017,2026-05-10,2026-05-10 19:49:00,C1018,Restaurant_22,Panchkula,Sector 5,4,880,0.0,30,910,Credit Card,Restaurant App,Delivered,In-house Rider,RD107,4.7,30,23.0,True,5.0,
ORD02626,2026-04-25,2026-04-25 17:51:00,C0174,Restaurant_24,Panchkula,Sector 11,3,660,100.0,20,580,Credit Card,Restaurant App,Delivered,In-house Rider,RD122,4.0,35,26.0,True,5.0,
ORD03269,2026-05-01,2026-05-01 05:35:00,C0977,Restaurant_14,Mohali,Phase 3B2,4,480,50.0,40,470,Cash,Restaurant App,Delivered,Shadowfax,RD074,3.6,45,20.0,True,4.0,
ORD03645,2026-03-02,2026-03-02 05:44:00,C0702,Restaurant_16,Panchkula,Sector 11,5,600,20.0,25,605,Wallet,Website,Delivered,Shadowfax,RD125,6.0,50,38.0,True,5.0,
ORD02613,2026-01-29,2026-01-29 06:08:00,C0879,Restaurant_11,Mohali,Phase 5,3,960,0.0,40,1000,Credit Card,Website,Delivered,Ola Logistics,RD127,2.9,40,32.0,True,5.0,
ORD00658,2026-03-30,2026-03-30 00:33:00,C0268,Restaurant_02,Chandigarh,Sector 35,3,450,0.0,30,480,UPI,Website,Delivered,Shiprocket,RD023,5.7,45,40.0,True,5.0,
ORD01907,2026-06-16,2026-06-16 10:39:00,C0985,Restaurant_07,Panchkula,Sector 11,3,360,100.0,60,320,Credit Card,Website,Delivered,In-house Rider,RD003,10.2,45,50.0,False,5.0,
ORD02943,2026-01-08,2026-01-08 23:27:00,C0643,Restaurant_03,Mohali,Phase 3B2,4,1600,0.0,40,1640,Credit Card,Restaurant App,Delivered,In-house Rider,RD042,5.4,50,31.0,True,5.0,
ORD02803,2026-06-27,2026-06-27 00:07:00,C0302,Restaurant_01,Chandigarh,Sector 22,4,1400,75.0,30,1355,UPI,Restaurant App,Delivered,Shadowfax,RD084,4.6,45,15.0,True,3.0,
ORD01893,2026-06-01,2026-06-01 16:55:00,C0499,Restaurant_11,Mohali,Phase 5,5,1250,100.0,60,1210,Credit Card,Restaurant App,Delivered,In-house Rider,RD062,2.8,35,19.0,True,5.0,
ORD01296,2026-01-29,2026-01-29 11:46:00,C1007,Restaurant_01,Panchkula,Sector 11,1,120,0.0,50,170,Wallet,Restaurant App,Delivered,In-house Rider,RD118,8.4,45,43.0,True,5.0,
ORD03240,2026-06-24,2026-06-24 19:31:00,C1077,Restaurant_09,Chandigarh,Manimajra,2,300,20.0,20,300,UPI,Restaurant App,Delivered,In-house Rider,RD018,2.0,45,21.0,True,5.0,
ORD02183,2026-04-17,2026-04-17 14:00:00,C0007,Restaurant_20,Chandigarh,Sector 35,5,2000,75.0,50,1975,UPI,Website,Cancelled,Not Assigned,Not Assigned,7.4,30,,,,Address Issue
ORD01428,2026-01-30,2026-01-30 01:57:00,C0084,Restaurant_01,Chandigarh,Sector 22,3,840,20.0,40,860,Cash,Website,Failed,Not Assigned,Not Assigned,0.7,50,,,,Restaurant Delay
ORD01596,2026-01-04,2026-01-04 04:02:00,C0985,Restaurant_25,Mohali,Phase 7,3,660,0.0,40,700,Cash,Restaurant App,Delivered,In-house Rider,RD085,4.5,45,32.0,True,5.0,
ORD01590,2026-05-03,2026-05-03 02:46:00,C0949,Restaurant_09,Chandigarh,Manimajra,5,750,30.0,60,780,Wallet,Restaurant App,Failed,Not Assigned,Not Assigned,3.4,45,,,,Rider Unavailable
ORD02645,2026-05-26,2026-05-26 00:34:00,C0605,Restaurant_03,Mohali,Phase 3B2,2,300,0.0,30,330,Cash,Website,Delivered,Shiprocket,RD021,6.2,50,27.0,True,5.0,
ORD02148,2026-04-14,2026-04-14 07:33:00,C0332,Restaurant_01,Chandigarh,Sector 35,5,1600,20.0,60,1640,UPI,Website,Delivered,In-house Rider,RD078,2.1,50,19.0,True,4.0,
ORD03062,2026-01-16,2026-01-16 17:19:00,C1047,Restaurant_04,Panchkula,Sector 11,5,750,75.0,25,700,Credit Card,Restaurant App,Failed,Not Assigned,Not Assigned,5.6,40,,,,Rider Unavailable
ORD00722,2026-06-08,2026-06-08 01:30:00,C0702,Restaurant_12,Panchkula,Sector 5,2,440,30.0,50,460,Cash,Website,Cancelled,Not Assigned,Not Assigned,6.7,50,,,,Restaurant Delay
ORD00091,2026-01-30,2026-01-30 20:43:00,C1150,Restaurant_19,Mohali,Phase 5,3,660,50.0,60,670,Credit Card,Website,Delivered,Shadowfax,RD064,6.2,50,30.0,True,5.0,
ORD00181,2026-02-13,2026-02-13 14:06:00,C0958,Restaurant_18,Chandigarh,Sector 34,2,440,100.0,25,365,Credit Card,Restaurant App,Delivered,In-house Rider,RD030,7.6,40,41.0,False,5.0,
ORD02244,2026-04-11,2026-04-11 09:22:00,C0532,Restaurant_10,Mohali,Phase 7,1,250,0.0,25,275,Credit Card,Restaurant App,Delivered,Ola Logistics,RD090,2.8,45,29.0,True,5.0,
ORD02270,2026-06-12,2026-06-12 06:01:00,C0224,Restaurant_20,Panchkula,Sector 8,4,720,30.0,50,740,Wallet,Website,Delivered,In-house Rider,RD066,6.7,50,45.0,True,5.0,
ORD01889,2026-01-22,2026-01-22 03:22:00,C0269,Restaurant_23,Mohali,Phase 5,2,640,30.0,40,650,Debit Card,Restaurant App,Delivered,In-house Rider,RD102,3.3,40,28.0,True,5.0,
ORD03423,2026-02-12,2026-02-12 15:01:00,C1121,Restaurant_01,Chandigarh,Sector 34,5,1600,100.0,20,1520,Debit Card,Restaurant App,Delivered,Shadowfax,RD105,6.7,50,38.0,True,1.0,
ORD01293,2026-01-07,2026-01-07 06:54:00,C1162,Restaurant_11,Panchkula,Sector 15,4,600,30.0,60,630,UPI,Website,Delivered,In-house Rider,RD038,8.4,40,48.0,False,3.0,
ORD01755,2026-03-26,2026-03-26 14:18:00,C0487,Restaurant_12,Chandigarh,Sector 34,4,600,0.0,60,660,Cash,Website,Delivered,Ola Logistics,RD009,2.4,35,13.0,True,4.0,
ORD03014,2026-05-02,2026-05-02 01:55:00,C1044,Restaurant_20,Mohali,Phase 5,2,240,30.0,25,235,Cash,Website,Delivered,In-house Rider,RD035,6.4,45,40.0,True,5.0,
ORD02472,2026-04-28,2026-04-28 15:40:00,C0018,Restaurant_22,Panchkula,Sector 5,5,600,0.0,60,660,UPI,Website,Delivered,In-house Rider,RD062,2.5,45,19.0,True,3.0,
ORD02901,2026-02-13,2026-02-13 08:27:00,C0077,Restaurant_25,Mohali,Sector 68,4,1000,0.0,30,1030,Wallet,Website,Delivered,Shiprocket,RD005,1.7,30,20.0,True,4.0,
ORD00559,2026-02-16,2026-02-16 20:56:00,C0558,Restaurant_12,Chandigarh,Sector 22,1,120,0.0,30,150,Credit Card,Website,Failed,Not Assigned,Not Assigned,3.8,35,,,,Payment Failed
ORD00988,2026-03-05,2026-03-05 12:43:00,C0024,Restaurant_14,Chandigarh,Manimajra,1,280,20.0,60,320,Cash,Restaurant App,Cancelled,Not Assigned,Not Assigned,1.6,40,,,,Address Issue
ORD03162,2026-03-05,2026-03-05 22:20:00,C0892,Restaurant_16,Panchkula,Sector 11,3,1050,0.0,30,1080,UPI,Website,Failed,Not Assigned,Not Assigned,3.9,30,,,,Address Issue
ORD00555,2026-02-14,2026-02-14 01:15:00,C0004,Restaurant_23,Chandigarh,Sector 22,2,360,20.0,60,400,Debit Card,Restaurant App,Delivered,In-house Rider,RD126,3.5,35,23.0,True,5.0,
ORD03425,2026-02-12,2026-02-12 00:12:00,C0902,Restaurant_16,Panchkula,Sector 8,2,500,0.0,60,560,Wallet,Restaurant App,Delivered,Shadowfax,RD089,5.7,35,31.0,True,5.0,
ORD00742,2026-04-08,2026-04-08 16:43:00,C0885,Restaurant_21,Mohali,Phase 5,1,220,50.0,25,195,Debit Card,Restaurant App,Cancelled,Not Assigned,Not Assigned,1.9,35,,,,Rider Unavailable
ORD02564,2026-04-18,2026-04-18 14:28:00,C0952,Restaurant_03,Chandigarh,Manimajra,5,600,50.0,50,600,UPI,Restaurant App,Cancelled,Not Assigned,Not Assigned,7.5,40,,,,Restaurant Delay
ORD03045,2026-05-16,2026-05-16 00:14:00,C0725,Restaurant_24,Chandigarh,Sector 34,5,900,20.0,60,940,Credit Card,Website,Delivered,Shadowfax,RD070,7.5,45,41.0,True,5.0,
ORD03095,2026-03-18,2026-03-18 17:12:00,C0238,Restaurant_06,Chandigarh,Sector 35,4,1400,75.0,20,1345,Credit Card,Website,Delivered,In-house Rider,RD038,9.2,35,38.0,False,5.0,
ORD00993,2026-04-24,2026-04-24 22:15:00,C0487,Restaurant_22,Mohali,Sector 68,3,750,50.0,50,750,UPI,Website,Delivered,Ola Logistics,RD024,2.2,30,22.0,True,4.0,
ORD03752,2026-06-20,2026-06-20 22:22:00,C0512,Restaurant_10,Mohali,Sector 68,1,350,0.0,20,370,Cash,Website,Delivered,In-house Rider,RD070,2.7,45,24.0,True,4.0,
ORD00831,2026-03-05,2026-03-05 08:35:00,C1092,Restaurant_23,Mohali,Sector 68,4,1120,20.0,50,1150,UPI,Restaurant App,Delivered,Ola Logistics,RD101,4.6,35,31.0,True,5.0,
ORD03029,2026-02-06,2026-02-06 05:02:00,C0035,Restaurant_23,Chandigarh,Sector 35,3,450,50.0,50,450,Debit Card,Website,Cancelled,Not Assigned,Not Assigned,3.0,35,,,,Rider Unavailable
ORD02553,2026-04-11,2026-04-11 14:58:00,C0182,Restaurant_22,Panchkula,Sector 8,2,640,20.0,50,670,Cash,Restaurant App,Delivered,Shiprocket,RD132,2.4,30,12.0,True,5.0,
ORD01710,2026-05-09,2026-05-09 20:03:00,C0269,Restaurant_20,Chandigarh,Sector 35,2,700,50.0,60,710,Credit Card,Website,Failed,Not Assigned,Not Assigned,7.6,30,,,,Rider Unavailable
ORD01524,2026-03-12,2026-03-12 06:20:00,C0054,Restaurant_08,Panchkula,Sector 5,5,1600,30.0,25,1595,Credit Card,Restaurant App,Delivered,In-house Rider,RD123,4.0,30,33.0,False,4.0,
ORD02293,2026-06-05,2026-06-05 17:41:00,C0350,Restaurant_01,Panchkula,Sector 5,3,360,0.0,40,400,Debit Card,Website,Delivered,Ola Logistics,RD097,3.1,50,25.0,True,,
ORD01225,2026-06-26,2026-06-26 02:48:00,C0115,Restaurant_08,Mohali,Sector 68,1,400,0.0,60,460,Wallet,Website,Delivered,Ola Logistics,RD031,4.5,35,29.0,True,4.0,
ORD03666,2026-03-19,2026-03-19 06:05:00,C0072,Restaurant_25,Panchkula,Sector 5,3,1200,0.0,20,1220,Cash,Website,Delivered,Shiprocket,RD086,4.9,35,33.0,True,2.0,
ORD00687,2026-03-30,2026-03-30 15:52:00,C0031,Restaurant_18,Mohali,Phase 7,5,750,50.0,40,740,Wallet,Website,Delivered,In-house Rider,RD009,4.3,40,28.0,True,4.0,
ORD02881,2026-03-21,2026-03-21 12:05:00,C0445,Restaurant_08,Panchkula,Sector 15,3,750,0.0,20,770,Debit Card,Restaurant App,Delivered,In-house Rider,RD087,9.6,40,48.0,False,5.0,
ORD02079,2026-04-27,2026-04-27 17:41:00,C0822,Restaurant_06,Panchkula,Sector 5,2,360,20.0,50,390,Wallet,Restaurant App,Delivered,In-house Rider,RD145,7.9,30,29.0,True,5.0,
ORD03952,2026-02-07,2026-02-07 10:46:00,C0388,Restaurant_15,Mohali,Sector 68,1,320,50.0,25,295,Cash,Website,Delivered,Shadowfax,RD098,6.3,50,40.0,True,5.0,
ORD03810,2026-05-20,2026-05-20 05:48:00,C0635,Restaurant_09,Chandigarh,Sector 35,4,1280,0.0,60,1340,Cash,Website,Delivered,In-house Rider,RD101,4.1,40,30.0,True,4.0,
ORD03164,2026-06-25,2026-06-25 12:08:00,C0365,Restaurant_24,Panchkula,Sector 11,5,750,50.0,40,740,Wallet,Website,Delivered,Ola Logistics,RD129,3.0,50,20.0,True,4.0,
ORD03536,2026-05-28,2026-05-28 17:44:00,C1041,Restaurant_06,Chandigarh,Sector 35,2,700,100.0,25,625,Wallet,Website,Failed,Not Assigned,Not Assigned,3.8,50,,,,Customer Cancelled
ORD03847,2026-06-12,2026-06-12 10:34:00,C0648,Restaurant_13,Chandigarh,Sector 17,2,640,50.0,20,610,UPI,Website,Delivered,In-house Rider,RD022,3.1,35,23.0,True,5.0,
ORD02419,2026-01-14,2026-01-14 20:08:00,C0142,Restaurant_13,Mohali,Phase 3B2,3,840,0.0,20,860,Debit Card,Website,Delivered,In-house Rider,RD134,6.3,50,32.0,True,3.0,
ORD02330,2026-06-29,2026-06-29 13:56:00,C0322,Restaurant_15,Mohali,Phase 5,1,150,0.0,40,190,Debit Card,Website,Delivered,Ola Logistics,RD004,1.0,45,13.0,True,5.0,
ORD03548,2026-02-02,2026-02-02 14:43:00,C0308,Restaurant_09,Chandigarh,Sector 34,1,220,100.0,40,160,UPI,Restaurant App,Delivered,In-house Rider,RD094,8.9,45,28.0,True,5.0,
ORD00267,2026-02-22,2026-02-22 10:31:00,C0192,Restaurant_05,Mohali,Phase 5,3,360,0.0,60,420,UPI,Restaurant App,Failed,Not Assigned,Not Assigned,1.4,45,,,,Address Issue
ORD02688,2026-03-09,2026-03-09 04:29:00,C0143,Restaurant_02,Chandigarh,Sector 17,4,880,0.0,40,920,Credit Card,Restaurant App,Delivered,In-house Rider,RD046,5.8,50,28.0,True,4.0,
ORD00720,2026-01-02,2026-01-02 13:26:00,C0224,Restaurant_11,Mohali,Sector 68,3,750,50.0,40,740,Cash,Restaurant App,Delivered,In-house Rider,RD029,3.6,35,30.0,True,2.0,
ORD02719,2026-05-18,2026-05-18 19:32:00,C1122,Restaurant_07,Panchkula,Sector 15,2,640,100.0,20,560,Wallet,Website,Failed,Not Assigned,Not Assigned,6.5,40,,,,Restaurant Delay
ORD01522,2026-06-15,2026-06-15 14:06:00,C1195,Restaurant_21,Chandigarh,Manimajra,2,300,100.0,40,240,Cash,Website,Delivered,Shiprocket,RD095,4.0,30,17.0,True,5.0,
ORD03729,2026-04-10,2026-04-10 03:24:00,C1061,Restaurant_05,Panchkula,Sector 5,3,1050,0.0,20,1070,Wallet,Restaurant App,Delivered,In-house Rider,RD043,6.6,35,34.0,True,4.0,
ORD00526,2026-06-14,2026-06-14 17:04:00,C1079,Restaurant_01,Chandigarh,Sector 22,3,450,100.0,25,375,UPI,Restaurant App,Delivered,Ola Logistics,RD042,4.6,45,27.0,True,2.0,
ORD00670,2026-06-28,2026-06-28 02:22:00,C0596,Restaurant_13,Mohali,Phase 5,1,350,75.0,50,325,Cash,Website,Delivered,In-house Rider,RD146,6.7,35,36.0,False,5.0,
ORD02935,2026-02-02,2026-02-02 03:03:00,C0214,Restaurant_19,Chandigarh,Sector 35,3,660,0.0,40,700,UPI,Website,Delivered,In-house Rider,RD054,5.6,40,20.0,True,5.0,
ORD01463,2026-02-13,2026-02-13 22:08:00,C0848,Restaurant_07,Chandigarh,Sector 17,5,1400,30.0,50,1420,Credit Card,Website,Delivered,In-house Rider,RD047,5.4,35,27.0,True,4.0,
ORD03552,2026-02-19,2026-02-19 19:34:00,C0778,Restaurant_25,Mohali,Phase 5,1,320,0.0,20,340,Wallet,Restaurant App,Delivered,In-house Rider,RD082,2.7,40,17.0,True,,
ORD03157,2026-06-29,2026-06-29 01:52:00,C0259,Restaurant_09,Mohali,Sector 68,4,1280,0.0,50,1330,Cash,Website,Delivered,In-house Rider,RD073,5.8,30,28.0,True,5.0,
ORD00999,2026-05-21,2026-05-21 10:38:00,C0490,Restaurant_18,Mohali,Sector 68,2,300,20.0,30,310,UPI,Website,Delivered,Ola Logistics,RD099,7.1,50,22.0,True,1.0,
ORD02953,2026-01-09,2026-01-09 01:32:00,C1045,Restaurant_22,Chandigarh,Sector 35,1,250,75.0,60,235,Wallet,Website,Delivered,In-house Rider,RD085,7.2,35,43.0,False,4.0,
ORD02174,2026-02-05,2026-02-05 03:03:00,C0115,Restaurant_18,Chandigarh,Sector 17,2,500,100.0,25,425,Cash,Restaurant App,Failed,Not Assigned,Not Assigned,5.0,40,,,,Address Issue
ORD02135,2026-03-30,2026-03-30 15:10:00,C1127,Restaurant_22,Panchkula,Sector 11,3,960,50.0,20,930,Wallet,Website,Delivered,In-house Rider,RD102,8.5,30,28.0,True,5.0,
ORD03749,2026-02-25,2026-02-25 04:25:00,C0673,Restaurant_08,Chandigarh,Sector 34,5,1750,0.0,25,1775,UPI,Website,Delivered,Shadowfax,RD136,4.1,35,18.0,True,5.0,
ORD02317,2026-06-17,2026-06-17 13:35:00,C0642,Restaurant_05,Panchkula,Sector 11,4,1000,20.0,50,1030,Debit Card,Restaurant App,Cancelled,Not Assigned,Not Assigned,7.0,35,,,,Address Issue
ORD01704,2026-03-24,2026-03-24 20:42:00,C0835,Restaurant_09,Chandigarh,Sector 17,2,700,,30,730,Credit Card,Restaurant App,Delivered,Shadowfax,RD079,,40,38.0,True,,
ORD00054,2026-03-06,2026-03-06 17:19:00,C0146,Restaurant_06,Panchkula,Sector 8,5,1100,20.0,20,1100,Cash,Website,Delivered,Ola Logistics,RD024,9.6,40,44.0,False,5.0,
ORD02537,2026-03-09,2026-03-09 13:41:00,C0300,Restaurant_15,Panchkula,Sector 11,5,750,0.0,40,790,Cash,Website,Delivered,Ola Logistics,RD089,6.4,30,39.0,False,4.0,
ORD01429,2026-02-20,2026-02-20 01:45:00,C0330,Restaurant_13,Mohali,Phase 5,5,900,30.0,20,890,Wallet,Website,Delivered,In-house Rider,RD013,1.5,40,17.0,True,1.0,
ORD00049,2026-05-21,2026-05-21 02:23:00,C0402,Restaurant_10,Panchkula,Sector 8,3,540,0.0,30,570,Credit Card,Restaurant App,Delivered,In-house Rider,RD042,7.8,50,34.0,True,4.0,
ORD02450,2026-04-14,2026-04-14 00:57:00,C0722,Restaurant_18,Chandigarh,Manimajra,4,720,0.0,30,750,Credit Card,Restaurant App,Delivered,In-house Rider,RD013,4.7,45,31.0,True,5.0,
ORD03388,2026-05-15,2026-05-15 09:26:00,C0336,Restaurant_21,Chandigarh,Sector 22,5,600,30.0,60,630,Wallet,Website,Delivered,In-house Rider,RD029,6.3,30,25.0,True,5.0,
ORD02649,2026-01-23,2026-01-23 20:18:00,C0050,Restaurant_07,Mohali,Phase 5,3,660,50.0,20,630,Credit Card,Restaurant App,Cancelled,Not Assigned,Not Assigned,6.6,40,,,,Address Issue
ORD01483,2026-03-25,2026-03-25 09:29:00,C1173,Restaurant_04,Chandigarh,Sector 35,2,560,0.0,50,610,Cash,Restaurant App,Delivered,In-house Rider,RD140,3.2,30,22.0,True,5.0,
ORD02353,2026-03-12,2026-03-12 07:30:00,C1132,Restaurant_16,Mohali,Phase 7,5,1250,75.0,20,1195,UPI,Website,Delivered,In-house Rider,RD088,3.6,45,39.0,True,4.0,
ORD01696,2026-06-27,2026-06-27 11:51:00,C0049,Restaurant_09,Mohali,Phase 3B2,4,1000,100.0,20,920,Debit Card,Website,Delivered,In-house Rider,RD081,6.2,30,114.0,False,5.0,
ORD03192,2026-02-04,2026-02-04 19:37:00,C0910,Restaurant_25,Panchkula,Sector 11,3,960,100.0,20,880,Credit Card,Restaurant App,Delivered,In-house Rider,RD003,2.8,45,26.0,True,4.0,
ORD03083,2026-02-13,2026-02-13 17:57:00,C0828,Restaurant_09,Panchkula,Sector 8,4,600,0.0,30,630,Cash,Restaurant App,Delivered,In-house Rider,RD101,1.4,45,22.0,True,5.0,
ORD03522,2026-01-26,2026-01-26 13:49:00,C1172,Restaurant_09,Chandigarh,Sector 22,2,300,100.0,20,220,Wallet,Restaurant App,Delivered,In-house Rider,RD079,6.6,35,29.0,True,4.0,
ORD02069,2026-01-12,2026-01-12 06:01:00,C0735,Restaurant_03,Panchkula,Sector 5,4,1280,20.0,40,1300,Wallet,Restaurant App,Delivered,Ola Logistics,RD080,5.0,35,25.0,True,5.0,
ORD03695,2026-01-30,2026-01-30 18:51:00,C0231,Restaurant_25,Chandigarh,Sector 17,1,350,75.0,40,315,Credit Card,Restaurant App,Delivered,In-house Rider,RD091,3.2,45,17.0,True,5.0,
ORD01950,2026-06-05,2026-06-05 19:19:00,C1130,Restaurant_03,Panchkula,Sector 5,2,700,0.0,40,740,Credit Card,Restaurant App,Delivered,Shadowfax,RD048,3.6,45,20.0,True,4.0,
ORD01193,2026-02-15,2026-02-15 23:45:00,C0990,Restaurant_25,Chandigarh,Manimajra,3,360,0.0,30,390,Cash,Restaurant App,Failed,Not Assigned,Not Assigned,3.6,30,,,,Rider Unavailable
ORD03617,2026-02-07,2026-02-07 01:38:00,C0507,Restaurant_08,Mohali,Phase 3B2,1,150,0.0,30,180,Wallet,Website,Delivered,In-house Rider,RD054,6.6,30,30.0,True,4.0,
ORD03054,2026-03-24,2026-03-24 20:00:00,C0822,Restaurant_13,Mohali,Phase 3B2,2,800,50.0,60,810,Credit Card,Restaurant App,Delivered,In-house Rider,RD068,1.1,50,17.0,True,3.0,
ORD02681,2026-05-21,2026-05-21 14:20:00,C1115,Restaurant_01,Chandigarh,Manimajra,3,360,0.0,25,385,Wallet,Restaurant App,Delivered,In-house Rider,RD042,2.2,40,20.0,True,5.0,
ORD02533,2026-03-31,2026-03-31 14:05:00,C1101,Restaurant_14,Panchkula,Sector 15,1,150,0.0,50,200,Debit Card,Website,Delivered,Ola Logistics,RD027,3.9,30,42.0,False,5.0,
ORD00291,2026-06-28,2026-06-28 07:40:00,C0964,Restaurant_07,Panchkula,Sector 11,2,700,0.0,30,730,Wallet,Website,Cancelled,Not Assigned,Not Assigned,7.7,30,,,,Rider Unavailable
ORD00941,2026-05-14,2026-05-14 07:15:00,C0777,Restaurant_22,Mohali,Phase 3B2,2,560,0.0,25,585,Cash,Restaurant App,Delivered,Shadowfax,RD032,1.3,50,14.0,True,5.0,
ORD02527,2026-06-05,2026-06-05 21:07:00,C0926,Restaurant_08,Panchkula,Sector 8,1,180,100.0,25,105,Credit Card,Restaurant App,Delivered,In-house Rider,RD066,4.2,30,15.0,True,4.0,
ORD02382,2026-03-05,2026-03-05 08:13:00,C0951,Restaurant_02,Chandigarh,Sector 35,3,360,30.0,50,380,Wallet,Restaurant App,Delivered,In-house Rider,RD072,8.4,50,40.0,True,4.0,
ORD01857,2026-01-04,2026-01-04 02:29:00,C1102,Restaurant_07,Chandigarh,Sector 35,1,180,75.0,50,155,Cash,Website,Delivered,Ola Logistics,RD109,7.1,40,35.0,True,5.0,
ORD01808,2026-04-01,2026-04-01 02:35:00,C1194,Restaurant_02,Panchkula,Sector 11,2,440,20.0,30,450,UPI,Website,Delivered,Ola Logistics,RD147,4.2,30,36.0,False,5.0,
ORD03448,2026-05-11,2026-05-11 20:13:00,C0012,Restaurant_04,Panchkula,Sector 15,1,220,50.0,50,220,Credit Card,Restaurant App,Failed,Not Assigned,Not Assigned,4.4,35,,,,Rider Unavailable
ORD01776,2026-03-15,2026-03-15 08:43:00,C0668,Restaurant_19,Panchkula,Sector 15,5,1400,0.0,20,1420,Wallet,Restaurant App,Failed,Not Assigned,Not Assigned,3.0,45,,,,Payment Failed
ORD02674,2026-05-21,2026-05-21 22:12:00,C0671,Restaurant_10,Chandigarh,Sector 17,2,800,50.0,25,775,Cash,Restaurant App,Delivered,In-house Rider,RD071,10.3,50,38.0,True,5.0,
ORD01276,2026-06-24,2026-06-24 20:30:00,C0306,Restaurant_17,Panchkula,Sector 8,3,960,0.0,50,1010,Cash,Website,Cancelled,Not Assigned,Not Assigned,7.5,30,,,,Payment Failed
ORD00739,2026-04-22,2026-04-22 17:01:00,C1173,Restaurant_22,Chandigarh,Sector 34,2,240,100.0,25,165,UPI,Website,Delivered,In-house Rider,RD135,9.8,30,48.0,False,4.0,
ORD02734,2026-01-01,2026-01-01 11:53:00,C0683,Restaurant_09,Chandigarh,Manimajra,1,280,20.0,40,300,UPI,Website,Delivered,Shadowfax,RD047,4.1,50,36.0,True,4.0,
ORD03758,2026-05-26,2026-05-26 04:04:00,C0105,Restaurant_13,Panchkula,Sector 8,1,120,75.0,40,85,Wallet,Website,Delivered,Shadowfax,RD019,3.4,45,19.0,True,5.0,
ORD02652,2026-04-01,2026-04-01 16:01:00,C0863,Restaurant_22,Panchkula,Sector 15,3,840,0.0,25,865,UPI,Website,Delivered,In-house Rider,RD109,1.4,35,18.0,True,4.0,
ORD00992,2026-02-07,2026-02-07 17:07:00,C0689,Restaurant_14,Chandigarh,Sector 35,1,250,30.0,40,260,UPI,Restaurant App,Delivered,In-house Rider,RD112,7.0,50,38.0,True,3.0,
ORD00003,2026-05-01,2026-05-01 01:49:00,C1103,Restaurant_21,Panchkula,Sector 11,4,880,50.0,20,850,Wallet,Website,Cancelled,Not Assigned,Not Assigned,3.2,50,,,,Payment Failed
ORD01844,2026-03-19,2026-03-19 03:13:00,C0616,Restaurant_21,Chandigarh,Sector 34,1,180,0.0,25,205,Credit Card,Restaurant App,Delivered,Ola Logistics,RD083,2.7,45,22.0,True,4.0,
ORD01177,2026-06-27,2026-06-27 17:56:00,C0026,Restaurant_07,Chandigarh,Sector 22,5,1750,20.0,30,1760,Cash,Restaurant App,Cancelled,Not Assigned,Not Assigned,2.1,30,,,,Address Issue
ORD01318,2026-04-22,2026-04-22 11:56:00,C0808,Restaurant_04,Mohali,Sector 68,3,540,0.0,25,565,Debit Card,Website,Delivered,Ola Logistics,RD074,6.5,30,29.0,True,5.0,
ORD03147,2026-06-06,2026-06-06 01:25:00,C0038,Restaurant_08,Mohali,Sector 68,3,840,100.0,20,760,Debit Card,Website,Delivered,Shadowfax,RD091,8.9,50,46.0,True,5.0,
ORD00048,2026-03-01,2026-03-01 01:10:00,C0855,Restaurant_24,Mohali,Sector 68,4,1000,20.0,30,1010,UPI,Website,Cancelled,Not Assigned,Not Assigned,1.4,50,,,,Restaurant Delay
ORD00606,2026-03-10,2026-03-10 15:06:00,C0922,Restaurant_04,Mohali,Sector 68,2,640,20.0,50,670,Debit Card,Restaurant App,Delivered,In-house Rider,RD098,6.0,45,26.0,True,,
ORD02865,2026-01-29,2026-01-29 22:02:00,C0611,Restaurant_04,Chandigarh,Sector 22,1,220,0.0,50,270,Credit Card,Website,Delivered,Shiprocket,RD127,5.3,50,27.0,True,4.0,
ORD03819,2026-04-23,2026-04-23 02:20:00,C0313,Restaurant_09,Mohali,Phase 3B2,5,1400,30.0,50,1420,Debit Card,Website,Delivered,Ola Logistics,RD050,4.6,35,31.0,True,2.0,
ORD03648,2026-05-26,2026-05-26 02:35:00,C1046,Restaurant_21,Mohali,Sector 68,1,220,75.0,60,205,Wallet,Restaurant App,Delivered,Shiprocket,RD118,10.0,50,38.0,True,4.0,
ORD03530,2026-03-19,2026-03-19 08:59:00,C0079,Restaurant_02,Chandigarh,Sector 34,5,1400,0.0,20,1420,Debit Card,Website,Cancelled,Not Assigned,Not Assigned,2.6,50,,,,Customer Cancelled
ORD00673,2026-02-11,2026-02-11 18:32:00,C0578,Restaurant_19,Mohali,Phase 3B2,2,240,50.0,60,250,Cash,Website,Failed,Not Assigned,Not Assigned,5.0,40,,,,Customer Cancelled
ORD00488,2026-03-24,2026-03-24 06:24:00,C0030,Restaurant_10,Panchkula,Sector 11,4,720,0.0,40,760,UPI,Website,Failed,Not Assigned,Not Assigned,7.1,45,,,,Payment Failed
ORD00830,2026-05-22,2026-05-22 09:40:00,C0966,Restaurant_13,Panchkula,Sector 8,4,480,0.0,50,530,Cash,Restaurant App,Delivered,In-house Rider,RD093,2.5,50,18.0,True,4.0,
ORD01871,2026-06-20,2026-06-20 10:49:00,C0147,Restaurant_09,Mohali,Phase 3B2,2,240,50.0,40,230,Debit Card,Restaurant App,Cancelled,Not Assigned,Not Assigned,5.8,50,,,,Customer Cancelled
ORD00300,2026-02-10,2026-02-10 22:31:00,C0644,Restaurant_02,Panchkula,Sector 5,2,240,75.0,20,185,Credit Card,Restaurant App,Delivered,Shiprocket,RD012,2.8,30,20.0,True,3.0,
ORD02503,2026-04-14,2026-04-14 20:15:00,C0715,Restaurant_22,Mohali,Phase 7,2,360,0.0,30,390,Wallet,Restaurant App,Delivered,In-house Rider,RD129,3.8,50,33.0,True,4.0,
ORD02904,2026-03-24,2026-03-24 01:15:00,C0393,Restaurant_04,Chandigarh,Sector 17,5,1600,50.0,60,1610,Wallet,Restaurant App,Delivered,Ola Logistics,RD126,2.9,30,28.0,True,5.0,
ORD01935,2026-04-03,2026-04-03 11:52:00,C0384,Restaurant_15,Chandigarh,Sector 34,5,750,0.0,30,780,UPI,Restaurant App,Failed,Not Assigned,Not Assigned,7.3,30,,,,Customer Cancelled
ORD00940,2026-03-19,2026-03-19 20:14:00,C1153,Restaurant_17,Panchkula,Sector 8,3,1050,0.0,30,1080,Cash,Restaurant App,Delivered,Ola Logistics,RD078,5.7,30,19.0,True,5.0,
ORD03488,2026-04-15,2026-04-15 07:28:00,C0620,Restaurant_01,Panchkula,Sector 15,2,240,0.0,30,270,Wallet,Restaurant App,Delivered,In-house Rider,RD085,3.6,30,38.0,False,5.0,
ORD03564,2026-01-26,2026-01-26 20:53:00,C1023,Restaurant_24,Panchkula,Sector 15,2,640,20.0,20,640,Wallet,Website,Cancelled,Not Assigned,Not Assigned,6.8,30,,,,Customer Cancelled
ORD00428,2026-06-06,2026-06-06 06:42:00,C1057,Restaurant_25,Panchkula,Sector 5,1,320,0.0,60,380,Wallet,Website,Delivered,In-house Rider,RD083,3.7,30,25.0,True,4.0,
ORD03739,2026-04-21,2026-04-21 21:49:00,C0461,Restaurant_11,Panchkula,Sector 11,3,540,50.0,25,515,Debit Card,Restaurant App,Delivered,Shadowfax,RD087,4.7,35,40.0,False,5.0,
ORD02806,2026-05-20,2026-05-20 16:44:00,C0744,Restaurant_25,Panchkula,Sector 5,3,540,30.0,40,550,Cash,Restaurant App,Delivered,In-house Rider,RD100,6.1,30,28.0,True,5.0,
ORD03058,2026-03-27,2026-03-27 09:12:00,C0172,Restaurant_22,Mohali,Phase 3B2,4,1280,50.0,50,1280,Cash,Restaurant App,Delivered,Shiprocket,RD078,2.7,40,32.0,True,5.0,
ORD02515,2026-05-25,2026-05-25 14:51:00,C0311,Restaurant_09,Chandigarh,Sector 35,3,360,50.0,50,360,Debit Card,Restaurant App,Delivered,Ola Logistics,RD002,4.8,35,28.0,True,4.0,
ORD02981,2026-04-04,2026-04-04 03:55:00,C0159,Restaurant_20,Chandigarh,Sector 17,3,1050,30.0,25,1045,Debit Card,Restaurant App,Delivered,Shadowfax,RD008,4.1,35,33.0,True,5.0,
ORD00107,2026-06-06,2026-06-06 06:31:00,C0077,Restaurant_02,Chandigarh,Sector 17,4,1120,20.0,60,1160,UPI,Website,Delivered,Ola Logistics,RD145,3.8,45,20.0,True,4.0,
ORD00607,2026-05-03,2026-05-03 10:22:00,C0111,Restaurant_14,Panchkula,Sector 5,5,600,0.0,60,660,Debit Card,Restaurant App,Failed,Not Assigned,Not Assigned,3.9,30,,,,Address Issue
ORD02233,2026-03-05,2026-03-05 17:40:00,C0931,Restaurant_19,Mohali,Phase 7,1,120,0.0,60,180,UPI,Restaurant App,Cancelled,Not Assigned,Not Assigned,0.1,35,,,,Payment Failed
ORD01222,2026-04-18,2026-04-18 11:55:00,C0967,Restaurant_09,Mohali,Phase 3B2,4,1400,50.0,40,1390,UPI,Restaurant App,Cancelled,Not Assigned,Not Assigned,4.0,30,,,,Customer Cancelled
ORD01028,2026-06-23,2026-06-23 08:45:00,C1113,Restaurant_22,Mohali,Phase 7,5,1100,75.0,40,1065,Cash,Restaurant App,Delivered,In-house Rider,RD055,3.5,30,31.0,False,5.0,
ORD00862,2026-05-24,2026-05-24 10:37:00,C0044,Restaurant_11,Panchkula,Sector 8,3,1050,0.0,50,1100,Cash,Restaurant App,Delivered,In-house Rider,RD094,7.2,45,38.0,True,4.0,
ORD01302,2026-02-02,2026-02-02 14:43:00,C0241,Restaurant_10,Panchkula,Sector 11,2,640,0.0,25,665,Wallet,Restaurant App,Delivered,In-house Rider,RD005,6.5,50,35.0,True,5.0,
ORD00079,2026-03-22,2026-03-22 05:18:00,C0351,Restaurant_10,Chandigarh,Sector 35,2,640,100.0,25,565,Debit Card,Website,Delivered,In-house Rider,RD129,3.3,35,26.0,True,4.0,
ORD00032,2026-06-20,2026-06-20 04:19:00,C0129,Restaurant_15,Panchkula,Sector 8,2,700,0.0,40,740,Wallet,Restaurant App,Delivered,In-house Rider,RD040,2.2,30,15.0,True,5.0,
ORD03290,2026-06-24,2026-06-24 20:43:00,C0386,Restaurant_04,Chandigarh,Sector 17,1,150,0.0,40,190,Wallet,Restaurant App,Delivered,In-house Rider,RD092,3.1,50,27.0,True,3.0,
ORD03025,2026-02-27,2026-02-27 14:16:00,C0230,Restaurant_12,Mohali,Phase 3B2,2,640,0.0,40,680,Debit Card,Restaurant App,Delivered,In-house Rider,RD066,5.7,30,37.0,False,5.0,
ORD02391,2026-05-27,2026-05-27 15:27:00,C0606,Restaurant_15,Chandigarh,Sector 34,3,540,20.0,20,540,UPI,Website,Delivered,Shiprocket,RD039,6.0,35,37.0,False,5.0,
ORD02081,2026-01-08,2026-01-08 02:21:00,C0335,Restaurant_15,Chandigarh,Manimajra,1,150,0.0,25,175,Debit Card,Website,Delivered,Shadowfax,RD043,4.2,40,31.0,True,5.0,
ORD03486,2026-06-16,2026-06-16 23:52:00,C0263,Restaurant_15,Chandigarh,Sector 35,2,700,100.0,30,630,Debit Card,Website,Delivered,In-house Rider,RD149,5.5,40,41.0,False,5.0,
ORD02907,2026-01-23,2026-01-23 23:01:00,C0717,Restaurant_09,Chandigarh,Sector 17,3,360,50.0,50,360,Wallet,Website,Delivered,Ola Logistics,RD025,4.8,40,28.0,True,5.0,
ORD01047,2026-01-11,2026-01-11 12:43:00,C1004,Restaurant_17,Mohali,Sector 68,4,880,75.0,50,855,Debit Card,Restaurant App,Delivered,Shadowfax,RD086,3.3,40,22.0,True,5.0,
ORD01735,2026-04-23,2026-04-23 19:07:00,C0577,Restaurant_22,Panchkula,Sector 15,1,120,0.0,25,145,UPI,Restaurant App,Delivered,In-house Rider,RD044,7.9,50,46.0,True,5.0,
ORD00390,2026-05-26,2026-05-26 03:40:00,C1190,Restaurant_04,Panchkula,Sector 8,4,1000,0.0,50,1050,Debit Card,Website,Delivered,In-house Rider,RD126,6.7,50,90.0,False,5.0,
ORD03678,2026-06-02,2026-06-02 07:32:00,C0959,Restaurant_18,Mohali,Phase 7,5,750,75.0,50,725,Debit Card,Restaurant App,Delivered,Shadowfax,RD103,6.1,50,28.0,True,5.0,
ORD03502,2026-06-14,2026-06-14 09:08:00,C0541,Restaurant_18,Mohali,Phase 3B2,4,880,0.0,50,930,Cash,Website,Delivered,Shadowfax,RD087,4.7,40,21.0,True,5.0,
ORD00045,2026-03-18,2026-03-18 16:25:00,C0420,Restaurant_10,Panchkula,Sector 11,3,450,50.0,50,450,Debit Card,Website,Delivered,In-house Rider,RD007,0.8,50,23.0,True,4.0,
ORD00723,2026-01-10,2026-01-10 02:51:00,C0504,Restaurant_03,Chandigarh,Sector 34,3,840,0.0,40,880,Credit Card,Website,Delivered,In-house Rider,RD111,8.1,50,34.0,True,5.0,
ORD03800,2026-03-07,2026-03-07 06:42:00,C0129,Restaurant_19,Panchkula,Sector 5,5,750,30.0,20,740,Credit Card,Restaurant App,Delivered,Ola Logistics,RD133,7.4,30,50.0,False,4.0,
ORD01142,2026-04-23,2026-04-23 20:45:00,C0243,Restaurant_01,Panchkula,Sector 8,5,1100,75.0,25,1050,Wallet,Restaurant App,Delivered,In-house Rider,RD067,3.2,50,22.0,True,5.0,
ORD02627,2026-03-17,2026-03-17 19:52:00,C0077,Restaurant_13,Chandigarh,Sector 35,2,300,30.0,25,295,Wallet,Website,Delivered,Ola Logistics,RD019,8.0,50,32.0,True,5.0,
ORD03911,2026-04-21,2026-04-21 06:27:00,C0793,Restaurant_01,Chandigarh,Manimajra,2,640,20.0,30,650,Cash,Restaurant App,Delivered,In-house Rider,RD099,5.0,35,33.0,True,4.0,
ORD02454,2026-04-04,2026-04-04 22:56:00,C0974,Restaurant_18,Chandigarh,Sector 34,5,1750,75.0,30,1705,Credit Card,Restaurant App,Cancelled,Not Assigned,Not Assigned,1.1,45,,,,Rider Unavailable
ORD00708,2026-03-18,2026-03-18 19:58:00,C0312,Restaurant_25,Mohali,Phase 7,5,900,50.0,30,880,UPI,Restaurant App,Failed,Not Assigned,Not Assigned,7.8,30,,,,Customer Cancelled
ORD00811,2026-04-25,2026-04-25 08:33:00,C1010,Restaurant_13,Mohali,Phase 5,3,450,0.0,20,470,Wallet,Website,Delivered,In-house Rider,RD057,3.7,30,24.0,True,5.0,
ORD03474,2026-01-09,2026-01-09 12:53:00,C0762,Restaurant_01,Mohali,Phase 3B2,5,750,0.0,50,800,UPI,Website,Delivered,Shadowfax,RD075,0.8,50,13.0,True,5.0,
ORD02316,2026-05-26,2026-05-26 15:22:00,C0620,Restaurant_05,Chandigarh,Sector 34,1,250,0.0,30,280,Credit Card,Website,Delivered,Shiprocket,RD106,6.0,35,32.0,True,5.0,
ORD00147,2026-01-12,2026-01-12 20:23:00,C0257,Restaurant_25,Mohali,Phase 5,1,400,50.0,20,370,Cash,Website,Delivered,In-house Rider,RD105,6.3,45,34.0,True,4.0,
ORD03590,2026-01-23,2026-01-23 05:02:00,C0887,Restaurant_13,Panchkula,Sector 15,1,150,0.0,20,170,Wallet,Website,Delivered,In-house Rider,RD150,6.7,35,43.0,False,5.0,
ORD01627,2026-02-07,2026-02-07 05:07:00,C0170,Restaurant_01,Panchkula,Sector 5,4,880,100.0,30,810,Cash,Website,Delivered,In-house Rider,RD044,0.8,50,18.0,True,5.0,
ORD02785,2026-03-12,2026-03-12 20:11:00,C0446,Restaurant_17,Mohali,Phase 7,2,300,0.0,25,325,Credit Card,Restaurant App,Delivered,In-house Rider,RD008,7.2,30,43.0,False,4.0,
ORD02833,2026-02-20,2026-02-20 05:40:00,C0197,Restaurant_11,Panchkula,Sector 5,1,250,100.0,30,180,Credit Card,Website,Failed,Not Assigned,Not Assigned,2.2,40,,,,Customer Cancelled
ORD02758,2026-05-09,2026-05-09 05:58:00,C0985,Restaurant_15,Chandigarh,Sector 35,4,1000,0.0,60,1060,Debit Card,Restaurant App,Failed,Not Assigned,Not Assigned,1.5,50,,,,Payment Failed
ORD03856,2026-02-21,2026-02-21 07:39:00,C0875,Restaurant_24,Panchkula,Sector 5,1,280,30.0,30,280,Wallet,Restaurant App,Delivered,In-house Rider,RD051,7.9,50,41.0,True,4.0,
ORD01066,2026-04-25,2026-04-25 11:14:00,C0380,Restaurant_04,Panchkula,Sector 15,5,750,0.0,60,810,UPI,Restaurant App,Delivered,In-house Rider,RD079,4.3,35,23.0,True,5.0,
ORD02277,2026-06-04,2026-06-04 05:11:00,C0429,Restaurant_24,Mohali,Sector 68,5,1100,75.0,50,1075,Cash,Restaurant App,Delivered,In-house Rider,RD042,4.7,35,33.0,True,5.0,
ORD03002,2026-01-04,2026-01-04 02:25:00,C0768,Restaurant_21,Chandigarh,Manimajra,4,880,50.0,50,880,Credit Card,Restaurant App,Delivered,Ola Logistics,RD022,7.5,35,32.0,True,5.0,
ORD02750,2026-05-15,2026-05-15 03:56:00,C0812,Restaurant_17,Panchkula,Sector 5,4,880,75.0,60,865,Wallet,Website,Delivered,In-house Rider,RD083,3.8,40,35.0,True,5.0,
ORD00851,2026-06-17,2026-06-17 18:28:00,C1157,Restaurant_18,Mohali,Phase 5,5,1250,75.0,30,1205,Cash,Website,Delivered,In-house Rider,RD146,5.6,40,25.0,True,4.0,
ORD01297,2026-01-12,2026-01-12 07:15:00,C0920,Restaurant_09,Panchkula,Sector 15,5,1100,0.0,60,1160,Credit Card,Restaurant App,Delivered,In-house Rider,RD015,4.7,35,21.0,True,4.0,
ORD02871,2026-06-03,2026-06-03 10:57:00,C0138,Restaurant_17,Chandigarh,Manimajra,5,1400,0.0,30,1430,UPI,Website,Delivered,In-house Rider,RD018,4.6,50,30.0,True,5.0,
ORD01993,2026-03-21,2026-03-21 04:58:00,C0731,Restaurant_21,Mohali,Phase 3B2,1,350,0.0,25,375,Wallet,Restaurant App,Delivered,Shadowfax,RD108,4.6,50,27.0,True,4.0,
ORD01036,2026-04-17,2026-04-17 21:34:00,C0982,Restaurant_12,Mohali,Sector 68,4,720,0.0,60,780,UPI,Restaurant App,Delivered,In-house Rider,RD090,0.8,30,18.0,True,5.0,
ORD02266,2026-05-10,2026-05-10 11:57:00,C0292,Restaurant_08,Mohali,Phase 5,1,120,0.0,25,145,Wallet,Website,Delivered,In-house Rider,RD080,6.3,50,34.0,True,3.0,
ORD02723,2026-01-30,2026-01-30 13:37:00,C0779,Restaurant_06,Chandigarh,Sector 17,2,560,0.0,50,610,Debit Card,Restaurant App,Cancelled,Not Assigned,Not Assigned,6.0,40,,,,Customer Cancelled
ORD00466,2026-03-30,2026-03-30 15:27:00,C0704,Restaurant_03,Panchkula,Sector 5,1,350,50.0,40,340,UPI,Website,Failed,Not Assigned,Not Assigned,5.7,50,,,,Payment Failed
ORD03455,2026-04-21,2026-04-21 06:33:00,C0390,Restaurant_12,Mohali,Phase 7,4,1000,75.0,30,955,Debit Card,Website,Cancelled,Not Assigned,Not Assigned,6.2,35,,,,Rider Unavailable
ORD02064,2026-01-11,2026-01-11 05:24:00,C0064,Restaurant_03,Mohali,Phase 7,5,1750,50.0,40,1740,Wallet,Website,Delivered,Shiprocket,RD010,9.5,50,43.0,True,4.0,
ORD01732,2026-04-12,2026-04-12 08:57:00,C0498,Restaurant_13,Chandigarh,Sector 17,2,560,75.0,60,545,Cash,Website,Delivered,In-house Rider,RD036,5.2,30,34.0,False,5.0,
ORD02000,2026-04-29,2026-04-29 01:02:00,C0680,Restaurant_14,Mohali,Phase 5,5,600,20.0,40,620,Cash,Website,Delivered,In-house Rider,RD067,2.3,45,24.0,True,5.0,
ORD01975,2026-03-01,2026-03-01 05:47:00,C1140,Restaurant_20,Mohali,Phase 5,3,540,0.0,60,600,UPI,Website,Delivered,In-house Rider,RD044,5.9,30,33.0,False,4.0,
ORD02483,2026-06-07,2026-06-07 22:41:00,C0569,Restaurant_21,Panchkula,Sector 15,2,500,20.0,30,510,Wallet,Restaurant App,Delivered,In-house Rider,RD012,5.0,50,30.0,True,5.0,
ORD01067,2026-05-27,2026-05-27 03:26:00,C0895,Restaurant_12,Panchkula,Sector 5,1,280,30.0,20,270,Credit Card,Website,Delivered,Shadowfax,RD066,5.1,30,34.0,False,5.0,
ORD00528,2026-02-25,2026-02-25 11:12:00,C0069,Restaurant_15,Panchkula,Sector 5,3,960,,40,1000,Credit Card,Restaurant App,Delivered,Shadowfax,RD071,,45,36.0,True,,
ORD02007,2026-01-22,2026-01-22 20:31:00,C0148,Restaurant_15,Panchkula,Sector 11,5,1250,75.0,50,1225,Credit Card,Restaurant App,Delivered,Shadowfax,RD048,5.5,40,44.0,False,2.0,
ORD03309,2026-02-27,2026-02-27 23:04:00,C0482,Restaurant_23,Mohali,Sector 68,1,250,0.0,50,300,Debit Card,Restaurant App,Delivered,Shadowfax,RD027,5.5,50,31.0,True,5.0,
ORD01321,2026-02-11,2026-02-11 09:58:00,C0748,Restaurant_22,Mohali,Phase 5,5,2000,0.0,30,2030,UPI,Website,Delivered,Shadowfax,RD063,5.3,30,33.0,False,3.0,
ORD01595,2026-04-07,2026-04-07 03:32:00,C0461,Restaurant_23,Panchkula,Sector 5,1,120,75.0,30,80,UPI,Website,Delivered,Ola Logistics,RD001,1.5,50,13.0,True,4.0,
ORD01706,2026-06-23,2026-06-23 07:16:00,C0593,Restaurant_09,Chandigarh,Sector 34,2,800,20.0,60,840,Cash,Website,Failed,Not Assigned,Not Assigned,7.2,30,,,,Customer Cancelled
ORD03453,2026-05-10,2026-05-10 00:47:00,C0726,Restaurant_20,Mohali,Sector 68,4,1400,0.0,60,1460,UPI,Website,Delivered,In-house Rider,RD004,4.9,50,33.0,True,2.0,
ORD03156,2026-03-21,2026-03-21 05:19:00,C0028,Restaurant_05,Panchkula,Sector 8,5,1250,30.0,20,1240,Wallet,Website,Cancelled,Not Assigned,Not Assigned,7.0,30,,,,Restaurant Delay
ORD02687,2026-05-25,2026-05-25 16:15:00,C0555,Restaurant_23,Mohali,Phase 3B2,5,1400,75.0,50,1375,Cash,Website,Cancelled,Not Assigned,Not Assigned,5.4,30,,,,Address Issue
ORD01420,2026-03-28,2026-03-28 04:05:00,C1155,Restaurant_02,Mohali,Sector 68,4,1120,100.0,50,1070,UPI,Website,Delivered,Ola Logistics,RD024,4.8,35,41.0,False,4.0,
ORD01646,2026-05-12,2026-05-12 05:42:00,C0634,Restaurant_02,Mohali,Phase 5,3,840,30.0,50,860,Wallet,Restaurant App,Delivered,Shadowfax,RD134,3.0,50,15.0,True,3.0,
ORD00318,2026-05-01,2026-05-01 09:49:00,C0336,Restaurant_19,Chandigarh,Sector 34,3,750,0.0,40,790,Credit Card,Restaurant App,Delivered,Shadowfax,RD136,8.5,50,41.0,True,4.0,
ORD00324,2026-01-01,2026-01-01 08:50:00,C0697,Restaurant_06,Mohali,Phase 5,3,660,75.0,25,610,Credit Card,Restaurant App,Delivered,Shiprocket,RD099,0.8,50,10.0,True,5.0,
ORD03925,2026-02-25,2026-02-25 10:24:00,C0314,Restaurant_04,Panchkula,Sector 8,5,2000,50.0,50,2000,Credit Card,Restaurant App,Failed,Not Assigned,Not Assigned,5.9,35,,,,Payment Failed
ORD03407,2026-01-06,2026-01-06 09:27:00,C0885,Restaurant_24,Mohali,Sector 68,3,660,0.0,30,690,Cash,Website,Delivered,In-house Rider,RD102,3.1,45,14.0,True,4.0,
ORD00756,2026-03-10,2026-03-10 08:27:00,C0101,Restaurant_05,Panchkula,Sector 8,5,1600,0.0,40,1640,Credit Card,Restaurant App,Cancelled,Not Assigned,Not Assigned,2.2,50,,,,Rider Unavailable
ORD00703,2026-04-07,2026-04-07 12:40:00,C0175,Restaurant_11,Mohali,Phase 5,1,120,100.0,40,80,UPI,Restaurant App,Failed,Not Assigned,Not Assigned,7.5,45,,,,Address Issue
ORD00719,2026-04-16,2026-04-16 15:30:00,C0270,Restaurant_14,Panchkula,Sector 5,5,750,100.0,50,700,Credit Card,Restaurant App,Delivered,Shiprocket,RD113,6.0,50,21.0,True,5.0,
ORD01264,2026-02-15,2026-02-15 15:50:00,C0015,Restaurant_20,Panchkula,Sector 11,2,500,20.0,40,520,Credit Card,Website,Delivered,In-house Rider,RD063,4.8,35,24.0,True,5.0,
ORD02058,2026-03-22,2026-03-22 14:24:00,C0148,Restaurant_22,Panchkula,Sector 5,3,660,0.0,60,720,Credit Card,Restaurant App,Delivered,Ola Logistics,RD033,0.8,30,16.0,True,4.0,
ORD00019,2026-06-12,2026-06-12 12:26:00,C0077,Restaurant_08,Panchkula,Sector 5,5,1600,75.0,50,1575,Credit Card,Restaurant App,Delivered,In-house Rider,RD127,1.1,35,14.0,True,5.0,
ORD02842,2026-02-25,2026-02-25 18:54:00,C0697,Restaurant_19,Panchkula,Sector 8,2,240,100.0,50,190,Credit Card,Website,Delivered,In-house Rider,RD014,6.5,45,45.0,True,5.0,
ORD02517,2026-01-30,2026-01-30 02:11:00,C0979,Restaurant_19,Chandigarh,Sector 35,1,120,0.0,50,170,Credit Card,Restaurant App,Failed,Not Assigned,Not Assigned,0.2,30,,,,Restaurant Delay
ORD02337,2026-01-26,2026-01-26 01:27:00,C0570,Restaurant_24,Panchkula,Sector 5,1,400,20.0,50,430,Credit Card,Website,Delivered,Shiprocket,RD119,3.9,45,13.0,True,5.0,
ORD02539,2026-06-26,2026-06-26 23:59:00,C0377,Restaurant_23,Chandigarh,Sector 34,5,1400,30.0,60,1430,Wallet,Restaurant App,Delivered,In-house Rider,RD133,3.5,35,29.0,True,4.0,
ORD02421,2026-01-29,2026-01-29 02:58:00,C0034,Restaurant_05,Panchkula,Sector 5,1,280,0.0,25,305,UPI,Restaurant App,Delivered,Shadowfax,RD054,6.0,35,32.0,True,3.0,
ORD03999,2026-03-08,2026-03-08 05:56:00,C0187,Restaurant_02,Panchkula,Sector 11,1,280,0.0,25,305,Cash,Restaurant App,Delivered,Shadowfax,RD050,3.1,35,23.0,True,5.0,
ORD03072,2026-06-24,2026-06-24 03:19:00,C0125,Restaurant_07,Chandigarh,Sector 35,1,400,0.0,20,420,Wallet,Restaurant App,Delivered,Shadowfax,RD026,9.2,50,58.0,False,5.0,
ORD03948,2026-02-15,2026-02-15 12:38:00,C0179,Restaurant_09,Chandigarh,Sector 17,2,300,75.0,25,250,Cash,Restaurant App,Delivered,Shiprocket,RD130,7.7,45,42.0,True,5.0,
ORD02217,2026-03-01,2026-03-01 13:01:00,C0939,Restaurant_16,Chandigarh,Sector 22,1,220,75.0,25,170,Wallet,Website,Delivered,Shadowfax,RD001,3.7,30,27.0,True,4.0,
ORD02966,2026-05-09,2026-05-09 17:08:00,C0482,Restaurant_07,Panchkula,Sector 11,4,1280,0.0,40,1320,Debit Card,Restaurant App,Delivered,In-house Rider,RD090,4.9,45,31.0,True,4.0,
ORD00655,2026-03-08,2026-03-08 06:24:00,C0493,Restaurant_05,Chandigarh,Sector 34,4,1400,50.0,25,1375,Credit Card,Restaurant App,Delivered,In-house Rider,RD025,8.5,50,44.0,True,4.0,
ORD00972,2026-03-10,2026-03-10 06:37:00,C0301,Restaurant_25,Mohali,Phase 3B2,4,600,20.0,20,600,UPI,Website,Delivered,Shiprocket,RD038,2.3,50,26.0,True,5.0,
ORD03051,2026-02-08,2026-02-08 22:41:00,C0874,Restaurant_17,Panchkula,Sector 11,3,660,0.0,60,720,Debit Card,Website,Cancelled,Not Assigned,Not Assigned,0.5,45,,,,Address Issue
ORD00272,2026-01-06,2026-01-06 15:40:00,C0990,Restaurant_05,Panchkula,Sector 11,3,840,0.0,40,880,Debit Card,Restaurant App,Delivered,In-house Rider,RD030,7.1,30,39.0,False,5.0,
ORD02082,2026-05-21,2026-05-21 07:32:00,C0048,Restaurant_16,Panchkula,Sector 8,3,360,20.0,40,380,Wallet,Website,Delivered,In-house Rider,RD011,4.4,30,24.0,True,5.0,
ORD01356,2026-04-12,2026-04-12 20:28:00,C0348,Restaurant_18,Panchkula,Sector 5,5,600,0.0,60,660,Cash,Restaurant App,Cancelled,Not Assigned,Not Assigned,4.9,35,,,,Restaurant Delay
ORD02286,2026-06-22,2026-06-22 20:47:00,C0216,Restaurant_07,Chandigarh,Sector 22,4,1600,0.0,25,1625,Cash,Restaurant App,Delivered,Shiprocket,RD040,10.4,50,44.0,True,3.0,
ORD03421,2026-05-17,2026-05-17 10:44:00,C0052,Restaurant_16,Chandigarh,Sector 34,2,700,20.0,60,740,UPI,Website,Failed,Not Assigned,Not Assigned,3.4,50,,,,Customer Cancelled
ORD00256,2026-02-10,2026-02-10 18:27:00,C0654,Restaurant_23,Panchkula,Sector 5,5,1400,0.0,40,1440,Cash,Restaurant App,Delivered,In-house Rider,RD126,7.6,50,34.0,True,5.0,
ORD00231,2026-02-19,2026-02-19 23:55:00,C0312,Restaurant_05,Panchkula,Sector 15,4,720,20.0,30,730,Wallet,Website,Delivered,In-house Rider,RD059,8.4,40,37.0,True,5.0,
ORD03896,2026-02-06,2026-02-06 08:27:00,C0364,Restaurant_06,Chandigarh,Sector 22,4,600,50.0,50,600,Wallet,Restaurant App,Delivered,Ola Logistics,RD113,6.3,35,38.0,False,4.0,
ORD03180,2026-04-30,2026-04-30 14:31:00,C0600,Restaurant_24,Panchkula,Sector 5,2,440,20.0,20,440,UPI,Website,Failed,Not Assigned,Not Assigned,3.6,40,,,,Customer Cancelled
ORD03171,2026-05-20,2026-05-20 06:06:00,C1168,Restaurant_25,Panchkula,Sector 11,5,1600,0.0,60,1660,Debit Card,Restaurant App,Cancelled,Not Assigned,Not Assigned,7.2,35,,,,Payment Failed
ORD01132,2026-02-03,2026-02-03 08:57:00,C0767,Restaurant_17,Mohali,Sector 68,3,1200,0.0,25,1225,Credit Card,Website,Delivered,Shiprocket,RD014,8.8,35,35.0,True,4.0,
ORD02312,2026-02-02,2026-02-02 11:22:00,C0339,Restaurant_14,Panchkula,Sector 5,4,1280,30.0,60,1310,Cash,Restaurant App,Delivered,In-house Rider,RD150,5.6,35,27.0,True,4.0,
ORD00587,2026-02-07,2026-02-07 00:11:00,C0393,Restaurant_06,Panchkula,Sector 8,4,1120,30.0,60,1150,UPI,Website,Delivered,In-house Rider,RD078,4.2,35,24.0,True,4.0,
ORD00954,2026-05-12,2026-05-12 11:05:00,C0666,Restaurant_05,Mohali,Phase 3B2,1,220,50.0,20,190,Cash,Website,Delivered,In-house Rider,RD148,5.4,40,40.0,True,5.0,
ORD01914,2026-03-31,2026-03-31 13:44:00,C0092,Restaurant_06,Chandigarh,Sector 35,1,120,50.0,20,90,Debit Card,Restaurant App,Delivered,Shadowfax,RD038,5.1,45,33.0,True,3.0,
ORD01913,2026-02-15,2026-02-15 07:23:00,C0018,Restaurant_08,Panchkula,Sector 8,2,360,0.0,40,400,Wallet,Website,Delivered,In-house Rider,RD039,4.7,45,35.0,True,1.0,
ORD01198,2026-01-22,2026-01-22 20:06:00,C0713,Restaurant_04,Chandigarh,Sector 35,2,360,75.0,60,345,UPI,Website,Delivered,Shiprocket,RD001,5.4,45,31.0,True,4.0,
ORD03586,2026-05-04,2026-05-04 09:26:00,C1039,Restaurant_25,Chandigarh,Sector 22,4,1600,75.0,40,1565,Cash,Restaurant App,Delivered,In-house Rider,RD136,4.2,50,26.0,True,5.0,
ORD03438,2026-05-16,2026-05-16 11:53:00,C0310,Restaurant_24,Panchkula,Sector 8,5,1600,75.0,30,1555,Debit Card,Restaurant App,Delivered,Shadowfax,RD078,7.9,45,30.0,True,5.0,
ORD01543,2026-02-04,2026-02-04 22:52:00,C0329,Restaurant_13,Chandigarh,Sector 35,5,600,20.0,50,630,Debit Card,Website,Delivered,In-house Rider,RD012,7.0,45,41.0,True,5.0,
ORD01216,2026-06-18,2026-06-18 00:33:00,C0171,Restaurant_19,Chandigarh,Sector 22,3,1050,20.0,25,1055,Credit Card,Restaurant App,Delivered,Shadowfax,RD044,6.1,45,42.0,True,3.0,
ORD00095,2026-02-17,2026-02-17 10:03:00,C0182,Restaurant_12,Chandigarh,Sector 35,5,750,30.0,50,770,Credit Card,Website,Delivered,Shadowfax,RD138,6.5,50,29.0,True,5.0,
ORD01849,2026-03-04,2026-03-04 01:54:00,C0733,Restaurant_22,Mohali,Sector 68,2,800,0.0,60,860,Credit Card,Website,Delivered,In-house Rider,RD005,7.6,35,43.0,False,4.0,
ORD03531,2026-06-03,2026-06-03 12:22:00,C0580,Restaurant_16,Panchkula,Sector 5,1,150,0.0,40,190,UPI,Website,Delivered,In-house Rider,RD077,6.7,30,42.0,False,5.0,
ORD03063,2026-03-21,2026-03-21 19:36:00,C0949,Restaurant_22,Mohali,Sector 68,4,880,20.0,25,885,Cash,Restaurant App,Delivered,In-house Rider,RD044,3.2,35,27.0,True,4.0,
ORD01621,2026-03-15,2026-03-15 17:03:00,C0889,Restaurant_05,Panchkula,Sector 15,4,1600,0.0,25,1625,Cash,Website,Delivered,Ola Logistics,RD027,3.7,35,26.0,True,5.0,
ORD03708,2026-06-15,2026-06-15 05:43:00,C1133,Restaurant_17,Panchkula,Sector 15,5,1400,30.0,30,1400,UPI,Website,Delivered,In-house Rider,RD130,6.1,35,33.0,True,5.0,
ORD03172,2026-06-19,2026-06-19 13:47:00,C1042,Restaurant_01,Chandigarh,Manimajra,2,300,75.0,50,275,UPI,Website,Delivered,Ola Logistics,RD098,0.8,35,10.0,True,5.0,
ORD01926,2026-03-28,2026-03-28 01:49:00,C0593,Restaurant_24,Panchkula,Sector 8,4,880,0.0,30,910,UPI,Website,Cancelled,Not Assigned,Not Assigned,5.1,30,,,,Rider Unavailable
ORD03771,2026-03-13,2026-03-13 22:54:00,C0842,Restaurant_17,Mohali,Phase 5,3,540,100.0,25,465,Wallet,Restaurant App,Delivered,In-house Rider,RD141,3.5,40,21.0,True,5.0,
ORD00927,2026-03-17,2026-03-17 11:42:00,C0219,Restaurant_18,Chandigarh,Sector 17,4,720,30.0,20,710,Cash,Website,Delivered,In-house Rider,RD105,3.8,40,24.0,True,3.0,
ORD00437,2026-05-25,2026-05-25 23:56:00,C0143,Restaurant_14,Chandigarh,Sector 17,1,400,100.0,40,340,UPI,Restaurant App,Delivered,Ola Logistics,RD098,5.6,35,95.0,False,5.0,
ORD01960,2026-06-26,2026-06-26 11:52:00,C0153,Restaurant_16,Mohali,Phase 5,5,2000,50.0,25,1975,Credit Card,Restaurant App,Delivered,In-house Rider,RD003,3.2,40,23.0,True,5.0,
ORD02469,2026-03-11,2026-03-11 22:56:00,C0792,Restaurant_05,Panchkula,Sector 15,1,280,0.0,20,300,Cash,Website,Delivered,In-house Rider,RD097,3.9,30,30.0,True,4.0,
ORD02242,2026-02-13,2026-02-13 11:25:00,C0432,Restaurant_08,Chandigarh,Sector 34,5,750,0.0,30,780,Credit Card,Restaurant App,Delivered,Ola Logistics,RD053,5.4,45,31.0,True,4.0,
ORD01147,2026-02-11,2026-02-11 03:18:00,C0249,Restaurant_16,Chandigarh,Sector 17,2,300,,25,325,Debit Card,Restaurant App,Delivered,In-house Rider,RD088,,50,29.0,True,,
ORD00821,2026-06-16,2026-06-16 19:24:00,C0766,Restaurant_03,Panchkula,Sector 8,4,1000,100.0,40,940,UPI,Website,Failed,Not Assigned,Not Assigned,6.1,30,,,,Address Issue
ORD03533,2026-01-31,2026-01-31 13:09:00,C0937,Restaurant_21,Panchkula,Sector 5,4,880,100.0,30,810,Cash,Restaurant App,Delivered,In-house Rider,RD138,6.4,50,35.0,True,5.0,
ORD03356,2026-03-22,2026-03-22 04:56:00,C0977,Restaurant_01,Panchkula,Sector 8,5,1400,100.0,50,1350,Credit Card,Website,Delivered,In-house Rider,RD063,8.3,40,47.0,False,5.0,
ORD00282,2026-01-11,2026-01-11 04:10:00,C0275,Restaurant_20,Chandigarh,Sector 35,2,640,100.0,20,560,UPI,Website,Delivered,In-house Rider,RD049,7.3,35,43.0,False,4.0,
ORD01249,2026-06-27,2026-06-27 01:21:00,C0022,Restaurant_04,Chandigarh,Sector 35,4,880,50.0,25,855,Cash,Restaurant App,Delivered,Shadowfax,RD009,7.7,45,49.0,False,5.0,
ORD02325,2026-02-13,2026-02-13 08:43:00,C0532,Restaurant_18,Panchkula,Sector 11,2,300,0.0,40,340,Wallet,Restaurant App,Delivered,Ola Logistics,RD075,0.8,50,24.0,True,5.0,
ORD01494,2026-03-06,2026-03-06 12:40:00,C1074,Restaurant_21,Panchkula,Sector 8,1,180,50.0,40,170,Cash,Website,Delivered,Shadowfax,RD051,8.3,40,30.0,True,3.0,
ORD02619,2026-06-29,2026-06-29 01:42:00,C0975,Restaurant_21,Chandigarh,Sector 34,4,480,75.0,60,465,Credit Card,Restaurant App,Failed,Not Assigned,Not Assigned,7.6,35,,,,Payment Failed
ORD02123,2026-02-11,2026-02-11 22:08:00,C0037,Restaurant_09,Chandigarh,Sector 35,1,150,100.0,20,80,Credit Card,Restaurant App,Delivered,Ola Logistics,RD147,2.3,50,28.0,True,5.0,
ORD03165,2026-05-22,2026-05-22 04:44:00,C1037,Restaurant_04,Panchkula,Sector 5,5,1600,0.0,60,1660,Wallet,Website,Delivered,In-house Rider,RD137,4.1,35,26.0,True,5.0,
ORD01015,2026-04-01,2026-04-01 05:04:00,C0773,Restaurant_21,Chandigarh,Sector 35,2,360,0.0,20,380,Credit Card,Restaurant App,Delivered,Shiprocket,RD048,6.1,45,31.0,True,4.0,
ORD00767,2026-01-18,2026-01-18 09:55:00,C0926,Restaurant_18,Chandigarh,Sector 34,2,640,30.0,30,640,Debit Card,Website,Delivered,Shadowfax,RD125,7.5,40,39.0,True,5.0,
ORD02609,2026-01-11,2026-01-11 05:35:00,C0996,Restaurant_25,Mohali,Phase 5,3,450,50.0,25,425,Wallet,Website,Delivered,Shadowfax,RD100,6.4,35,31.0,True,5.0,
ORD00604,2026-05-22,2026-05-22 20:48:00,C0260,Restaurant_09,Panchkula,Sector 8,3,540,100.0,25,465,Wallet,Website,Delivered,Shiprocket,RD146,4.1,30,31.0,False,4.0,
ORD01027,2026-05-26,2026-05-26 01:35:00,C0999,Restaurant_03,Panchkula,Sector 5,3,360,0.0,60,420,Wallet,Restaurant App,Delivered,In-house Rider,RD120,2.9,40,20.0,True,5.0,
ORD02231,2026-05-20,2026-05-20 21:27:00,C1194,Restaurant_17,Mohali,Phase 3B2,1,250,0.0,25,275,UPI,Website,Delivered,Shadowfax,RD077,3.1,30,26.0,True,,
ORD02091,2026-06-03,2026-06-03 16:00:00,C0465,Restaurant_07,Chandigarh,Sector 22,4,1600,75.0,30,1555,UPI,Restaurant App,Delivered,In-house Rider,RD025,4.5,35,28.0,True,4.0,
ORD00544,2026-06-13,2026-06-13 17:44:00,C1129,Restaurant_07,Mohali,Sector 68,3,1050,75.0,60,1035,Debit Card,Restaurant App,Delivered,In-house Rider,RD033,7.3,50,35.0,True,5.0,
ORD00410,2026-05-02,2026-05-02 14:50:00,C0731,Restaurant_12,Mohali,Phase 5,4,480,100.0,40,420,Credit Card,Website,Cancelled,Not Assigned,Not Assigned,6.3,50,,,,Rider Unavailable
ORD03932,2026-04-01,2026-04-01 18:21:00,C1053,Restaurant_17,Chandigarh,Manimajra,5,1250,0.0,25,1275,Debit Card,Restaurant App,Delivered,In-house Rider,RD053,4.7,40,34.0,True,2.0,
ORD02198,2026-05-17,2026-05-17 20:56:00,C0664,Restaurant_17,Chandigarh,Sector 35,5,900,0.0,20,920,Cash,Restaurant App,Delivered,Shadowfax,RD098,9.2,45,48.0,False,4.0,
ORD01136,2026-05-24,2026-05-24 06:20:00,C0495,Restaurant_07,Panchkula,Sector 8,2,360,0.0,40,400,Debit Card,Restaurant App,Delivered,Shadowfax,RD132,1.8,40,28.0,True,4.0,
ORD02019,2026-06-07,2026-06-07 01:48:00,C0330,Restaurant_06,Chandigarh,Sector 35,4,1120,30.0,60,1150,Debit Card,Website,Cancelled,Not Assigned,Not Assigned,3.1,35,,,,Customer Cancelled
ORD02181,2026-03-24,2026-03-24 21:20:00,C0201,Restaurant_10,Mohali,Phase 3B2,5,600,0.0,50,650,Credit Card,Website,Delivered,Ola Logistics,RD106,3.8,40,32.0,True,4.0,
ORD02031,2026-01-28,2026-01-28 01:49:00,C0482,Restaurant_10,Panchkula,Sector 11,4,1400,75.0,30,1355,Credit Card,Website,Delivered,Ola Logistics,RD034,10.4,35,51.0,False,5.0,
ORD01731,2026-04-08,2026-04-08 02:33:00,C0340,Restaurant_20,Chandigarh,Sector 17,4,1280,30.0,60,1310,UPI,Website,Delivered,In-house Rider,RD071,3.3,35,30.0,True,2.0,
ORD00302,2026-03-07,2026-03-07 11:14:00,C0317,Restaurant_20,Panchkula,Sector 15,1,120,20.0,60,160,Debit Card,Restaurant App,Delivered,Shadowfax,RD050,5.9,30,31.0,False,5.0,
ORD00073,2026-01-15,2026-01-15 03:06:00,C1162,Restaurant_06,Panchkula,Sector 15,5,2000,0.0,50,2050,Wallet,Website,Delivered,Shadowfax,RD053,5.3,35,35.0,True,3.0,
ORD01742,2026-06-29,2026-06-29 07:04:00,C0565,Restaurant_18,Panchkula,Sector 15,5,1100,0.0,60,1160,Debit Card,Restaurant App,Delivered,Shadowfax,RD011,3.6,35,33.0,True,5.0,
ORD03374,2026-04-29,2026-04-29 02:20:00,C0951,Restaurant_03,Panchkula,Sector 11,1,320,50.0,20,290,Cash,Restaurant App,Delivered,Shadowfax,RD017,7.5,35,47.0,False,5.0,
ORD01654,2026-03-29,2026-03-29 17:47:00,C0690,Restaurant_13,Chandigarh,Sector 17,5,1600,30.0,20,1590,Wallet,Restaurant App,Delivered,Ola Logistics,RD135,6.5,45,48.0,False,5.0,
ORD02142,2026-05-02,2026-05-02 21:46:00,C0267,Restaurant_14,Mohali,Phase 5,2,500,0.0,40,540,Debit Card,Restaurant App,Delivered,In-house Rider,RD016,6.3,35,38.0,False,5.0,
ORD03625,2026-05-05,2026-05-05 12:52:00,C0986,Restaurant_17,Chandigarh,Sector 17,4,1120,0.0,30,1150,Wallet,Restaurant App,Cancelled,Not Assigned,Not Assigned,4.7,40,,,,Address Issue
ORD03558,2026-01-17,2026-01-17 07:18:00,C1115,Restaurant_01,Panchkula,Sector 5,1,250,75.0,40,215,Cash,Restaurant App,Delivered,In-house Rider,RD123,5.2,30,27.0,True,3.0,
ORD00422,2026-03-19,2026-03-19 09:22:00,C0387,Restaurant_24,Panchkula,Sector 11,1,150,20.0,50,180,Cash,Website,Delivered,In-house Rider,RD098,8.5,30,42.0,False,4.0,
ORD02536,2026-03-04,2026-03-04 18:12:00,C0714,Restaurant_02,Mohali,Sector 68,1,220,50.0,30,200,Cash,Website,Delivered,In-house Rider,RD048,6.1,35,39.0,False,5.0,
ORD00852,2026-02-04,2026-02-04 14:51:00,C1013,Restaurant_02,Chandigarh,Sector 17,3,1050,0.0,25,1075,Debit Card,Restaurant App,Cancelled,Not Assigned,Not Assigned,5.5,35,,,,Restaurant Delay
ORD01641,2026-06-17,2026-06-17 07:05:00,C0664,Restaurant_24,Mohali,Phase 5,5,600,100.0,50,550,Credit Card,Website,Delivered,Shadowfax,RD062,5.0,35,37.0,False,5.0,
ORD02637,2026-02-10,2026-02-10 18:06:00,C0095,Restaurant_12,Mohali,Phase 7,2,240,20.0,50,270,Wallet,Website,Delivered,In-house Rider,RD096,6.3,40,41.0,False,3.0,
ORD03442,2026-05-30,2026-05-30 05:57:00,C0070,Restaurant_16,Mohali,Phase 3B2,3,1200,0.0,30,1230,Wallet,Restaurant App,Delivered,In-house Rider,RD079,2.9,50,23.0,True,3.0,
ORD02004,2026-05-18,2026-05-18 18:54:00,C0808,Restaurant_22,Chandigarh,Manimajra,5,2000,20.0,50,2030,Credit Card,Website,Delivered,In-house Rider,RD029,6.4,30,33.0,False,4.0,
ORD01075,2026-06-17,2026-06-17 08:51:00,C1110,Restaurant_08,Panchkula,Sector 8,1,220,0.0,50,270,Debit Card,Website,Delivered,Ola Logistics,RD141,3.4,50,25.0,True,5.0,
ORD01791,2026-01-09,2026-01-09 22:03:00,C0043,Restaurant_03,Panchkula,Sector 8,3,960,20.0,25,965,Cash,Restaurant App,Delivered,In-house Rider,RD149,2.7,30,22.0,True,5.0,
ORD00884,2026-05-14,2026-05-14 04:29:00,C0126,Restaurant_23,Mohali,Phase 3B2,3,360,100.0,25,285,Credit Card,Restaurant App,Delivered,Shiprocket,RD026,6.4,45,46.0,False,5.0,
ORD03080,2026-01-07,2026-01-07 06:15:00,C0757,Restaurant_17,Panchkula,Sector 5,4,600,0.0,30,630,Debit Card,Restaurant App,Failed,Not Assigned,Not Assigned,5.5,50,,,,Rider Unavailable
ORD03128,2026-01-14,2026-01-14 01:39:00,C0166,Restaurant_16,Chandigarh,Sector 17,3,1050,100.0,60,1010,Wallet,Restaurant App,Delivered,In-house Rider,RD075,3.7,40,18.0,True,3.0,
ORD00980,2026-02-07,2026-02-07 13:29:00,C0831,Restaurant_15,Panchkula,Sector 11,4,600,20.0,20,600,Debit Card,Restaurant App,Delivered,Ola Logistics,RD078,3.8,35,32.0,True,3.0,
ORD03790,2026-05-17,2026-05-17 08:00:00,C0267,Restaurant_24,Panchkula,Sector 11,5,750,75.0,40,715,Cash,Restaurant App,Delivered,In-house Rider,RD054,4.8,45,33.0,True,5.0,
ORD02413,2026-04-26,2026-04-26 04:28:00,C0127,Restaurant_08,Chandigarh,Manimajra,2,560,30.0,20,550,UPI,Website,Delivered,In-house Rider,RD044,5.0,45,35.0,True,5.0,
ORD01213,2026-02-13,2026-02-13 18:09:00,C1071,Restaurant_23,Chandigarh,Sector 35,5,1100,75.0,30,1055,Debit Card,Restaurant App,Delivered,Ola Logistics,RD023,1.6,30,26.0,True,5.0,
ORD03223,2026-06-25,2026-06-25 02:24:00,C0091,Restaurant_12,Chandigarh,Sector 34,3,750,0.0,50,800,Wallet,Restaurant App,Delivered,In-house Rider,RD087,4.9,40,27.0,True,5.0,
ORD00619,2026-02-06,2026-02-06 06:10:00,C0620,Restaurant_12,Panchkula,Sector 5,4,1400,50.0,25,1375,Cash,Restaurant App,Delivered,Shiprocket,RD125,9.7,50,39.0,True,4.0,
ORD00733,2026-04-12,2026-04-12 02:42:00,C0962,Restaurant_08,Chandigarh,Sector 35,2,440,75.0,60,425,Credit Card,Restaurant App,Cancelled,Not Assigned,Not Assigned,5.2,50,,,,Payment Failed
ORD00216,2026-01-01,2026-01-01 05:05:00,C0046,Restaurant_07,Mohali,Phase 5,3,1050,50.0,30,1030,Wallet,Restaurant App,Delivered,In-house Rider,RD001,7.5,35,38.0,False,4.0,
ORD01383,2026-04-24,2026-04-24 15:51:00,C0164,Restaurant_06,Mohali,Phase 7,5,1600,0.0,60,1660,Credit Card,Website,Delivered,Shiprocket,RD112,0.8,35,14.0,True,4.0,
ORD00839,2026-06-10,2026-06-10 01:32:00,C0240,Restaurant_15,Chandigarh,Sector 22,2,640,30.0,30,640,Wallet,Website,Delivered,Shadowfax,RD083,5.6,40,27.0,True,3.0,
ORD02521,2026-06-11,2026-06-11 23:49:00,C0822,Restaurant_20,Mohali,Sector 68,4,1280,50.0,60,1290,Credit Card,Website,Failed,Not Assigned,Not Assigned,1.0,45,,,,Restaurant Delay
ORD03523,2026-02-20,2026-02-20 00:09:00,C0646,Restaurant_19,Panchkula,Sector 8,5,1600,50.0,30,1580,Debit Card,Restaurant App,Delivered,In-house Rider,RD105,10.1,45,37.0,True,5.0,
ORD01422,2026-02-08,2026-02-08 06:49:00,C0877,Restaurant_20,Panchkula,Sector 5,1,400,0.0,40,440,Wallet,Website,Delivered,In-house Rider,RD080,5.9,40,26.0,True,4.0,
ORD01915,2026-01-12,2026-01-12 01:03:00,C0930,Restaurant_25,Mohali,Phase 3B2,5,2000,0.0,40,2040,Cash,Restaurant App,Cancelled,Not Assigned,Not Assigned,6.9,35,,,,Address Issue
ORD02574,2026-04-25,2026-04-25 14:25:00,C0512,Restaurant_16,Panchkula,Sector 15,3,660,50.0,25,635,Debit Card,Restaurant App,Failed,Not Assigned,Not Assigned,4.6,45,,,,Customer Cancelled
ORD01968,2026-03-29,2026-03-29 19:14:00,C0353,Restaurant_05,Panchkula,Sector 5,3,840,0.0,40,880,UPI,Restaurant App,Cancelled,Not Assigned,Not Assigned,4.3,45,,,,Rider Unavailable
ORD02365,2026-02-21,2026-02-21 21:35:00,C0383,Restaurant_08,Mohali,Sector 68,2,240,50.0,60,250,Cash,Restaurant App,Failed,Not Assigned,Not Assigned,0.6,45,,,,Address Issue
ORD01687,2026-03-05,2026-03-05 02:55:00,C0109,Restaurant_07,Chandigarh,Sector 35,3,1050,100.0,50,1000,Wallet,Restaurant App,Delivered,In-house Rider,RD068,6.9,50,40.0,True,4.0,
ORD01530,2026-03-21,2026-03-21 14:10:00,C0425,Restaurant_15,Panchkula,Sector 11,3,1050,0.0,40,1090,Debit Card,Website,Failed,Not Assigned,Not Assigned,7.8,35,,,,Address Issue
ORD03913,2026-04-08,2026-04-08 19:27:00,C0544,Restaurant_17,Panchkula,Sector 8,2,300,0.0,50,350,Cash,Website,Delivered,In-house Rider,RD127,5.3,50,31.0,True,5.0,
ORD03195,2026-04-10,2026-04-10 04:44:00,C1088,Restaurant_25,Panchkula,Sector 8,3,1050,100.0,20,970,Cash,Website,Cancelled,Not Assigned,Not Assigned,4.8,50,,,,Rider Unavailable
ORD03065,2026-06-20,2026-06-20 03:43:00,C0257,Restaurant_14,Panchkula,Sector 15,1,180,0.0,50,230,Debit Card,Website,Delivered,In-house Rider,RD001,7.5,30,33.0,False,5.0,
ORD03454,2026-05-24,2026-05-24 19:51:00,C0864,Restaurant_25,Mohali,Phase 5,5,2000,0.0,25,2025,Credit Card,Restaurant App,Delivered,In-house Rider,RD072,3.5,50,26.0,True,4.0,
ORD03216,2026-03-13,2026-03-13 12:26:00,C0377,Restaurant_14,Panchkula,Sector 8,5,1250,0.0,60,1310,UPI,Website,Cancelled,Not Assigned,Not Assigned,7.8,45,,,,Restaurant Delay
ORD03594,2026-05-16,2026-05-16 00:40:00,C0504,Restaurant_14,Chandigarh,Sector 17,2,700,0.0,50,750,Debit Card,Restaurant App,Failed,Not Assigned,Not Assigned,2.1,50,,,,Address Issue
ORD01539,2026-06-15,2026-06-15 13:19:00,C0258,Restaurant_12,Mohali,Sector 68,4,720,0.0,20,740,Debit Card,Website,Delivered,In-house Rider,RD041,5.4,45,47.0,False,4.0,
ORD03365,2026-02-22,2026-02-22 06:01:00,C1145,Restaurant_24,Panchkula,Sector 5,1,400,30.0,60,430,Cash,Website,Delivered,Ola Logistics,RD014,3.6,35,22.0,True,4.0,
ORD02794,2026-01-24,2026-01-24 20:57:00,C0419,Restaurant_15,Chandigarh,Manimajra,4,480,0.0,25,505,Credit Card,Website,Delivered,In-house Rider,RD071,6.9,45,40.0,True,4.0,
ORD00490,2026-02-28,2026-02-28 07:37:00,C0803,Restaurant_04,Chandigarh,Sector 22,3,960,30.0,20,950,Wallet,Restaurant App,Delivered,Shadowfax,RD130,2.1,50,28.0,True,5.0,
ORD02392,2026-04-30,2026-04-30 21:37:00,C0232,Restaurant_14,Mohali,Phase 5,3,360,0.0,25,385,Debit Card,Restaurant App,Delivered,Ola Logistics,RD137,8.2,35,37.0,False,4.0,
ORD03265,2026-03-28,2026-03-28 14:52:00,C0999,Restaurant_03,Chandigarh,Sector 17,4,1000,0.0,30,1030,Cash,Website,Delivered,In-house Rider,RD095,4.5,40,22.0,True,4.0,
ORD01254,2026-03-08,2026-03-08 16:38:00,C0684,Restaurant_19,Chandigarh,Sector 17,3,540,20.0,60,580,UPI,Website,Delivered,In-house Rider,RD138,5.5,35,36.0,False,4.0,
ORD01927,2026-01-16,2026-01-16 11:13:00,C0320,Restaurant_19,Mohali,Phase 3B2,2,440,0.0,50,490,Credit Card,Website,Delivered,In-house Rider,RD078,4.5,35,29.0,True,4.0,
ORD00504,2026-02-25,2026-02-25 11:24:00,C1182,Restaurant_22,Panchkula,Sector 11,3,960,20.0,20,960,Wallet,Restaurant App,Delivered,Shiprocket,RD087,2.4,35,28.0,True,4.0,
ORD02456,2026-05-17,2026-05-17 13:47:00,C0848,Restaurant_20,Panchkula,Sector 11,1,120,0.0,20,140,Wallet,Website,Delivered,In-house Rider,RD134,1.8,45,31.0,True,4.0,
ORD00426,2026-04-24,2026-04-24 18:50:00,C0825,Restaurant_17,Mohali,Sector 68,1,120,0.0,20,140,Credit Card,Website,Failed,Not Assigned,Not Assigned,0.2,30,,,,Address Issue
ORD02643,2026-03-03,2026-03-03 14:01:00,C0938,Restaurant_19,Panchkula,Sector 11,3,450,30.0,25,445,Wallet,Restaurant App,Delivered,Shadowfax,RD077,0.8,30,17.0,True,5.0,
ORD02209,2026-04-20,2026-04-20 18:31:00,C0787,Restaurant_02,Mohali,Phase 7,5,2000,0.0,60,2060,Debit Card,Website,Delivered,In-house Rider,RD022,3.8,45,34.0,True,5.0,
ORD01301,2026-06-21,2026-06-21 06:46:00,C1086,Restaurant_05,Mohali,Phase 7,2,500,100.0,20,420,Wallet,Restaurant App,Cancelled,Not Assigned,Not Assigned,2.7,50,,,,Address Issue
ORD00230,2026-03-18,2026-03-18 11:38:00,C0348,Restaurant_22,Panchkula,Sector 8,5,900,100.0,20,820,Cash,Website,Delivered,Shadowfax,RD052,4.6,50,30.0,True,5.0,
ORD03367,2026-03-13,2026-03-13 02:58:00,C0107,Restaurant_23,Chandigarh,Sector 22,5,2000,50.0,40,1990,UPI,Website,Delivered,Shiprocket,RD133,6.8,30,29.0,True,5.0,
ORD03199,2026-02-25,2026-02-25 04:15:00,C0361,Restaurant_18,Mohali,Phase 7,5,1600,100.0,40,1540,Credit Card,Website,Delivered,In-house Rider,RD079,5.4,50,27.0,True,5.0,
ORD02047,2026-04-11,2026-04-11 19:38:00,C1084,Restaurant_17,Chandigarh,Manimajra,4,1120,20.0,50,1150,Debit Card,Website,Delivered,In-house Rider,RD051,5.3,40,20.0,True,4.0,
ORD03777,2026-04-17,2026-04-17 14:22:00,C0299,Restaurant_02,Panchkula,Sector 5,3,750,0.0,25,775,UPI,Restaurant App,Delivered,In-house Rider,RD139,5.7,45,30.0,True,5.0,
ORD01409,2026-06-08,2026-06-08 05:44:00,C0305,Restaurant_12,Panchkula,Sector 15,4,600,0.0,25,625,Cash,Website,Delivered,Shiprocket,RD129,6.6,35,39.0,False,5.0,
ORD02491,2026-02-26,2026-02-26 02:30:00,C0871,Restaurant_10,Panchkula,Sector 11,2,360,30.0,20,350,Cash,Restaurant App,Delivered,Ola Logistics,RD074,9.6,50,38.0,True,4.0,
ORD03101,2026-01-20,2026-01-20 21:13:00,C1035,Restaurant_19,Mohali,Phase 5,5,1400,30.0,25,1395,Cash,Restaurant App,Delivered,Ola Logistics,RD060,6.6,30,40.0,False,3.0,
ORD02722,2026-01-15,2026-01-15 01:21:00,C0398,Restaurant_25,Mohali,Phase 7,4,1400,50.0,25,1375,Cash,Website,Delivered,In-house Rider,RD124,5.8,40,34.0,True,5.0,
ORD01347,2026-04-06,2026-04-06 05:57:00,C0098,Restaurant_06,Chandigarh,Manimajra,1,120,30.0,50,140,Wallet,Website,Delivered,In-house Rider,RD023,4.6,40,29.0,True,5.0,
ORD03902,2026-03-29,2026-03-29 04:06:00,C0337,Restaurant_15,Panchkula,Sector 5,2,300,30.0,60,330,Credit Card,Restaurant App,Delivered,Shadowfax,RD149,7.3,40,40.0,True,2.0,
ORD01327,2026-04-15,2026-04-15 00:39:00,C0760,Restaurant_01,Chandigarh,Sector 34,5,1250,50.0,60,1260,Cash,Restaurant App,Delivered,In-house Rider,RD093,2.1,35,26.0,True,4.0,
ORD01206,2026-05-23,2026-05-23 23:26:00,C0860,Restaurant_24,Panchkula,Sector 15,1,150,75.0,30,105,Debit Card,Restaurant App,Delivered,In-house Rider,RD139,7.2,35,82.0,False,5.0,
ORD01061,2026-01-21,2026-01-21 00:57:00,C0892,Restaurant_21,Chandigarh,Sector 34,1,220,0.0,25,245,Credit Card,Website,Delivered,In-house Rider,RD072,8.2,45,36.0,True,4.0,
ORD02448,2026-04-04,2026-04-04 05:17:00,C0492,Restaurant_21,Chandigarh,Sector 22,2,440,75.0,30,395,Debit Card,Restaurant App,Delivered,Shiprocket,RD106,2.9,40,22.0,True,4.0,
ORD03151,2026-04-21,2026-04-21 00:24:00,C0898,Restaurant_22,Panchkula,Sector 11,2,560,100.0,40,500,Cash,Restaurant App,Delivered,Shadowfax,RD099,7.9,40,46.0,False,4.0,
ORD03786,2026-05-18,2026-05-18 03:25:00,C0882,Restaurant_23,Chandigarh,Sector 34,4,720,0.0,30,750,UPI,Restaurant App,Delivered,Shadowfax,RD054,3.8,35,26.0,True,5.0,
ORD02630,2026-05-22,2026-05-22 22:15:00,C0963,Restaurant_18,Mohali,Phase 3B2,5,1400,30.0,40,1410,Cash,Restaurant App,Delivered,In-house Rider,RD050,7.3,35,40.0,False,5.0,
ORD03825,2026-06-21,2026-06-21 23:36:00,C0006,Restaurant_07,Chandigarh,Sector 35,2,700,100.0,60,660,Wallet,Restaurant App,Delivered,Shiprocket,RD058,3.9,35,26.0,True,5.0,
ORD03304,2026-02-08,2026-02-08 11:02:00,C0074,Restaurant_05,Panchkula,Sector 15,3,750,75.0,25,700,Credit Card,Restaurant App,Cancelled,Not Assigned,Not Assigned,0.8,40,,,,Restaurant Delay
ORD00475,2026-02-06,2026-02-06 04:57:00,C0601,Restaurant_09,Mohali,Sector 68,3,1050,30.0,20,1040,UPI,Website,Delivered,In-house Rider,RD045,1.9,45,27.0,True,5.0,
ORD01480,2026-03-06,2026-03-06 14:46:00,C0660,Restaurant_10,Mohali,Sector 68,3,960,30.0,20,950,UPI,Restaurant App,Delivered,In-house Rider,RD064,7.2,40,38.0,True,5.0,
ORD02914,2026-04-01,2026-04-01 23:48:00,C0131,Restaurant_11,Panchkula,Sector 15,4,600,0.0,20,620,Cash,Restaurant App,Delivered,In-house Rider,RD061,5.1,50,26.0,True,4.0,
ORD01053,2026-05-04,2026-05-04 20:12:00,C1099,Restaurant_12,Panchkula,Sector 8,1,250,75.0,20,195,Credit Card,Restaurant App,Delivered,Shadowfax,RD040,5.0,50,35.0,True,5.0,
ORD00570,2026-04-12,2026-04-12 01:23:00,C1149,Restaurant_15,Chandigarh,Sector 22,2,700,50.0,25,675,UPI,Website,Delivered,Ola Logistics,RD136,6.1,40,37.0,True,5.0,
ORD00106,2026-01-18,2026-01-18 04:13:00,C0807,Restaurant_22,Chandigarh,Sector 35,1,220,0.0,20,240,Wallet,Restaurant App,Delivered,Ola Logistics,RD133,3.8,35,11.0,True,5.0,
ORD02704,2026-04-20,2026-04-20 20:55:00,C0381,Restaurant_15,Mohali,Phase 7,2,300,0.0,40,340,UPI,Website,Delivered,Ola Logistics,RD141,5.3,35,41.0,False,3.0,
ORD00154,2026-03-14,2026-03-14 04:32:00,C0846,Restaurant_24,Panchkula,Sector 11,3,840,30.0,25,835,Credit Card,Restaurant App,Delivered,In-house Rider,RD085,7.7,30,40.0,False,3.0,
ORD03091,2026-04-29,2026-04-29 19:47:00,C0242,Restaurant_14,Panchkula,Sector 15,2,560,0.0,20,580,Credit Card,Website,Delivered,In-house Rider,RD040,5.7,45,23.0,True,4.0,
ORD03181,2026-02-03,2026-02-03 08:36:00,C0473,Restaurant_22,Mohali,Phase 7,5,600,30.0,60,630,Debit Card,Website,Delivered,In-house Rider,RD019,6.1,45,43.0,True,1.0,
ORD02906,2026-01-20,2026-01-20 21:02:00,C0242,Restaurant_03,Mohali,Phase 5,2,360,0.0,50,410,UPI,Restaurant App,Delivered,In-house Rider,RD147,8.2,30,41.0,False,4.0,
ORD03131,2026-04-06,2026-04-06 21:03:00,C0187,Restaurant_22,Panchkula,Sector 15,3,1050,75.0,20,995,UPI,Restaurant App,Delivered,In-house Rider,RD091,6.7,30,38.0,False,5.0,
ORD00254,2026-01-13,2026-01-13 13:11:00,C0091,Restaurant_07,Panchkula,Sector 5,4,880,50.0,25,855,Wallet,Restaurant App,Delivered,Shiprocket,RD059,5.4,45,21.0,True,5.0,
ORD01367,2026-06-20,2026-06-20 13:33:00,C0623,Restaurant_08,Panchkula,Sector 15,5,1600,0.0,60,1660,Credit Card,Restaurant App,Delivered,In-house Rider,RD030,3.1,45,20.0,True,4.0,
ORD01972,2026-01-04,2026-01-04 11:12:00,C0510,Restaurant_04,Chandigarh,Sector 35,3,360,0.0,20,380,Wallet,Restaurant App,Delivered,In-house Rider,RD043,5.2,45,22.0,True,4.0,
ORD01423,2026-02-12,2026-02-12 21:08:00,C0032,Restaurant_23,Chandigarh,Sector 35,3,660,75.0,30,615,UPI,Website,Delivered,In-house Rider,RD034,5.2,40,29.0,True,4.0,
ORD01287,2026-02-20,2026-02-20 15:20:00,C0264,Restaurant_08,Chandigarh,Sector 34,1,150,0.0,50,200,Wallet,Restaurant App,Cancelled,Not Assigned,Not Assigned,7.4,35,,,,Restaurant Delay
ORD02602,2026-04-17,2026-04-17 13:28:00,C0892,Restaurant_11,Mohali,Phase 5,4,480,20.0,30,490,Debit Card,Website,Delivered,Shadowfax,RD149,1.8,40,24.0,True,4.0,
ORD00455,2026-06-28,2026-06-28 04:53:00,C0777,Restaurant_15,Chandigarh,Sector 17,5,750,75.0,40,715,Debit Card,Restaurant App,Delivered,Ola Logistics,RD148,0.9,30,24.0,True,5.0,
ORD03037,2026-01-19,2026-01-19 20:30:00,C0990,Restaurant_02,Mohali,Phase 7,1,150,50.0,20,120,Wallet,Restaurant App,Delivered,In-house Rider,RD126,7.6,40,46.0,False,5.0,
ORD03136,2026-06-18,2026-06-18 20:08:00,C1143,Restaurant_06,Panchkula,Sector 8,4,480,50.0,25,455,Credit Card,Website,Delivered,In-house Rider,RD069,5.6,45,31.0,True,5.0,
ORD03035,2026-04-20,2026-04-20 04:42:00,C1008,Restaurant_18,Chandigarh,Sector 35,1,350,50.0,50,350,Debit Card,Restaurant App,Delivered,In-house Rider,RD085,3.6,35,26.0,True,5.0,
ORD03289,2026-04-22,2026-04-22 17:06:00,C1185,Restaurant_18,Panchkula,Sector 5,5,1600,20.0,50,1630,Wallet,Website,Failed,Not Assigned,Not Assigned,6.1,40,,,,Payment Failed
ORD03053,2026-05-03,2026-05-03 06:28:00,C0287,Restaurant_22,Chandigarh,Sector 35,3,750,30.0,30,750,UPI,Website,Delivered,Shadowfax,RD083,6.1,35,40.0,False,2.0,
ORD00258,2026-01-18,2026-01-18 06:51:00,C1153,Restaurant_03,Chandigarh,Sector 17,4,720,75.0,50,695,Debit Card,Restaurant App,Delivered,In-house Rider,RD051,7.4,35,38.0,False,3.0,
ORD01270,2026-01-11,2026-01-11 13:19:00,C0094,Restaurant_16,Panchkula,Sector 8,1,400,75.0,40,365,Cash,Restaurant App,Delivered,Shiprocket,RD124,4.5,35,22.0,True,4.0,
ORD02774,2026-02-19,2026-02-19 19:42:00,C1033,Restaurant_10,Mohali,Phase 7,3,1050,50.0,25,1025,Credit Card,Restaurant App,Failed,Not Assigned,Not Assigned,3.8,30,,,,Restaurant Delay
ORD01764,2026-01-08,2026-01-08 04:55:00,C0481,Restaurant_02,Chandigarh,Sector 22,4,600,0.0,40,640,Cash,Restaurant App,Cancelled,Not Assigned,Not Assigned,0.4,40,,,,Payment Failed
ORD00081,2026-02-13,2026-02-13 00:52:00,C1079,Restaurant_17,Mohali,Phase 5,2,360,0.0,20,380,Debit Card,Restaurant App,Delivered,Shadowfax,RD063,3.8,45,37.0,True,5.0,
ORD01313,2026-02-22,2026-02-22 21:52:00,C0880,Restaurant_05,Chandigarh,Sector 22,4,480,50.0,30,460,Wallet,Restaurant App,Delivered,Shadowfax,RD006,6.0,40,35.0,True,2.0,
ORD03253,2026-05-23,2026-05-23 00:46:00,C1025,Restaurant_20,Panchkula,Sector 11,3,450,0.0,30,480,Credit Card,Restaurant App,Delivered,Shadowfax,RD090,0.8,45,12.0,True,5.0,
ORD03244,2026-06-23,2026-06-23 05:58:00,C1048,Restaurant_13,Panchkula,Sector 11,4,720,30.0,25,715,Debit Card,Website,Failed,Not Assigned,Not Assigned,2.8,30,,,,Rider Unavailable
ORD00248,2026-06-27,2026-06-27 03:51:00,C1020,Restaurant_20,Mohali,Phase 5,1,280,0.0,20,300,UPI,Website,Delivered,In-house Rider,RD040,5.3,30,40.0,False,5.0,
ORD02596,2026-02-18,2026-02-18 04:48:00,C0797,Restaurant_24,Mohali,Sector 68,5,900,20.0,25,905,Debit Card,Restaurant App,Delivered,In-house Rider,RD044,5.6,50,19.0,True,5.0,
ORD02820,2026-01-20,2026-01-20 01:07:00,C0764,Restaurant_14,Mohali,Sector 68,5,1100,0.0,40,1140,UPI,Restaurant App,Delivered,Shadowfax,RD107,5.7,45,26.0,True,5.0,
ORD00280,2026-04-19,2026-04-19 17:49:00,C0268,Restaurant_23,Chandigarh,Sector 35,2,500,75.0,30,455,Credit Card,Restaurant App,Delivered,Shiprocket,RD048,0.8,35,24.0,True,4.0,
ORD03364,2026-05-15,2026-05-15 15:09:00,C0235,Restaurant_08,Chandigarh,Sector 34,1,180,50.0,40,170,Wallet,Website,Delivered,Shiprocket,RD026,2.2,50,21.0,True,4.0,
ORD02540,2026-02-21,2026-02-21 05:44:00,C1111,Restaurant_08,Chandigarh,Sector 17,3,750,100.0,50,700,Wallet,Website,Delivered,Ola Logistics,RD019,7.9,45,41.0,True,5.0,
ORD03302,2026-01-06,2026-01-06 15:33:00,C0884,Restaurant_24,Chandigarh,Sector 22,5,1400,20.0,60,1440,Debit Card,Website,Delivered,In-house Rider,RD140,6.7,35,31.0,True,4.0,
ORD00391,2026-05-19,2026-05-19 01:36:00,C0218,Restaurant_05,Mohali,Phase 3B2,3,660,30.0,60,690,UPI,Restaurant App,Delivered,In-house Rider,RD130,5.8,45,31.0,True,5.0,
ORD02160,2026-06-06,2026-06-06 02:27:00,C0776,Restaurant_21,Panchkula,Sector 15,1,150,75.0,30,105,Debit Card,Website,Delivered,Shiprocket,RD109,3.4,40,22.0,True,5.0,
ORD02761,2026-02-16,2026-02-16 19:05:00,C0992,Restaurant_14,Panchkula,Sector 11,4,1000,50.0,30,980,Cash,Restaurant App,Delivered,In-house Rider,RD110,3.5,40,28.0,True,5.0,
ORD01658,2026-02-26,2026-02-26 19:40:00,C0896,Restaurant_13,Panchkula,Sector 15,5,2000,20.0,20,2000,Debit Card,Website,Delivered,In-house Rider,RD072,4.5,45,28.0,True,5.0,
ORD00393,2026-01-17,2026-01-17 10:51:00,C0437,Restaurant_16,Panchkula,Sector 11,1,150,50.0,25,125,Cash,Website,Delivered,Ola Logistics,RD092,2.2,45,26.0,True,5.0,
ORD00228,2026-01-25,2026-01-25 11:04:00,C0592,Restaurant_12,Mohali,Phase 5,2,300,0.0,40,340,Debit Card,Website,Cancelled,Not Assigned,Not Assigned,6.1,35,,,,Rider Unavailable
ORD01505,2026-05-24,2026-05-24 02:23:00,C0982,Restaurant_16,Chandigarh,Manimajra,1,250,75.0,30,205,Debit Card,Website,Delivered,In-house Rider,RD115,3.6,30,27.0,True,4.0,
ORD03163,2026-01-22,2026-01-22 01:42:00,C0302,Restaurant_17,Panchkula,Sector 15,2,640,20.0,20,640,Wallet,Restaurant App,Delivered,In-house Rider,RD058,4.1,50,35.0,True,4.0,
ORD00007,2026-05-11,2026-05-11 11:45:00,C0968,Restaurant_02,Chandigarh,Sector 17,1,400,75.0,20,345,Wallet,Website,Delivered,In-house Rider,RD104,3.5,40,24.0,True,4.0,
ORD02153,2026-06-21,2026-06-21 21:42:00,C1010,Restaurant_10,Chandigarh,Sector 22,1,150,0.0,60,210,Wallet,Restaurant App,Cancelled,Not Assigned,Not Assigned,3.4,40,,,,Customer Cancelled
ORD02126,2026-02-23,2026-02-23 14:17:00,C0169,Restaurant_17,Panchkula,Sector 15,4,880,0.0,60,940,UPI,Website,Cancelled,Not Assigned,Not Assigned,7.2,50,,,,Address Issue
ORD03137,2026-05-17,2026-05-17 02:51:00,C0449,Restaurant_08,Chandigarh,Sector 22,1,320,30.0,20,310,Cash,Restaurant App,Delivered,In-house Rider,RD147,8.0,50,46.0,True,4.0,
ORD03532,2026-06-14,2026-06-14 12:09:00,C0650,Restaurant_23,Panchkula,Sector 8,5,750,100.0,40,690,UPI,Restaurant App,Cancelled,Not Assigned,Not Assigned,4.1,35,,,,Restaurant Delay
ORD03996,2026-01-27,2026-01-27 14:03:00,C0718,Restaurant_10,Panchkula,Sector 15,4,1120,0.0,40,1160,UPI,Restaurant App,Cancelled,Not Assigned,Not Assigned,6.1,30,,,,Payment Failed
ORD00661,2026-04-28,2026-04-28 06:32:00,C0535,Restaurant_19,Chandigarh,Sector 17,5,900,0.0,25,925,Cash,Website,Delivered,In-house Rider,RD084,0.8,50,18.0,True,4.0,
ORD03490,2026-05-11,2026-05-11 20:57:00,C0439,Restaurant_07,Panchkula,Sector 11,4,880,30.0,40,890,Cash,Restaurant App,Cancelled,Not Assigned,Not Assigned,5.5,40,,,,Restaurant Delay
ORD02076,2026-06-24,2026-06-24 04:12:00,C0378,Restaurant_12,Chandigarh,Sector 34,4,1120,0.0,50,1170,Credit Card,Website,Delivered,In-house Rider,RD114,3.4,50,28.0,True,2.0,
ORD01557,2026-01-17,2026-01-17 23:21:00,C0884,Restaurant_13,Mohali,Sector 68,5,1100,50.0,20,1070,Wallet,Restaurant App,Delivered,In-house Rider,RD119,4.4,50,23.0,True,4.0,
ORD01400,2026-05-23,2026-05-23 09:25:00,C1038,Restaurant_06,Mohali,Phase 3B2,1,350,20.0,20,350,Wallet,Restaurant App,Delivered,In-house Rider,RD027,4.8,50,23.0,True,5.0,
ORD03874,2026-03-25,2026-03-25 13:36:00,C0054,Restaurant_02,Mohali,Phase 5,1,350,0.0,20,370,Cash,Restaurant App,Delivered,In-house Rider,RD015,7.2,45,38.0,True,5.0,
ORD03723,2026-03-23,2026-03-23 12:59:00,C0154,Restaurant_25,Panchkula,Sector 8,5,750,75.0,20,695,Wallet,Website,Delivered,Shiprocket,RD041,9.6,35,43.0,False,5.0,
ORD03688,2026-02-02,2026-02-02 13:06:00,C0989,Restaurant_02,Panchkula,Sector 11,3,360,75.0,30,315,Credit Card,Website,Delivered,In-house Rider,RD011,4.5,40,24.0,True,2.0,
ORD01202,2026-05-27,2026-05-27 03:19:00,C0245,Restaurant_16,Panchkula,Sector 15,5,750,0.0,25,775,Debit Card,Website,Delivered,In-house Rider,RD075,0.8,35,16.0,True,5.0,
ORD03231,2026-06-07,2026-06-07 08:39:00,C0996,Restaurant_19,Panchkula,Sector 8,4,720,0.0,60,780,UPI,Website,Delivered,In-house Rider,RD123,5.9,50,32.0,True,5.0,
ORD02982,2026-06-29,2026-06-29 07:35:00,C0078,Restaurant_04,Panchkula,Sector 8,1,120,0.0,30,150,Debit Card,Website,Delivered,In-house Rider,RD062,8.7,35,40.0,False,5.0,
ORD00936,2026-06-18,2026-06-18 11:31:00,C0545,Restaurant_24,Chandigarh,Sector 17,4,480,100.0,20,400,Credit Card,Website,Delivered,Shadowfax,RD042,5.5,50,34.0,True,5.0,
ORD00274,2026-05-08,2026-05-08 15:05:00,C0321,Restaurant_18,Panchkula,Sector 8,1,350,0.0,30,380,Debit Card,Website,Delivered,Ola Logistics,RD001,7.2,45,42.0,True,5.0,
ORD00383,2026-02-12,2026-02-12 14:14:00,C0439,Restaurant_07,Panchkula,Sector 11,2,240,75.0,40,205,UPI,Restaurant App,Delivered,In-house Rider,RD087,3.4,30,19.0,True,5.0,
ORD01689,2026-02-27,2026-02-27 00:37:00,C0256,Restaurant_03,Panchkula,Sector 5,3,660,0.0,30,690,UPI,Restaurant App,Delivered,In-house Rider,RD075,1.4,35,21.0,True,4.0,
ORD03946,2026-06-07,2026-06-07 21:23:00,C0902,Restaurant_17,Chandigarh,Manimajra,5,750,0.0,50,800,Cash,Restaurant App,Delivered,Shadowfax,RD146,4.6,45,24.0,True,1.0,
ORD01424,2026-06-01,2026-06-01 11:54:00,C0783,Restaurant_04,Panchkula,Sector 8,4,1000,75.0,25,950,Wallet,Restaurant App,Delivered,Shiprocket,RD010,5.5,30,34.0,False,3.0,
ORD02426,2026-06-13,2026-06-13 07:34:00,C0035,Restaurant_12,Mohali,Phase 7,2,360,0.0,20,380,Wallet,Restaurant App,Failed,Not Assigned,Not Assigned,0.6,40,,,,Payment Failed
ORD00117,2026-04-23,2026-04-23 20:32:00,C0535,Restaurant_02,Panchkula,Sector 15,1,350,30.0,40,360,UPI,Restaurant App,Delivered,Shadowfax,RD146,6.5,45,30.0,True,3.0,
ORD01284,2026-02-05,2026-02-05 06:16:00,C0846,Restaurant_18,Mohali,Phase 5,5,2000,20.0,25,2005,Wallet,Website,Delivered,In-house Rider,RD128,5.6,50,25.0,True,4.0,
ORD02131,2026-02-25,2026-02-25 10:34:00,C0377,Restaurant_15,Mohali,Phase 5,2,560,30.0,50,580,Wallet,Restaurant App,Cancelled,Not Assigned,Not Assigned,1.5,40,,,,Rider Unavailable
ORD01768,2026-02-12,2026-02-12 23:29:00,C0845,Restaurant_19,Panchkula,Sector 8,3,360,30.0,30,360,Wallet,Website,Delivered,In-house Rider,RD108,2.0,50,14.0,True,5.0,
ORD03762,2026-02-02,2026-02-02 17:11:00,C0819,Restaurant_04,Panchkula,Sector 11,2,300,75.0,50,275,UPI,Restaurant App,Failed,Not Assigned,Not Assigned,6.9,35,,,,Rider Unavailable
ORD00828,2026-05-27,2026-05-27 07:54:00,C0006,Restaurant_04,Mohali,Phase 7,3,960,30.0,30,960,UPI,Website,Delivered,Shadowfax,RD081,3.2,45,20.0,True,5.0,
ORD01056,2026-04-12,2026-04-12 07:52:00,C1010,Restaurant_06,Panchkula,Sector 15,3,960,0.0,20,980,Debit Card,Restaurant App,Delivered,In-house Rider,RD109,4.6,45,34.0,True,,
ORD00981,2026-02-13,2026-02-13 08:28:00,C0621,Restaurant_07,Panchkula,Sector 11,5,1100,0.0,25,1125,Cash,Restaurant App,Delivered,In-house Rider,RD008,3.8,40,29.0,True,3.0,
ORD03316,2026-01-09,2026-01-09 08:50:00,C0209,Restaurant_20,Panchkula,Sector 11,2,500,20.0,20,500,Cash,Website,Delivered,In-house Rider,RD122,3.9,30,31.0,False,5.0,
ORD02468,2026-01-31,2026-01-31 22:51:00,C0646,Restaurant_15,Mohali,Sector 68,2,240,0.0,30,270,Wallet,Restaurant App,Delivered,In-house Rider,RD016,4.1,50,24.0,True,3.0,
ORD02332,2026-01-28,2026-01-28 08:04:00,C0928,Restaurant_09,Mohali,Phase 3B2,1,400,0.0,40,440,UPI,Website,Delivered,Shiprocket,RD100,4.2,40,21.0,True,5.0,
ORD00721,2026-05-12,2026-05-12 23:31:00,C0773,Restaurant_11,Chandigarh,Sector 22,3,360,0.0,40,400,Cash,Restaurant App,Delivered,In-house Rider,RD109,2.5,50,18.0,True,5.0,
ORD00469,2026-01-06,2026-01-06 17:44:00,C1162,Restaurant_20,Panchkula,Sector 5,3,540,75.0,60,525,Cash,Restaurant App,Delivered,In-house Rider,RD071,5.1,30,20.0,True,5.0,
ORD01859,2026-02-06,2026-02-06 11:55:00,C0211,Restaurant_12,Chandigarh,Sector 34,2,300,0.0,25,325,Debit Card,Restaurant App,Delivered,Shadowfax,RD143,10.6,45,54.0,False,4.0,
ORD01778,2026-05-02,2026-05-02 01:56:00,C0168,Restaurant_22,Mohali,Sector 68,3,750,30.0,50,770,Debit Card,Website,Cancelled,Not Assigned,Not Assigned,0.6,50,,,,Address Issue
ORD02684,2026-03-10,2026-03-10 08:04:00,C0296,Restaurant_24,Panchkula,Sector 11,5,1600,30.0,30,1600,Wallet,Website,Failed,Not Assigned,Not Assigned,0.1,45,,,,Restaurant Delay
ORD00127,2026-03-30,2026-03-30 00:09:00,C0504,Restaurant_09,Panchkula,Sector 5,2,800,50.0,40,790,UPI,Restaurant App,Delivered,Shadowfax,RD063,3.3,35,24.0,True,5.0,
ORD03677,2026-04-08,2026-04-08 12:09:00,C0196,Restaurant_14,Chandigarh,Sector 35,5,1600,50.0,25,1575,Wallet,Restaurant App,Delivered,Shadowfax,RD075,4.7,30,20.0,True,5.0,
ORD01987,2026-03-16,2026-03-16 10:56:00,C0181,Restaurant_25,Mohali,Phase 5,5,1750,50.0,30,1730,Cash,Restaurant App,Delivered,Shadowfax,RD067,9.6,50,52.0,False,5.0,
ORD00652,2026-04-04,2026-04-04 11:54:00,C0913,Restaurant_04,Chandigarh,Sector 22,3,960,30.0,60,990,Cash,Website,Delivered,In-house Rider,RD033,5.8,50,34.0,True,5.0,
ORD00235,2026-04-16,2026-04-16 08:16:00,C1157,Restaurant_11,Mohali,Phase 3B2,1,350,20.0,60,390,UPI,Restaurant App,Delivered,In-house Rider,RD127,5.0,30,35.0,False,3.0,
ORD01405,2026-01-20,2026-01-20 14:20:00,C0676,Restaurant_09,Panchkula,Sector 15,5,1600,75.0,30,1555,Debit Card,Restaurant App,Cancelled,Not Assigned,Not Assigned,1.7,35,,,,Rider Unavailable
ORD03005,2026-01-22,2026-01-22 04:33:00,C0367,Restaurant_21,Panchkula,Sector 11,5,900,0.0,20,920,UPI,Restaurant App,Delivered,In-house Rider,RD082,6.2,40,29.0,True,5.0,
ORD02773,2026-06-05,2026-06-05 09:38:00,C1106,Restaurant_15,Panchkula,Sector 15,3,360,0.0,60,420,Credit Card,Restaurant App,Delivered,Ola Logistics,RD150,6.7,40,37.0,True,2.0,
ORD00199,2026-04-15,2026-04-15 23:54:00,C0875,Restaurant_01,Panchkula,Sector 5,1,400,20.0,25,405,Debit Card,Website,Delivered,Shiprocket,RD031,7.9,40,29.0,True,4.0,
ORD03416,2026-01-11,2026-01-11 02:05:00,C0928,Restaurant_08,Panchkula,Sector 8,5,900,0.0,60,960,UPI,Restaurant App,Delivered,Ola Logistics,RD010,6.7,30,38.0,False,5.0,
ORD01643,2026-02-13,2026-02-13 03:52:00,C0742,Restaurant_21,Mohali,Phase 5,1,320,100.0,25,245,UPI,Restaurant App,Delivered,Shiprocket,RD121,3.4,40,40.0,True,4.0,
ORD03905,2026-04-08,2026-04-08 21:42:00,C1170,Restaurant_11,Chandigarh,Manimajra,4,720,30.0,60,750,UPI,Restaurant App,Cancelled,Not Assigned,Not Assigned,0.2,40,,,,Payment Failed
ORD00775,2026-05-19,2026-05-19 22:11:00,C0964,Restaurant_10,Panchkula,Sector 15,2,560,50.0,20,530,UPI,Website,Failed,Not Assigned,Not Assigned,7.7,50,,,,Payment Failed
ORD01098,2026-01-27,2026-01-27 22:25:00,C1031,Restaurant_12,Mohali,Phase 3B2,4,720,30.0,40,730,Cash,Restaurant App,Delivered,In-house Rider,RD113,2.7,50,10.0,True,4.0,
ORD03920,2026-05-05,2026-05-05 14:36:00,C0774,Restaurant_04,Chandigarh,Sector 22,5,600,0.0,40,640,Credit Card,Restaurant App,Delivered,In-house Rider,RD140,7.5,50,35.0,True,4.0,
ORD00694,2026-05-01,2026-05-01 22:27:00,C0795,Restaurant_19,Chandigarh,Sector 35,2,440,0.0,60,500,Debit Card,Website,Delivered,In-house Rider,RD042,0.8,35,19.0,True,4.0,
ORD02690,2026-02-25,2026-02-25 07:05:00,C0151,Restaurant_02,Chandigarh,Manimajra,3,660,20.0,60,700,Cash,Website,Delivered,Shadowfax,RD110,7.3,40,28.0,True,5.0,
ORD00043,2026-05-12,2026-05-12 13:25:00,C0736,Restaurant_17,Mohali,Sector 68,2,360,50.0,25,335,Cash,Restaurant App,Delivered,In-house Rider,RD107,6.0,30,28.0,True,4.0,
ORD01095,2026-04-12,2026-04-12 14:24:00,C0375,Restaurant_12,Mohali,Sector 68,2,700,100.0,40,640,Debit Card,Website,Delivered,Ola Logistics,RD079,2.7,40,22.0,True,4.0,
ORD01448,2026-05-07,2026-05-07 05:28:00,C1025,Restaurant_11,Chandigarh,Sector 17,4,1400,0.0,60,1460,Cash,Website,Failed,Not Assigned,Not Assigned,5.9,40,,,,Address Issue
ORD02748,2026-04-07,2026-04-07 20:01:00,C0488,Restaurant_08,Panchkula,Sector 11,2,500,0.0,40,540,Debit Card,Restaurant App,Delivered,Shadowfax,RD088,7.8,40,39.0,True,4.0,
ORD00249,2026-01-02,2026-01-02 09:29:00,C0336,Restaurant_20,Panchkula,Sector 5,3,1200,100.0,20,1120,Cash,Restaurant App,Delivered,Shadowfax,RD052,3.7,45,27.0,True,4.0,
ORD00709,2026-02-15,2026-02-15 20:57:00,C0727,Restaurant_15,Chandigarh,Sector 35,5,1400,50.0,30,1380,Credit Card,Restaurant App,Delivered,Ola Logistics,RD036,9.0,40,52.0,False,5.0,
ORD01180,2026-04-04,2026-04-04 03:34:00,C0984,Restaurant_11,Mohali,Phase 3B2,5,1250,20.0,40,1270,UPI,Website,Delivered,In-house Rider,RD068,7.2,45,23.0,True,4.0,
ORD03043,2026-01-03,2026-01-03 09:59:00,C0572,Restaurant_17,Chandigarh,Sector 17,2,300,20.0,30,310,Wallet,Website,Delivered,In-house Rider,RD113,7.3,50,31.0,True,5.0,
ORD01450,2026-03-10,2026-03-10 22:52:00,C0761,Restaurant_20,Mohali,Sector 68,1,220,0.0,40,260,UPI,Restaurant App,Delivered,Shadowfax,RD001,6.2,35,36.0,False,4.0,
ORD02739,2026-02-07,2026-02-07 15:59:00,C0039,Restaurant_13,Chandigarh,Sector 35,3,750,50.0,25,725,Debit Card,Restaurant App,Delivered,In-house Rider,RD005,6.7,40,38.0,True,3.0,
ORD02502,2026-06-28,2026-06-28 05:36:00,C1126,Restaurant_12,Mohali,Phase 3B2,3,450,75.0,50,425,Debit Card,Restaurant App,Delivered,Ola Logistics,RD041,7.0,50,36.0,True,5.0,
ORD00224,2026-02-06,2026-02-06 23:57:00,C0683,Restaurant_01,Panchkula,Sector 11,5,1100,20.0,60,1140,Debit Card,Website,Delivered,Shadowfax,RD119,5.6,40,27.0,True,5.0,
ORD02812,2026-01-17,2026-01-17 09:53:00,C0380,Restaurant_15,Mohali,Phase 3B2,2,300,0.0,50,350,Debit Card,Restaurant App,Cancelled,Not Assigned,Not Assigned,7.2,50,,,,Rider Unavailable
ORD00690,2026-06-03,2026-06-03 14:22:00,C0150,Restaurant_20,Panchkula,Sector 8,2,500,0.0,20,520,Wallet,Website,Delivered,Ola Logistics,RD059,4.3,40,26.0,True,5.0,
ORD00665,2026-05-06,2026-05-06 05:31:00,C0493,Restaurant_02,Mohali,Phase 3B2,2,300,0.0,20,320,Credit Card,Restaurant App,Delivered,In-house Rider,RD122,4.8,40,17.0,True,3.0,
ORD02461,2026-01-18,2026-01-18 14:17:00,C1134,Restaurant_20,Panchkula,Sector 11,1,400,0.0,30,430,Credit Card,Restaurant App,Delivered,In-house Rider,RD150,10.0,50,50.0,True,5.0,
ORD01877,2026-05-27,2026-05-27 09:37:00,C0212,Restaurant_10,Chandigarh,Sector 17,1,280,50.0,25,255,Cash,Restaurant App,Delivered,In-house Rider,RD060,2.3,50,24.0,True,4.0,
ORD02581,2026-04-07,2026-04-07 06:43:00,C1042,Restaurant_22,Panchkula,Sector 15,3,840,0.0,20,860,Cash,Restaurant App,Delivered,In-house Rider,RD019,6.6,45,40.0,True,4.0,
ORD01437,2026-02-20,2026-02-20 11:36:00,C1085,Restaurant_08,Panchkula,Sector 5,2,700,0.0,40,740,Cash,Website,Cancelled,Not Assigned,Not Assigned,1.2,40,,,,Address Issue
ORD02646,2026-06-29,2026-06-29 05:09:00,C0748,Restaurant_14,Mohali,Phase 3B2,4,720,0.0,40,760,Wallet,Restaurant App,Delivered,In-house Rider,RD027,8.1,45,38.0,True,5.0,
ORD01740,2026-01-22,2026-01-22 10:03:00,C0518,Restaurant_13,Chandigarh,Sector 34,3,450,0.0,60,510,Wallet,Website,Delivered,In-house Rider,RD099,6.0,30,31.0,False,5.0,
ORD03656,2026-01-21,2026-01-21 07:41:00,C0112,Restaurant_08,Panchkula,Sector 5,2,300,0.0,50,350,Credit Card,Website,Delivered,In-house Rider,RD118,2.6,40,34.0,True,4.0,
ORD03667,2026-01-25,2026-01-25 14:02:00,C1072,Restaurant_01,Chandigarh,Manimajra,1,350,0.0,25,375,Credit Card,Restaurant App,Delivered,Ola Logistics,RD032,4.6,50,33.0,True,5.0,
ORD02510,2026-06-08,2026-06-08 17:13:00,C0262,Restaurant_01,Mohali,Sector 68,5,750,100.0,20,670,Wallet,Restaurant App,Cancelled,Not Assigned,Not Assigned,1.6,45,,,,Address Issue
ORD00429,2026-06-04,2026-06-04 03:19:00,C0239,Restaurant_22,Mohali,Phase 7,2,240,75.0,25,190,UPI,Website,Delivered,Ola Logistics,RD085,4.5,50,30.0,True,5.0,
ORD02939,2026-04-27,2026-04-27 12:22:00,C1174,Restaurant_19,Chandigarh,Sector 17,4,600,20.0,40,620,Wallet,Restaurant App,Failed,Not Assigned,Not Assigned,3.0,35,,,,Customer Cancelled
ORD02074,2026-01-11,2026-01-11 08:42:00,C0280,Restaurant_07,Chandigarh,Sector 34,2,700,0.0,60,760,UPI,Website,Delivered,Shadowfax,RD068,6.2,50,39.0,True,5.0,
ORD03644,2026-02-02,2026-02-02 21:48:00,C0205,Restaurant_03,Panchkula,Sector 15,4,480,0.0,50,530,Cash,Website,Delivered,Shiprocket,RD134,4.9,35,30.0,True,5.0,
ORD02309,2026-05-04,2026-05-04 20:17:00,C0164,Restaurant_06,Mohali,Phase 3B2,3,540,100.0,20,460,Cash,Website,Delivered,Shadowfax,RD125,4.3,45,26.0,True,4.0,
ORD01963,2026-05-25,2026-05-25 00:41:00,C0867,Restaurant_07,Panchkula,Sector 8,1,400,100.0,30,330,Credit Card,Restaurant App,Delivered,Shiprocket,RD012,4.5,35,41.0,False,5.0,
ORD01017,2026-02-18,2026-02-18 06:49:00,C0284,Restaurant_01,Panchkula,Sector 15,5,1750,50.0,25,1725,Cash,Restaurant App,Cancelled,Not Assigned,Not Assigned,7.9,45,,,,Customer Cancelled
ORD01728,2026-05-19,2026-05-19 08:02:00,C1119,Restaurant_12,Chandigarh,Sector 17,3,840,0.0,30,870,Cash,Restaurant App,Delivered,In-house Rider,RD116,4.8,50,30.0,True,5.0,
ORD02207,2026-04-03,2026-04-03 05:57:00,C1099,Restaurant_05,Chandigarh,Sector 17,1,280,0.0,40,320,UPI,Website,Delivered,In-house Rider,RD058,3.8,50,32.0,True,4.0,
ORD02354,2026-02-07,2026-02-07 09:39:00,C0025,Restaurant_12,Panchkula,Sector 8,4,1120,100.0,50,1070,UPI,Website,Delivered,Shiprocket,RD054,9.8,30,34.0,False,5.0,
ORD01124,2026-03-14,2026-03-14 10:57:00,C0536,Restaurant_14,Panchkula,Sector 8,3,360,0.0,60,420,Cash,Restaurant App,Delivered,Ola Logistics,RD017,5.0,50,26.0,True,5.0,
ORD02572,2026-02-22,2026-02-22 18:37:00,C1149,Restaurant_19,Mohali,Phase 5,1,220,0.0,25,245,UPI,Website,Delivered,In-house Rider,RD097,9.1,35,52.0,False,4.0,
ORD02691,2026-02-14,2026-02-14 05:05:00,C0888,Restaurant_23,Chandigarh,Sector 22,2,500,30.0,60,530,Credit Card,Website,Failed,Not Assigned,Not Assigned,8.0,30,,,,Restaurant Delay
ORD00598,2026-02-26,2026-02-26 04:41:00,C1010,Restaurant_16,Chandigarh,Sector 34,1,350,50.0,40,340,Credit Card,Restaurant App,Delivered,In-house Rider,RD105,4.1,40,16.0,True,5.0,
ORD01726,2026-04-30,2026-04-30 20:20:00,C0691,Restaurant_09,Panchkula,Sector 11,3,540,75.0,60,525,Debit Card,Website,Delivered,Shadowfax,RD082,9.7,45,52.0,False,4.0,
ORD03130,2026-03-24,2026-03-24 10:51:00,C0156,Restaurant_15,Mohali,Sector 68,3,660,30.0,60,690,Credit Card,Website,Delivered,In-house Rider,RD092,0.8,35,20.0,True,2.0,
ORD00588,2026-01-31,2026-01-31 23:07:00,C0332,Restaurant_06,Chandigarh,Manimajra,5,1250,50.0,25,1225,Wallet,Restaurant App,Delivered,Ola Logistics,RD124,6.2,30,42.0,False,5.0,
ORD00667,2026-01-29,2026-01-29 01:24:00,C0058,Restaurant_11,Mohali,Phase 7,4,1280,0.0,50,1330,Debit Card,Restaurant App,Delivered,In-house Rider,RD077,6.3,45,41.0,True,5.0,
ORD00018,2026-01-12,2026-01-12 08:33:00,C0573,Restaurant_07,Chandigarh,Manimajra,3,1050,100.0,25,975,Wallet,Restaurant App,Delivered,In-house Rider,RD024,4.4,50,11.0,True,5.0,
ORD02386,2026-01-08,2026-01-08 21:26:00,C0222,Restaurant_12,Panchkula,Sector 11,5,750,100.0,60,710,Debit Card,Website,Delivered,In-house Rider,RD036,4.5,40,30.0,True,4.0,
ORD01956,2026-03-30,2026-03-30 22:08:00,C1177,Restaurant_25,Panchkula,Sector 8,3,960,30.0,60,990,UPI,Website,Delivered,Ola Logistics,RD043,7.0,35,41.0,False,4.0,
ORD03081,2026-03-29,2026-03-29 13:13:00,C1067,Restaurant_08,Chandigarh,Sector 35,1,350,0.0,20,370,Debit Card,Website,Delivered,Shadowfax,RD124,3.9,50,19.0,True,5.0,
ORD02113,2026-06-19,2026-06-19 15:37:00,C0131,Restaurant_25,Mohali,Phase 5,4,1600,0.0,30,1630,Debit Card,Restaurant App,Delivered,In-house Rider,RD132,3.0,45,27.0,True,4.0,
ORD01255,2026-06-02,2026-06-02 12:00:00,C1188,Restaurant_19,Chandigarh,Sector 34,1,280,20.0,50,310,Debit Card,Restaurant App,Delivered,In-house Rider,RD123,6.0,30,26.0,True,5.0,
ORD02686,2026-06-28,2026-06-28 06:16:00,C1108,Restaurant_04,Mohali,Sector 68,2,700,20.0,30,710,Debit Card,Website,Delivered,Shiprocket,RD068,7.0,45,47.0,False,2.0,
ORD01498,2026-05-08,2026-05-08 05:37:00,C1110,Restaurant_21,Chandigarh,Sector 34,4,1000,0.0,25,1025,Wallet,Restaurant App,Delivered,Shiprocket,RD009,2.0,45,11.0,True,2.0,
ORD01344,2026-02-25,2026-02-25 22:44:00,C0529,Restaurant_09,Chandigarh,Sector 34,5,1400,20.0,20,1400,Wallet,Website,Cancelled,Not Assigned,Not Assigned,2.0,45,,,,Payment Failed
ORD01770,2026-06-18,2026-06-18 22:39:00,C1011,Restaurant_11,Panchkula,Sector 11,4,1000,0.0,30,1030,UPI,Restaurant App,Failed,Not Assigned,Not Assigned,7.0,35,,,,Restaurant Delay
ORD00646,2026-06-29,2026-06-29 08:04:00,C1022,Restaurant_04,Chandigarh,Sector 34,3,660,20.0,30,670,Cash,Website,Cancelled,Not Assigned,Not Assigned,3.8,50,,,,Address Issue
ORD00457,2026-04-07,2026-04-07 17:19:00,C0566,Restaurant_19,Chandigarh,Sector 35,5,1400,75.0,60,1385,Credit Card,Restaurant App,Delivered,In-house Rider,RD036,4.7,40,34.0,True,1.0,
ORD02034,2026-01-03,2026-01-03 18:40:00,C0962,Restaurant_11,Panchkula,Sector 15,1,350,0.0,40,390,Cash,Restaurant App,Delivered,In-house Rider,RD044,5.2,45,31.0,True,5.0,
ORD01319,2026-05-26,2026-05-26 14:25:00,C0099,Restaurant_23,Panchkula,Sector 15,1,150,50.0,25,125,Wallet,Website,Delivered,In-house Rider,RD034,7.5,35,40.0,False,4.0,
ORD03634,2026-04-14,2026-04-14 14:31:00,C0906,Restaurant_15,Chandigarh,Sector 34,4,480,20.0,60,520,UPI,Restaurant App,Delivered,Shadowfax,RD132,5.8,45,26.0,True,3.0,
ORD00813,2026-03-29,2026-03-29 14:40:00,C0617,Restaurant_03,Panchkula,Sector 8,1,280,50.0,50,280,Cash,Website,Cancelled,Not Assigned,Not Assigned,3.9,45,,,,Restaurant Delay
ORD00309,2026-03-17,2026-03-17 12:54:00,C0902,Restaurant_07,Panchkula,Sector 8,3,840,30.0,50,860,UPI,Restaurant App,Failed,Not Assigned,Not Assigned,1.5,40,,,,Customer Cancelled
ORD01007,2026-01-22,2026-01-22 22:23:00,C0621,Restaurant_02,Panchkula,Sector 8,4,720,0.0,25,745,Wallet,Restaurant App,Delivered,Shadowfax,RD073,1.8,40,14.0,True,,
ORD02887,2026-05-04,2026-05-04 18:09:00,C0794,Restaurant_16,Chandigarh,Manimajra,4,1280,0.0,20,1300,Wallet,Restaurant App,Delivered,In-house Rider,RD133,3.9,45,29.0,True,4.0,
ORD03593,2026-04-27,2026-04-27 20:07:00,C0549,Restaurant_02,Mohali,Sector 68,2,560,100.0,40,500,Debit Card,Website,Delivered,In-house Rider,RD033,7.1,50,45.0,True,5.0,
ORD02465,2026-02-21,2026-02-21 07:48:00,C0419,Restaurant_20,Panchkula,Sector 8,4,600,,60,560,Wallet,Website,Delivered,Shadowfax,RD013,,30,42.0,False,,
ORD03681,2026-01-09,2026-01-09 04:57:00,C1030,Restaurant_16,Chandigarh,Manimajra,5,750,30.0,60,780,UPI,Website,Delivered,Shiprocket,RD122,5.6,40,24.0,True,5.0,
ORD02818,2026-06-22,2026-06-22 10:17:00,C0834,Restaurant_10,Mohali,Phase 5,1,150,50.0,20,120,Debit Card,Restaurant App,Delivered,In-house Rider,RD027,3.1,50,27.0,True,4.0,
ORD03149,2026-03-12,2026-03-12 16:09:00,C0843,Restaurant_12,Chandigarh,Sector 17,2,360,0.0,60,420,Debit Card,Website,Delivered,Shadowfax,RD080,2.5,45,29.0,True,,
ORD03732,2026-03-28,2026-03-28 04:01:00,C0865,Restaurant_05,Panchkula,Sector 8,3,960,0.0,40,1000,Credit Card,Website,Delivered,Shadowfax,RD099,8.8,45,49.0,False,5.0,
ORD01886,2026-06-07,2026-06-07 13:21:00,C0150,Restaurant_20,Mohali,Phase 3B2,5,2000,30.0,60,2030,Debit Card,Restaurant App,Delivered,Shiprocket,RD036,3.1,30,24.0,True,1.0,
ORD02666,2026-05-03,2026-05-03 09:29:00,C0833,Restaurant_06,Panchkula,Sector 15,5,1750,0.0,50,1800,Credit Card,Restaurant App,Delivered,In-house Rider,RD073,6.5,30,44.0,False,4.0,
ORD03529,2026-06-22,2026-06-22 02:16:00,C1162,Restaurant_17,Panchkula,Sector 11,5,900,50.0,50,900,UPI,Website,Delivered,Shiprocket,RD079,6.6,50,27.0,True,5.0,
ORD01238,2026-01-30,2026-01-30 13:28:00,C0399,Restaurant_20,Mohali,Phase 7,1,280,0.0,50,330,Wallet,Restaurant App,Cancelled,Not Assigned,Not Assigned,3.2,50,,,,Address Issue
ORD01226,2026-06-12,2026-06-12 22:21:00,C0451,Restaurant_03,Mohali,Sector 68,1,250,20.0,50,280,Debit Card,Restaurant App,Delivered,In-house Rider,RD094,4.0,50,27.0,True,5.0,
ORD00920,2026-01-03,2026-01-03 01:08:00,C0313,Restaurant_21,Mohali,Sector 68,1,320,0.0,60,380,Debit Card,Website,Failed,Not Assigned,Not Assigned,1.6,40,,,,Address Issue
ORD01929,2026-06-11,2026-06-11 10:29:00,C0370,Restaurant_22,Chandigarh,Sector 22,4,1000,75.0,30,955,Cash,Website,Delivered,Ola Logistics,RD044,5.3,30,35.0,False,5.0,
ORD01619,2026-03-11,2026-03-11 02:01:00,C1012,Restaurant_03,Chandigarh,Sector 22,2,240,30.0,20,230,Debit Card,Restaurant App,Delivered,Shadowfax,RD138,2.3,35,16.0,True,4.0,
ORD00085,2026-03-30,2026-03-30 03:41:00,C0011,Restaurant_10,Chandigarh,Sector 22,2,800,20.0,25,805,Wallet,Website,Delivered,In-house Rider,RD074,6.2,35,32.0,True,5.0,
ORD02168,2026-03-02,2026-03-02 02:52:00,C0242,Restaurant_19,Chandigarh,Sector 22,5,1250,75.0,25,1200,Credit Card,Website,Delivered,Shiprocket,RD084,3.3,30,27.0,True,5.0,
ORD00674,2026-04-05,2026-04-05 21:30:00,C0480,Restaurant_21,Mohali,Sector 68,2,560,100.0,50,510,Cash,Restaurant App,Delivered,Ola Logistics,RD139,6.0,45,29.0,True,5.0,
ORD02945,2026-01-18,2026-01-18 05:34:00,C0791,Restaurant_25,Chandigarh,Sector 35,1,150,0.0,50,200,UPI,Restaurant App,Delivered,In-house Rider,RD006,3.8,50,30.0,True,4.0,
ORD03610,2026-01-14,2026-01-14 11:56:00,C0410,Restaurant_09,Mohali,Phase 3B2,3,960,75.0,40,925,Wallet,Website,Delivered,Ola Logistics,RD142,4.5,50,30.0,True,5.0,
ORD03885,2026-01-24,2026-01-24 08:45:00,C0075,Restaurant_20,Mohali,Phase 3B2,1,350,30.0,60,380,Cash,Website,Cancelled,Not Assigned,Not Assigned,4.0,45,,,,Customer Cancelled
ORD02409,2026-06-09,2026-06-09 03:53:00,C0445,Restaurant_22,Panchkula,Sector 8,5,1750,0.0,40,1790,Credit Card,Website,Delivered,Shadowfax,RD038,3.9,30,37.0,False,4.0,
ORD03606,2026-01-10,2026-01-10 18:05:00,C1157,Restaurant_17,Chandigarh,Sector 35,4,600,30.0,40,610,UPI,Website,Delivered,In-house Rider,RD062,3.4,50,18.0,True,5.0,
ORD01089,2026-05-03,2026-05-03 18:45:00,C1098,Restaurant_16,Panchkula,Sector 11,1,280,0.0,25,305,Credit Card,Website,Cancelled,Not Assigned,Not Assigned,6.2,30,,,,Customer Cancelled
ORD00620,2026-05-29,2026-05-29 07:07:00,C0620,Restaurant_25,Mohali,Phase 5,2,360,0.0,50,410,Wallet,Restaurant App,Delivered,In-house Rider,RD022,5.0,35,27.0,True,2.0,
ORD02766,2026-05-27,2026-05-27 08:08:00,C0062,Restaurant_15,Panchkula,Sector 8,3,960,0.0,60,1020,Debit Card,Restaurant App,Failed,Not Assigned,Not Assigned,2.2,40,,,,Rider Unavailable
ORD03495,2026-02-06,2026-02-06 21:30:00,C0007,Restaurant_10,Chandigarh,Sector 35,1,400,30.0,40,410,Credit Card,Website,Delivered,In-house Rider,RD101,8.4,30,40.0,False,5.0,
ORD01215,2026-04-26,2026-04-26 09:16:00,C0793,Restaurant_11,Chandigarh,Sector 35,3,960,20.0,40,980,Credit Card,Restaurant App,Delivered,Ola Logistics,RD065,5.4,30,26.0,True,5.0,
ORD01703,2026-01-06,2026-01-06 01:29:00,C1080,Restaurant_11,Chandigarh,Sector 34,1,150,50.0,25,125,Cash,Website,Delivered,Ola Logistics,RD092,2.6,35,29.0,True,4.0,
ORD02066,2026-02-21,2026-02-21 19:26:00,C1053,Restaurant_02,Panchkula,Sector 8,3,660,0.0,50,710,Credit Card,Website,Delivered,In-house Rider,RD083,2.6,30,30.0,True,5.0,
ORD00784,2026-04-30,2026-04-30 11:39:00,C0962,Restaurant_25,Panchkula,Sector 8,2,560,50.0,40,550,Credit Card,Website,Delivered,In-house Rider,RD120,4.2,35,37.0,False,5.0,
ORD03764,2026-01-15,2026-01-15 05:10:00,C0365,Restaurant_18,Mohali,Phase 5,3,540,0.0,20,560,UPI,Restaurant App,Failed,Not Assigned,Not Assigned,4.4,45,,,,Restaurant Delay
ORD03680,2026-05-23,2026-05-23 21:38:00,C0826,Restaurant_20,Chandigarh,Sector 35,4,1280,75.0,25,1230,UPI,Restaurant App,Delivered,In-house Rider,RD083,5.0,35,32.0,True,5.0,
ORD03854,2026-01-09,2026-01-09 00:26:00,C1039,Restaurant_14,Chandigarh,Sector 34,5,750,30.0,50,770,Debit Card,Website,Failed,Not Assigned,Not Assigned,1.0,35,,,,Payment Failed
ORD01580,2026-04-25,2026-04-25 06:06:00,C0315,Restaurant_24,Mohali,Phase 5,2,300,75.0,30,255,UPI,Restaurant App,Delivered,In-house Rider,RD129,5.0,40,28.0,True,4.0,
ORD02823,2026-04-25,2026-04-25 09:55:00,C0376,Restaurant_04,Chandigarh,Manimajra,4,1600,20.0,25,1605,Credit Card,Restaurant App,Delivered,Ola Logistics,RD077,2.9,35,19.0,True,4.0,
ORD03628,2026-02-13,2026-02-13 00:26:00,C0359,Restaurant_19,Mohali,Phase 7,5,1400,30.0,30,1400,Cash,Website,Delivered,Shadowfax,RD022,3.1,30,26.0,True,4.0,
ORD02230,2026-04-01,2026-04-01 21:50:00,C1034,Restaurant_11,Mohali,Phase 3B2,5,1400,30.0,20,1390,UPI,Website,Cancelled,Not Assigned,Not Assigned,4.0,50,,,,Rider Unavailable
ORD03837,2026-03-09,2026-03-09 12:22:00,C1176,Restaurant_25,Panchkula,Sector 8,2,240,,30,170,Cash,Restaurant App,Delivered,In-house Rider,RD014,,30,25.0,True,,
ORD00625,2026-02-01,2026-02-01 19:30:00,C0582,Restaurant_07,Panchkula,Sector 15,5,1600,20.0,20,1600,UPI,Restaurant App,Delivered,Shiprocket,RD081,5.3,30,37.0,False,5.0,
ORD01366,2026-01-19,2026-01-19 01:02:00,C0221,Restaurant_17,Mohali,Sector 68,4,1120,20.0,50,1150,Debit Card,Website,Delivered,In-house Rider,RD098,4.5,45,19.0,True,1.0,
ORD02390,2026-02-11,2026-02-11 22:36:00,C0893,Restaurant_19,Panchkula,Sector 15,1,400,75.0,40,365,UPI,Restaurant App,Delivered,In-house Rider,RD046,4.3,40,25.0,True,5.0,
ORD03084,2026-04-22,2026-04-22 11:27:00,C0681,Restaurant_04,Panchkula,Sector 8,2,640,0.0,50,690,Credit Card,Website,Cancelled,Not Assigned,Not Assigned,1.0,35,,,,Rider Unavailable
ORD03273,2026-03-27,2026-03-27 21:19:00,C0650,Restaurant_07,Panchkula,Sector 15,1,320,0.0,20,340,UPI,Restaurant App,Cancelled,Not Assigned,Not Assigned,1.6,35,,,,Restaurant Delay
ORD03947,2026-05-04,2026-05-04 05:09:00,C0528,Restaurant_11,Chandigarh,Manimajra,1,180,30.0,50,200,Wallet,Website,Cancelled,Not Assigned,Not Assigned,0.6,40,,,,Payment Failed
ORD02318,2026-03-06,2026-03-06 13:27:00,C0644,Restaurant_02,Mohali,Phase 3B2,3,450,20.0,40,470,Debit Card,Restaurant App,Delivered,In-house Rider,RD132,3.9,35,17.0,True,4.0,
ORD01268,2026-04-18,2026-04-18 13:24:00,C1057,Restaurant_23,Mohali,Phase 3B2,2,300,20.0,30,310,UPI,Website,Delivered,In-house Rider,RD147,5.1,40,30.0,True,5.0,
ORD03788,2026-03-24,2026-03-24 22:36:00,C0800,Restaurant_10,Panchkula,Sector 11,3,1050,30.0,30,1050,Wallet,Website,Failed,Not Assigned,Not Assigned,7.0,45,,,,Address Issue
ORD00459,2026-05-10,2026-05-10 00:30:00,C0700,Restaurant_13,Panchkula,Sector 8,5,750,30.0,25,745,Wallet,Website,Delivered,In-house Rider,RD064,7.7,40,29.0,True,5.0,
ORD00009,2026-06-17,2026-06-17 09:49:00,C0043,Restaurant_12,Panchkula,Sector 11,5,1400,0.0,60,1460,Cash,Website,Delivered,In-house Rider,RD099,4.0,35,24.0,True,,
ORD02167,2026-05-21,2026-05-21 04:05:00,C0445,Restaurant_13,Chandigarh,Manimajra,4,1600,50.0,20,1570,Credit Card,Restaurant App,Cancelled,Not Assigned,Not Assigned,5.7,50,,,,Restaurant Delay
ORD03352,2026-04-20,2026-04-20 20:37:00,C0242,Restaurant_10,Mohali,Sector 68,1,180,20.0,40,200,Wallet,Restaurant App,Delivered,In-house Rider,RD016,7.0,35,35.0,True,4.0,
ORD02414,2026-02-20,2026-02-20 18:55:00,C0487,Restaurant_22,Chandigarh,Sector 22,4,1280,0.0,25,1305,Cash,Restaurant App,Failed,Not Assigned,Not Assigned,7.4,45,,,,Restaurant Delay
ORD03295,2026-03-07,2026-03-07 08:56:00,C0629,Restaurant_15,Mohali,Phase 7,4,1120,30.0,25,1115,UPI,Restaurant App,Delivered,Shiprocket,RD132,0.9,30,22.0,True,4.0,
ORD01542,2026-04-19,2026-04-19 15:30:00,C0808,Restaurant_13,Panchkula,Sector 15,1,120,20.0,40,140,Credit Card,Restaurant App,Cancelled,Not Assigned,Not Assigned,1.1,40,,,,Payment Failed
ORD00716,2026-06-22,2026-06-22 14:13:00,C0581,Restaurant_11,Chandigarh,Sector 17,1,180,30.0,20,170,UPI,Website,Delivered,In-house Rider,RD109,4.7,50,25.0,True,4.0,
ORD00444,2026-02-12,2026-02-12 18:51:00,C0103,Restaurant_16,Chandigarh,Sector 22,5,2000,0.0,30,2030,Wallet,Website,Delivered,In-house Rider,RD093,3.8,50,26.0,True,5.0,
ORD02482,2026-03-01,2026-03-01 19:26:00,C0080,Restaurant_03,Panchkula,Sector 15,2,700,50.0,50,700,Wallet,Website,Delivered,Ola Logistics,RD057,3.5,50,26.0,True,3.0,
ORD02234,2026-03-24,2026-03-24 00:45:00,C0818,Restaurant_16,Mohali,Sector 68,1,350,75.0,20,295,Wallet,Website,Cancelled,Not Assigned,Not Assigned,1.8,50,,,,Restaurant Delay
ORD03207,2026-03-16,2026-03-16 12:21:00,C0849,Restaurant_24,Chandigarh,Sector 34,5,1750,30.0,60,1780,Credit Card,Restaurant App,Delivered,In-house Rider,RD092,1.8,40,20.0,True,2.0,
ORD02063,2026-04-14,2026-04-14 12:06:00,C0385,Restaurant_06,Panchkula,Sector 8,2,500,0.0,30,530,Debit Card,Website,Delivered,In-house Rider,RD138,5.7,30,40.0,False,5.0,
ORD00192,2026-03-12,2026-03-12 07:06:00,C0855,Restaurant_19,Chandigarh,Sector 35,2,300,0.0,30,330,Debit Card,Website,Delivered,In-house Rider,RD066,1.1,30,16.0,True,5.0,
ORD02097,2026-05-12,2026-05-12 16:27:00,C0255,Restaurant_21,Chandigarh,Sector 22,1,220,0.0,25,245,Wallet,Restaurant App,Delivered,In-house Rider,RD145,5.7,35,35.0,True,5.0,
ORD00425,2026-04-26,2026-04-26 05:39:00,C0271,Restaurant_20,Panchkula,Sector 11,4,1400,100.0,30,1330,Wallet,Restaurant App,Delivered,In-house Rider,RD119,6.5,45,46.0,False,5.0,
ORD01073,2026-06-26,2026-06-26 05:04:00,C0235,Restaurant_05,Chandigarh,Sector 34,3,960,100.0,25,885,Wallet,Website,Failed,Not Assigned,Not Assigned,3.0,35,,,,Rider Unavailable
ORD01644,2026-05-11,2026-05-11 19:34:00,C0916,Restaurant_14,Mohali,Phase 3B2,4,600,0.0,30,630,Wallet,Restaurant App,Delivered,Shadowfax,RD099,6.4,30,29.0,True,4.0,
ORD01390,2026-02-26,2026-02-26 01:43:00,C1013,Restaurant_25,Mohali,Phase 3B2,1,250,0.0,40,290,UPI,Website,Failed,Not Assigned,Not Assigned,6.2,30,,,,Payment Failed
ORD03910,2026-05-19,2026-05-19 01:30:00,C0963,Restaurant_21,Mohali,Phase 3B2,3,750,100.0,40,690,Wallet,Restaurant App,Failed,Not Assigned,Not Assigned,2.0,35,,,,Customer Cancelled
ORD01681,2026-03-13,2026-03-13 21:53:00,C0483,Restaurant_13,Panchkula,Sector 11,5,600,30.0,20,590,Debit Card,Restaurant App,Delivered,In-house Rider,RD140,5.0,40,37.0,True,4.0,
ORD02261,2026-05-21,2026-05-21 06:04:00,C0602,Restaurant_05,Panchkula,Sector 8,2,500,75.0,30,455,Wallet,Restaurant App,Delivered,Shadowfax,RD097,7.5,50,40.0,True,5.0,
ORD00788,2026-04-03,2026-04-03 16:13:00,C0823,Restaurant_02,Panchkula,Sector 8,5,750,50.0,20,720,Credit Card,Restaurant App,Delivered,In-house Rider,RD150,1.3,35,18.0,True,3.0,
ORD01351,2026-02-10,2026-02-10 03:36:00,C0133,Restaurant_25,Chandigarh,Sector 22,3,960,75.0,20,905,Debit Card,Restaurant App,Delivered,In-house Rider,RD109,3.6,40,28.0,True,5.0,
ORD01491,2026-04-03,2026-04-03 01:33:00,C1118,Restaurant_03,Panchkula,Sector 5,2,440,0.0,30,470,Debit Card,Restaurant App,Delivered,Shadowfax,RD044,4.0,30,26.0,True,5.0,
ORD03757,2026-02-07,2026-02-07 15:33:00,C0569,Restaurant_21,Panchkula,Sector 8,1,280,0.0,25,305,Wallet,Restaurant App,Delivered,In-house Rider,RD126,4.6,45,16.0,True,5.0,
ORD03712,2026-03-15,2026-03-15 05:28:00,C0293,Restaurant_05,Panchkula,Sector 5,5,900,20.0,30,910,Credit Card,Restaurant App,Cancelled,Not Assigned,Not Assigned,1.7,40,,,,Rider Unavailable
ORD01601,2026-05-17,2026-05-17 09:51:00,C0238,Restaurant_01,Chandigarh,Manimajra,4,600,0.0,40,640,UPI,Restaurant App,Delivered,Shadowfax,RD132,6.2,40,38.0,True,4.0,
ORD03740,2026-03-22,2026-03-22 13:01:00,C0161,Restaurant_20,Panchkula,Sector 15,5,1750,0.0,50,1800,UPI,Restaurant App,Delivered,Shadowfax,RD080,8.2,50,37.0,True,5.0,
ORD03835,2026-01-30,2026-01-30 17:11:00,C0899,Restaurant_01,Panchkula,Sector 15,4,1600,50.0,25,1575,Wallet,Restaurant App,Delivered,In-house Rider,RD016,3.7,35,25.0,True,2.0,
ORD03796,2026-05-02,2026-05-02 11:20:00,C0056,Restaurant_18,Panchkula,Sector 15,3,750,100.0,20,670,Cash,Restaurant App,Delivered,In-house Rider,RD057,5.6,45,30.0,True,5.0,
ORD00059,2026-02-04,2026-02-04 08:11:00,C0859,Restaurant_09,Panchkula,Sector 8,2,800,0.0,25,825,Debit Card,Restaurant App,Delivered,Ola Logistics,RD103,5.8,30,30.0,True,4.0,
ORD00523,2026-02-02,2026-02-02 16:42:00,C0667,Restaurant_01,Chandigarh,Manimajra,2,640,30.0,60,670,Cash,Restaurant App,Delivered,In-house Rider,RD145,5.7,30,24.0,True,5.0,
ORD01901,2026-01-07,2026-01-07 17:24:00,C1187,Restaurant_03,Panchkula,Sector 5,2,360,30.0,25,355,Wallet,Website,Delivered,In-house Rider,RD058,3.6,45,22.0,True,2.0,
ORD03082,2026-06-21,2026-06-21 01:19:00,C0980,Restaurant_20,Chandigarh,Manimajra,1,280,0.0,20,300,UPI,Website,Cancelled,Not Assigned,Not Assigned,4.4,45,,,,Restaurant Delay
ORD00123,2026-05-04,2026-05-04 10:16:00,C0464,Restaurant_17,Panchkula,Sector 11,4,1120,100.0,50,1070,Wallet,Restaurant App,Delivered,Shadowfax,RD027,6.3,30,37.0,False,5.0,
ORD01002,2026-06-15,2026-06-15 14:05:00,C0121,Restaurant_09,Panchkula,Sector 5,2,360,50.0,25,335,UPI,Website,Delivered,Ola Logistics,RD107,7.2,30,33.0,False,5.0,
ORD01374,2026-01-18,2026-01-18 00:41:00,C0864,Restaurant_25,Chandigarh,Sector 34,4,880,0.0,50,930,Wallet,Website,Delivered,Shadowfax,RD115,2.4,30,22.0,True,5.0,
ORD00917,2026-02-09,2026-02-09 22:51:00,C1123,Restaurant_10,Chandigarh,Sector 17,5,1250,75.0,30,1205,Wallet,Website,Delivered,In-house Rider,RD138,3.4,45,30.0,True,2.0,
ORD00827,2026-01-17,2026-01-17 03:21:00,C1045,Restaurant_16,Mohali,Phase 7,1,120,75.0,30,80,Credit Card,Restaurant App,Delivered,Shadowfax,RD108,6.5,35,29.0,True,5.0,
ORD00527,2026-06-06,2026-06-06 04:07:00,C0771,Restaurant_16,Panchkula,Sector 15,4,1280,75.0,60,1265,Wallet,Restaurant App,Failed,Not Assigned,Not Assigned,6.8,40,,,,Address Issue
ORD02002,2026-06-15,2026-06-15 05:49:00,C0842,Restaurant_07,Chandigarh,Sector 17,2,700,50.0,20,670,Cash,Website,Delivered,Shiprocket,RD069,7.7,40,41.0,False,3.0,
ORD01547,2026-05-26,2026-05-26 23:59:00,C0076,Restaurant_19,Chandigarh,Sector 34,2,440,0.0,60,500,UPI,Website,Delivered,Shiprocket,RD118,5.3,45,29.0,True,4.0,
ORD02416,2026-04-06,2026-04-06 09:01:00,C0734,Restaurant_18,Mohali,Sector 68,3,1050,0.0,30,1080,UPI,Website,Cancelled,Not Assigned,Not Assigned,2.0,30,,,,Payment Failed
ORD01137,2026-01-01,2026-01-01 19:34:00,C0784,Restaurant_04,Panchkula,Sector 5,4,1000,0.0,50,1050,UPI,Restaurant App,Delivered,In-house Rider,RD015,4.9,35,26.0,True,5.0,
ORD03444,2026-04-10,2026-04-10 02:23:00,C0667,Restaurant_13,Mohali,Phase 7,5,1100,0.0,30,1130,Credit Card,Restaurant App,Failed,Not Assigned,Not Assigned,4.7,45,,,,Payment Failed
ORD00279,2026-04-05,2026-04-05 03:10:00,C1194,Restaurant_17,Chandigarh,Sector 22,3,960,75.0,50,935,Cash,Restaurant App,Delivered,Shiprocket,RD014,2.9,35,22.0,True,4.0,
ORD00883,2026-05-07,2026-05-07 21:30:00,C0286,Restaurant_18,Chandigarh,Sector 34,5,1250,100.0,20,1170,Cash,Restaurant App,Delivered,In-house Rider,RD068,4.7,45,33.0,True,5.0,
ORD00738,2026-04-26,2026-04-26 02:19:00,C1009,Restaurant_10,Chandigarh,Manimajra,2,300,100.0,20,220,Cash,Website,Delivered,Shiprocket,RD104,2.7,45,22.0,True,4.0,
ORD02947,2026-04-20,2026-04-20 08:53:00,C0178,Restaurant_08,Panchkula,Sector 5,4,880,20.0,50,910,Debit Card,Restaurant App,Delivered,In-house Rider,RD103,2.4,30,29.0,True,5.0,
ORD02383,2026-06-26,2026-06-26 19:50:00,C0835,Restaurant_04,Mohali,Sector 68,4,720,75.0,20,665,UPI,Website,Delivered,In-house Rider,RD049,4.8,50,29.0,True,4.0,
ORD00295,2026-01-08,2026-01-08 14:57:00,C0683,Restaurant_25,Chandigarh,Manimajra,4,600,0.0,50,650,UPI,Restaurant App,Delivered,Shadowfax,RD054,4.4,35,33.0,True,5.0,
ORD00505,2026-04-24,2026-04-24 00:01:00,C0146,Restaurant_13,Mohali,Phase 5,1,280,0.0,60,340,Cash,Restaurant App,Delivered,Ola Logistics,RD001,2.3,35,27.0,True,5.0,
ORD01660,2026-05-08,2026-05-08 04:53:00,C0835,Restaurant_23,Mohali,Sector 68,5,900,100.0,60,860,UPI,Website,Delivered,Shadowfax,RD075,5.6,30,36.0,False,4.0,
ORD02120,2026-02-02,2026-02-02 03:18:00,C0279,Restaurant_17,Mohali,Sector 68,4,720,50.0,40,710,Cash,Restaurant App,Delivered,In-house Rider,RD108,5.2,30,37.0,False,5.0,
ORD01718,2026-03-31,2026-03-31 06:34:00,C1180,Restaurant_23,Chandigarh,Sector 34,1,350,0.0,20,370,UPI,Restaurant App,Delivered,Shadowfax,RD120,3.9,50,23.0,True,5.0,
ORD03233,2026-02-27,2026-02-27 11:40:00,C0676,Restaurant_24,Chandigarh,Sector 35,1,180,75.0,30,135,Debit Card,Restaurant App,Delivered,Shadowfax,RD083,6.4,50,30.0,True,3.0,
ORD03734,2026-04-21,2026-04-21 01:23:00,C0074,Restaurant_08,Mohali,Phase 7,3,660,0.0,20,680,Wallet,Website,Delivered,In-house Rider,RD028,4.0,50,28.0,True,3.0,
ORD00548,2026-03-13,2026-03-13 08:53:00,C0467,Restaurant_13,Chandigarh,Sector 35,3,1200,75.0,20,1145,Debit Card,Website,Delivered,In-house Rider,RD025,4.4,30,27.0,True,5.0,
ORD00004,2026-05-14,2026-05-14 21:26:00,C0794,Restaurant_19,Panchkula,Sector 5,1,350,30.0,25,345,Debit Card,Restaurant App,Delivered,In-house Rider,RD142,3.7,30,36.0,False,5.0,
ORD00979,2026-01-14,2026-01-14 16:50:00,C1134,Restaurant_06,Panchkula,Sector 8,3,660,100.0,30,590,Wallet,Restaurant App,Delivered,In-house Rider,RD022,3.7,35,18.0,True,5.0,
ORD01144,2026-01-14,2026-01-14 20:02:00,C0823,Restaurant_25,Panchkula,Sector 11,4,720,30.0,25,715,Cash,Website,Delivered,In-house Rider,RD086,5.8,35,28.0,True,4.0,
ORD03540,2026-06-13,2026-06-13 20:24:00,C0300,Restaurant_21,Panchkula,Sector 8,3,750,0.0,25,775,Debit Card,Restaurant App,Delivered,Shiprocket,RD002,5.9,35,34.0,True,3.0,
ORD01574,2026-04-19,2026-04-19 22:48:00,C0857,Restaurant_01,Panchkula,Sector 5,3,540,20.0,60,580,Credit Card,Restaurant App,Delivered,Shadowfax,RD071,2.9,45,33.0,True,5.0,
ORD02932,2026-05-06,2026-05-06 02:44:00,C0428,Restaurant_16,Panchkula,Sector 15,1,350,30.0,20,340,Debit Card,Restaurant App,Cancelled,Not Assigned,Not Assigned,6.2,40,,,,Rider Unavailable
ORD00836,2026-02-26,2026-02-26 04:12:00,C1097,Restaurant_11,Mohali,Phase 3B2,3,540,0.0,30,570,Cash,Restaurant App,Failed,Not Assigned,Not Assigned,6.5,35,,,,Restaurant Delay
ORD00198,2026-02-07,2026-02-07 19:01:00,C0164,Restaurant_25,Panchkula,Sector 11,1,400,0.0,25,425,Wallet,Website,Delivered,In-house Rider,RD149,5.3,40,34.0,True,4.0,
ORD00612,2026-05-08,2026-05-08 22:10:00,C0805,Restaurant_12,Chandigarh,Sector 22,4,1000,75.0,60,985,Wallet,Restaurant App,Delivered,In-house Rider,RD040,6.0,30,21.0,True,5.0,
ORD03802,2026-06-26,2026-06-26 03:05:00,C0146,Restaurant_15,Panchkula,Sector 15,3,660,20.0,20,660,UPI,Website,Delivered,In-house Rider,RD037,6.9,40,39.0,True,5.0,
ORD01803,2026-05-01,2026-05-01 14:02:00,C0265,Restaurant_07,Panchkula,Sector 8,4,600,30.0,40,610,Cash,Website,Delivered,In-house Rider,RD028,3.8,30,32.0,False,4.0,
ORD01141,2026-06-24,2026-06-24 15:42:00,C0511,Restaurant_25,Chandigarh,Sector 17,1,400,100.0,25,325,UPI,Website,Cancelled,Not Assigned,Not Assigned,0.8,30,,,,Rider Unavailable
ORD01022,2026-06-17,2026-06-17 20:37:00,C0998,Restaurant_06,Chandigarh,Sector 17,1,350,50.0,25,325,Cash,Website,Delivered,In-house Rider,RD059,6.9,35,43.0,False,4.0,
ORD03093,2026-06-12,2026-06-12 01:54:00,C0647,Restaurant_05,Panchkula,Sector 11,5,750,0.0,40,790,Debit Card,Restaurant App,Delivered,In-house Rider,RD126,3.8,30,31.0,False,5.0,
ORD01819,2026-03-08,2026-03-08 18:59:00,C0399,Restaurant_11,Mohali,Phase 7,5,1600,100.0,20,1520,Cash,Website,Cancelled,Not Assigned,Not Assigned,4.7,40,,,,Address Issue
ORD03669,2026-03-31,2026-03-31 02:32:00,C0100,Restaurant_04,Chandigarh,Sector 35,5,1100,0.0,60,1160,Credit Card,Restaurant App,Delivered,Shadowfax,RD109,8.7,40,41.0,False,4.0,
ORD03355,2026-02-09,2026-02-09 23:28:00,C0012,Restaurant_25,Panchkula,Sector 5,3,1200,75.0,25,1150,Credit Card,Restaurant App,Delivered,Shadowfax,RD064,4.3,40,32.0,True,4.0,
ORD02694,2026-02-11,2026-02-11 21:41:00,C0029,Restaurant_02,Chandigarh,Sector 35,4,1400,50.0,40,1390,Credit Card,Website,Delivered,In-house Rider,RD150,4.7,50,32.0,True,4.0,
ORD03215,2026-06-10,2026-06-10 02:27:00,C0645,Restaurant_17,Mohali,Phase 5,2,300,30.0,60,330,Cash,Restaurant App,Delivered,In-house Rider,RD091,6.8,35,34.0,True,5.0,
ORD02550,2026-05-04,2026-05-04 22:27:00,C1096,Restaurant_05,Mohali,Sector 68,3,750,30.0,50,770,Credit Card,Restaurant App,Failed,Not Assigned,Not Assigned,2.1,35,,,,Customer Cancelled
ORD03824,2026-01-18,2026-01-18 17:44:00,C0409,Restaurant_23,Mohali,Phase 5,3,960,0.0,25,985,Debit Card,Website,Delivered,In-house Rider,RD063,2.5,45,23.0,True,3.0,
ORD00063,2026-02-05,2026-02-05 17:52:00,C0043,Restaurant_12,Panchkula,Sector 11,2,360,0.0,30,390,Wallet,Restaurant App,Delivered,Ola Logistics,RD094,4.9,45,29.0,True,5.0,
ORD03170,2026-04-02,2026-04-02 00:25:00,C1135,Restaurant_08,Chandigarh,Sector 22,2,700,75.0,30,655,Credit Card,Website,Delivered,Shiprocket,RD075,5.5,50,25.0,True,5.0,
ORD00714,2026-01-20,2026-01-20 17:06:00,C0384,Restaurant_08,Panchkula,Sector 15,1,150,0.0,60,210,Cash,Website,Delivered,In-house Rider,RD005,4.0,50,29.0,True,5.0,
ORD00753,2026-06-23,2026-06-23 10:45:00,C0616,Restaurant_10,Mohali,Sector 68,2,360,0.0,50,410,UPI,Restaurant App,Delivered,In-house Rider,RD134,7.4,50,42.0,True,5.0,
ORD01223,2026-04-04,2026-04-04 05:24:00,C0575,Restaurant_21,Chandigarh,Sector 22,4,1120,75.0,20,1065,UPI,Website,Delivered,Ola Logistics,RD110,3.6,50,29.0,True,5.0,
ORD02530,2026-03-23,2026-03-23 14:00:00,C1123,Restaurant_10,Panchkula,Sector 8,1,120,0.0,25,145,Wallet,Restaurant App,Cancelled,Not Assigned,Not Assigned,6.7,40,,,,Restaurant Delay
ORD00809,2026-04-15,2026-04-15 00:15:00,C0225,Restaurant_08,Mohali,Phase 3B2,1,150,100.0,60,110,UPI,Website,Failed,Not Assigned,Not Assigned,6.1,40,,,,Address Issue
ORD02106,2026-05-04,2026-05-04 21:44:00,C0619,Restaurant_17,Mohali,Phase 3B2,1,350,20.0,40,370,Debit Card,Website,Failed,Not Assigned,Not Assigned,0.2,50,,,,Restaurant Delay
ORD01928,2026-03-11,2026-03-11 14:28:00,C0487,Restaurant_11,Mohali,Sector 68,3,750,0.0,60,810,Debit Card,Restaurant App,Delivered,In-house Rider,RD108,2.2,50,17.0,True,4.0,
ORD01189,2026-04-12,2026-04-12 17:52:00,C0089,Restaurant_22,Mohali,Phase 7,4,1280,0.0,50,1330,Debit Card,Website,Delivered,Ola Logistics,RD025,2.9,45,22.0,True,4.0,
ORD01971,2026-02-27,2026-02-27 15:25:00,C0892,Restaurant_11,Chandigarh,Sector 22,3,750,50.0,20,720,Cash,Website,Delivered,In-house Rider,RD143,7.4,30,35.0,False,4.0,
ORD02885,2026-02-12,2026-02-12 23:35:00,C0260,Restaurant_04,Panchkula,Sector 5,1,150,0.0,30,180,Cash,Restaurant App,Delivered,In-house Rider,RD054,5.9,50,27.0,True,5.0,
ORD01447,2026-06-05,2026-06-05 06:45:00,C0925,Restaurant_15,Mohali,Phase 5,1,400,20.0,25,405,Debit Card,Restaurant App,Delivered,In-house Rider,RD070,7.2,40,36.0,True,4.0,
ORD00717,2026-02-08,2026-02-08 22:29:00,C0655,Restaurant_10,Mohali,Phase 3B2,1,400,20.0,50,430,Debit Card,Restaurant App,Delivered,In-house Rider,RD037,2.3,30,24.0,True,5.0,
ORD01883,2026-04-26,2026-04-26 04:20:00,C0426,Restaurant_13,Chandigarh,Sector 35,2,300,100.0,25,225,Debit Card,Website,Delivered,In-house Rider,RD120,3.4,35,27.0,True,2.0,
ORD01300,2026-02-25,2026-02-25 13:13:00,C0488,Restaurant_11,Panchkula,Sector 15,4,720,0.0,40,760,Debit Card,Website,Delivered,Ola Logistics,RD046,6.8,40,40.0,True,5.0,
ORD01676,2026-04-01,2026-04-01 22:06:00,C0850,Restaurant_18,Panchkula,Sector 5,4,720,0.0,40,760,UPI,Website,Delivered,Shadowfax,RD024,5.1,40,24.0,True,5.0,
ORD00987,2026-02-26,2026-02-26 16:15:00,C0778,Restaurant_06,Panchkula,Sector 15,1,180,0.0,25,205,Wallet,Website,Delivered,Ola Logistics,RD141,2.4,45,20.0,True,5.0,
ORD00141,2026-06-13,2026-06-13 09:19:00,C1187,Restaurant_05,Panchkula,Sector 15,1,120,0.0,60,180,Wallet,Restaurant App,Delivered,In-house Rider,RD098,6.0,40,31.0,True,3.0,
ORD01924,2026-04-14,2026-04-14 03:47:00,C0339,Restaurant_11,Mohali,Sector 68,3,360,100.0,40,300,Debit Card,Website,Delivered,In-house Rider,RD033,4.2,50,29.0,True,5.0,
ORD02760,2026-03-19,2026-03-19 18:37:00,C1092,Restaurant_24,Chandigarh,Sector 34,3,750,20.0,20,750,Debit Card,Website,Cancelled,Not Assigned,Not Assigned,1.9,40,,,,Customer Cancelled
ORD01112,2026-03-11,2026-03-11 16:28:00,C0109,Restaurant_12,Chandigarh,Sector 34,4,480,0.0,50,530,Debit Card,Website,Delivered,Shiprocket,RD086,7.3,30,24.0,True,5.0,
ORD00378,2026-05-20,2026-05-20 17:41:00,C0589,Restaurant_05,Panchkula,Sector 15,5,1750,100.0,30,1680,Debit Card,Restaurant App,Delivered,Shadowfax,RD062,5.2,50,35.0,True,5.0,
ORD01800,2026-04-02,2026-04-02 04:41:00,C0772,Restaurant_11,Chandigarh,Sector 34,2,440,0.0,60,500,Cash,Website,Failed,Not Assigned,Not Assigned,2.2,50,,,,Customer Cancelled
ORD01637,2026-04-18,2026-04-18 05:10:00,C0835,Restaurant_25,Panchkula,Sector 5,4,880,100.0,20,800,Credit Card,Restaurant App,Failed,Not Assigned,Not Assigned,1.0,45,,,,Customer Cancelled
ORD03641,2026-05-13,2026-05-13 16:01:00,C0792,Restaurant_01,Mohali,Phase 3B2,1,250,75.0,40,215,UPI,Restaurant App,Delivered,Ola Logistics,RD065,7.0,45,40.0,True,4.0,
ORD00500,2026-02-03,2026-02-03 13:47:00,C0804,Restaurant_23,Mohali,Phase 5,2,800,100.0,30,730,Debit Card,Website,Cancelled,Not Assigned,Not Assigned,6.1,30,,,,Payment Failed
ORD02067,2026-03-16,2026-03-16 19:55:00,C0093,Restaurant_21,Panchkula,Sector 15,5,600,0.0,25,625,Debit Card,Restaurant App,Delivered,In-house Rider,RD143,10.6,35,42.0,False,5.0,
ORD01280,2026-05-04,2026-05-04 16:48:00,C0406,Restaurant_10,Chandigarh,Sector 34,3,540,75.0,50,515,Debit Card,Website,Delivered,In-house Rider,RD118,4.8,45,28.0,True,4.0,
ORD00145,2026-04-13,2026-04-13 15:22:00,C0918,Restaurant_18,Panchkula,Sector 11,4,1600,30.0,20,1590,UPI,Restaurant App,Delivered,Ola Logistics,RD039,3.5,35,15.0,True,3.0,
ORD03466,2026-02-14,2026-02-14 12:05:00,C0214,Restaurant_19,Mohali,Phase 7,3,540,20.0,40,560,UPI,Website,Delivered,Shadowfax,RD025,7.7,50,33.0,True,5.0,
ORD00367,2026-05-18,2026-05-18 19:47:00,C0134,Restaurant_21,Mohali,Phase 3B2,1,180,20.0,50,210,Debit Card,Website,Delivered,Ola Logistics,RD054,5.1,45,35.0,True,3.0,
ORD03457,2026-03-04,2026-03-04 12:01:00,C0779,Restaurant_23,Mohali,Phase 5,1,400,50.0,40,390,Wallet,Website,Delivered,Ola Logistics,RD108,6.4,50,32.0,True,4.0,
ORD03970,2026-04-11,2026-04-11 07:53:00,C0878,Restaurant_15,Mohali,Sector 68,1,250,75.0,40,215,Debit Card,Restaurant App,Delivered,In-house Rider,RD049,7.3,40,45.0,False,4.0,
ORD01675,2026-05-29,2026-05-29 08:06:00,C0988,Restaurant_18,Chandigarh,Sector 35,1,150,,60,210,Cash,Restaurant App,Delivered,Shadowfax,RD145,,35,26.0,True,,
ORD02307,2026-05-18,2026-05-18 14:05:00,C1057,Restaurant_10,Mohali,Phase 7,3,750,0.0,30,780,Debit Card,Website,Delivered,In-house Rider,RD133,1.4,40,16.0,True,5.0,
ORD03822,2026-06-22,2026-06-22 13:41:00,C0525,Restaurant_11,Mohali,Sector 68,2,440,0.0,25,465,Wallet,Restaurant App,Cancelled,Not Assigned,Not Assigned,7.9,40,,,,Customer Cancelled
ORD02226,2026-04-06,2026-04-06 00:20:00,C0243,Restaurant_22,Chandigarh,Sector 34,1,350,20.0,60,390,Debit Card,Restaurant App,Delivered,Shiprocket,RD073,4.2,50,31.0,True,4.0,
ORD03665,2026-05-29,2026-05-29 16:32:00,C1181,Restaurant_16,Chandigarh,Sector 22,1,150,20.0,20,150,Debit Card,Website,Delivered,In-house Rider,RD082,4.7,40,33.0,True,4.0,
ORD00238,2026-04-08,2026-04-08 17:30:00,C0431,Restaurant_19,Panchkula,Sector 11,5,1600,20.0,50,1630,Debit Card,Website,Delivered,In-house Rider,RD053,5.8,45,34.0,True,5.0,
ORD01019,2026-03-31,2026-03-31 22:51:00,C0723,Restaurant_21,Mohali,Phase 5,1,280,100.0,20,200,Credit Card,Restaurant App,Delivered,In-house Rider,RD026,4.7,35,35.0,True,3.0,
ORD03828,2026-02-27,2026-02-27 08:29:00,C0170,Restaurant_04,Chandigarh,Sector 34,2,240,75.0,25,190,Debit Card,Restaurant App,Delivered,Shadowfax,RD111,4.8,45,43.0,True,5.0,
ORD02583,2026-01-30,2026-01-30 22:59:00,C0205,Restaurant_23,Panchkula,Sector 5,2,500,0.0,50,550,UPI,Website,Delivered,Shiprocket,RD077,4.0,30,27.0,True,4.0,
ORD01146,2026-06-12,2026-06-12 02:04:00,C0995,Restaurant_01,Mohali,Phase 7,3,540,100.0,20,460,Wallet,Website,Delivered,In-house Rider,RD037,1.4,35,11.0,True,4.0,
ORD03057,2026-02-01,2026-02-01 06:38:00,C0984,Restaurant_11,Panchkula,Sector 11,3,540,20.0,25,545,Cash,Website,Delivered,In-house Rider,RD085,4.8,50,37.0,True,5.0,
ORD00306,2026-02-01,2026-02-01 02:58:00,C1027,Restaurant_14,Panchkula,Sector 5,3,360,30.0,25,355,Wallet,Restaurant App,Delivered,Ola Logistics,RD001,5.3,40,34.0,True,4.0,
ORD03127,2026-05-07,2026-05-07 16:24:00,C0848,Restaurant_11,Chandigarh,Manimajra,2,800,30.0,20,790,Debit Card,Website,Delivered,Ola Logistics,RD124,8.5,35,40.0,False,3.0,
ORD01454,2026-03-28,2026-03-28 16:26:00,C0375,Restaurant_16,Mohali,Phase 3B2,4,1120,0.0,30,1150,Cash,Restaurant App,Delivered,In-house Rider,RD012,7.2,50,33.0,True,4.0,
ORD03657,2026-05-12,2026-05-12 23:54:00,C0011,Restaurant_04,Panchkula,Sector 11,3,540,30.0,20,530,Debit Card,Website,Delivered,In-house Rider,RD087,3.2,45,19.0,True,3.0,
ORD01496,2026-03-27,2026-03-27 16:27:00,C0346,Restaurant_02,Panchkula,Sector 8,5,1600,0.0,40,1640,Credit Card,Restaurant App,Delivered,In-house Rider,RD043,3.6,35,25.0,True,5.0,
ORD00890,2026-05-31,2026-05-31 17:33:00,C0382,Restaurant_05,Panchkula,Sector 5,5,1250,100.0,50,1200,Cash,Restaurant App,Delivered,In-house Rider,RD075,5.8,40,42.0,False,,
ORD03700,2026-04-25,2026-04-25 06:38:00,C0079,Restaurant_11,Panchkula,Sector 8,5,750,75.0,20,695,Wallet,Website,Delivered,Ola Logistics,RD001,3.5,35,24.0,True,5.0,
ORD01481,2026-02-17,2026-02-17 07:06:00,C0392,Restaurant_09,Mohali,Sector 68,5,750,0.0,20,770,Credit Card,Website,Delivered,Shiprocket,RD073,2.9,30,27.0,True,1.0,
ORD03838,2026-01-22,2026-01-22 05:51:00,C0005,Restaurant_14,Mohali,Phase 5,2,240,50.0,50,240,UPI,Restaurant App,Delivered,In-house Rider,RD058,6.0,30,23.0,True,5.0,
ORD01514,2026-03-13,2026-03-13 02:55:00,C0758,Restaurant_22,Panchkula,Sector 15,2,240,0.0,20,260,UPI,Restaurant App,Cancelled,Not Assigned,Not Assigned,6.4,45,,,,Customer Cancelled
ORD00654,2026-06-03,2026-06-03 07:29:00,C0541,Restaurant_09,Chandigarh,Sector 35,3,450,75.0,40,415,UPI,Restaurant App,Delivered,In-house Rider,RD022,7.0,40,70.0,False,3.0,
ORD01501,2026-04-12,2026-04-12 19:43:00,C0682,Restaurant_14,Panchkula,Sector 8,4,880,75.0,20,825,Debit Card,Restaurant App,Delivered,Ola Logistics,RD138,6.6,40,32.0,True,5.0,
ORD00631,2026-03-22,2026-03-22 09:37:00,C0160,Restaurant_04,Chandigarh,Sector 17,1,180,75.0,25,130,UPI,Restaurant App,Delivered,In-house Rider,RD128,4.6,45,33.0,True,2.0,
ORD01235,2026-02-21,2026-02-21 21:38:00,C0460,Restaurant_18,Mohali,Sector 68,5,1100,100.0,40,1040,Wallet,Restaurant App,Failed,Not Assigned,Not Assigned,6.4,30,,,,Restaurant Delay
ORD02595,2026-02-10,2026-02-10 00:49:00,C0749,Restaurant_06,Mohali,Phase 5,2,700,0.0,60,760,Debit Card,Restaurant App,Delivered,Shadowfax,RD024,5.7,30,29.0,True,3.0,
ORD01579,2026-02-20,2026-02-20 00:35:00,C0918,Restaurant_15,Chandigarh,Manimajra,5,1100,0.0,60,1160,Credit Card,Restaurant App,Delivered,In-house Rider,RD077,6.7,35,43.0,False,5.0,
ORD01804,2026-01-02,2026-01-02 09:50:00,C0480,Restaurant_09,Chandigarh,Sector 22,2,360,75.0,20,305,Debit Card,Website,Delivered,In-house Rider,RD010,3.6,45,28.0,True,4.0,
ORD02568,2026-01-03,2026-01-03 15:56:00,C0669,Restaurant_02,Mohali,Sector 68,5,900,0.0,40,940,Debit Card,Website,Delivered,In-house Rider,RD035,2.2,40,32.0,True,5.0,
ORD03317,2026-03-25,2026-03-25 16:01:00,C0972,Restaurant_05,Mohali,Phase 5,4,600,0.0,40,640,UPI,Website,Delivered,In-house Rider,RD050,5.5,45,35.0,True,2.0,
ORD02493,2026-03-27,2026-03-27 12:39:00,C1110,Restaurant_04,Mohali,Sector 68,2,440,0.0,25,465,Debit Card,Restaurant App,Delivered,Shiprocket,RD051,7.6,50,41.0,True,4.0,
ORD01104,2026-03-29,2026-03-29 08:59:00,C0795,Restaurant_20,Panchkula,Sector 8,5,1400,0.0,40,1440,Credit Card,Website,Failed,Not Assigned,Not Assigned,3.7,40,,,,Address Issue
ORD00567,2026-04-12,2026-04-12 09:40:00,C1090,Restaurant_11,Chandigarh,Sector 34,4,1280,0.0,50,1330,Debit Card,Website,Delivered,In-house Rider,RD078,4.6,45,15.0,True,5.0,
ORD01662,2026-04-12,2026-04-12 07:34:00,C0306,Restaurant_20,Panchkula,Sector 15,5,750,20.0,40,770,Cash,Website,Delivered,In-house Rider,RD109,4.4,35,74.0,False,4.0,
ORD02765,2026-06-16,2026-06-16 13:45:00,C0424,Restaurant_12,Chandigarh,Sector 35,1,250,100.0,25,175,UPI,Restaurant App,Delivered,In-house Rider,RD082,5.6,30,34.0,False,2.0,
ORD03007,2026-04-18,2026-04-18 17:11:00,C0561,Restaurant_21,Chandigarh,Manimajra,1,180,0.0,50,230,Wallet,Website,Delivered,Shiprocket,RD029,4.6,30,40.0,False,4.0,
ORD01612,2026-06-12,2026-06-12 20:55:00,C1048,Restaurant_24,Panchkula,Sector 15,3,840,20.0,20,840,Cash,Website,Delivered,In-house Rider,RD150,5.4,45,87.0,False,2.0,
ORD04000,2026-05-10,2026-05-10 08:55:00,C0116,Restaurant_25,Panchkula,Sector 8,2,800,75.0,30,755,Wallet,Website,Delivered,In-house Rider,RD099,7.7,40,32.0,True,3.0,
ORD00569,2026-03-09,2026-03-09 14:06:00,C1125,Restaurant_06,Chandigarh,Sector 35,4,1400,30.0,40,1410,Cash,Website,Cancelled,Not Assigned,Not Assigned,4.7,45,,,,Payment Failed
ORD02038,2026-05-24,2026-05-24 19:05:00,C1012,Restaurant_19,Chandigarh,Sector 34,1,250,50.0,30,230,Credit Card,Restaurant App,Cancelled,Not Assigned,Not Assigned,0.0,40,,,,Rider Unavailable
ORD01570,2026-06-06,2026-06-06 20:07:00,C0873,Restaurant_13,Panchkula,Sector 15,1,250,20.0,30,260,Wallet,Website,Delivered,In-house Rider,RD137,4.7,50,28.0,True,5.0,
ORD00826,2026-01-11,2026-01-11 06:31:00,C0022,Restaurant_15,Chandigarh,Sector 34,4,720,100.0,25,645,UPI,Website,Delivered,In-house Rider,RD071,4.5,30,22.0,True,4.0,
ORD01160,2026-06-09,2026-06-09 17:55:00,C0422,Restaurant_18,Panchkula,Sector 5,4,880,30.0,20,870,UPI,Restaurant App,Delivered,In-house Rider,RD091,1.6,40,22.0,True,5.0,
ORD03570,2026-01-10,2026-01-10 21:49:00,C0139,Restaurant_15,Panchkula,Sector 8,1,120,50.0,30,100,UPI,Restaurant App,Failed,Not Assigned,Not Assigned,7.0,40,,,,Payment Failed
ORD01352,2026-05-04,2026-05-04 18:32:00,C0074,Restaurant_09,Mohali,Sector 68,3,540,20.0,40,560,Credit Card,Restaurant App,Failed,Not Assigned,Not Assigned,6.1,40,,,,Customer Cancelled
ORD00223,2026-01-30,2026-01-30 15:01:00,C1185,Restaurant_19,Chandigarh,Manimajra,1,150,0.0,60,210,Debit Card,Restaurant App,Delivered,Shadowfax,RD074,3.3,40,29.0,True,4.0,
ORD01797,2026-06-10,2026-06-10 12:48:00,C0745,Restaurant_04,Mohali,Phase 5,5,600,30.0,50,620,Credit Card,Website,Delivered,Shadowfax,RD060,5.3,30,40.0,False,5.0,
ORD01143,2026-04-12,2026-04-12 00:12:00,C0907,Restaurant_23,Mohali,Sector 68,4,880,100.0,50,830,UPI,Website,Delivered,In-house Rider,RD084,3.9,50,29.0,True,5.0,
ORD02090,2026-02-15,2026-02-15 17:20:00,C0806,Restaurant_21,Panchkula,Sector 15,4,1120,30.0,50,1140,UPI,Restaurant App,Delivered,In-house Rider,RD067,5.7,50,38.0,True,5.0,
ORD02799,2026-04-28,2026-04-28 08:45:00,C0918,Restaurant_07,Panchkula,Sector 11,1,350,50.0,30,330,Credit Card,Website,Delivered,Shiprocket,RD028,5.6,30,34.0,False,5.0,
ORD03721,2026-03-10,2026-03-10 03:12:00,C0860,Restaurant_08,Chandigarh,Sector 17,5,600,50.0,20,570,Cash,Website,Cancelled,Not Assigned,Not Assigned,7.3,50,,,,Rider Unavailable
ORD00900,2026-03-09,2026-03-09 04:24:00,C0365,Restaurant_25,Chandigarh,Sector 34,1,320,0.0,50,370,Debit Card,Website,Cancelled,Not Assigned,Not Assigned,6.8,45,,,,Payment Failed
ORD00250,2026-03-20,2026-03-20 15:37:00,C0330,Restaurant_20,Chandigarh,Sector 17,3,360,100.0,50,310,Wallet,Restaurant App,Delivered,Shadowfax,RD123,2.5,30,31.0,False,5.0,
ORD01805,2026-05-30,2026-05-30 16:07:00,C0733,Restaurant_07,Mohali,Phase 3B2,1,150,0.0,30,180,UPI,Website,Cancelled,Not Assigned,Not Assigned,6.4,35,,,,Customer Cancelled
ORD00462,2026-04-14,2026-04-14 17:58:00,C0617,Restaurant_13,Mohali,Sector 68,1,320,75.0,50,295,Credit Card,Website,Delivered,In-house Rider,RD069,0.8,35,11.0,True,5.0,
ORD02825,2026-02-22,2026-02-22 18:57:00,C0228,Restaurant_03,Chandigarh,Sector 34,3,750,100.0,30,680,Credit Card,Website,Failed,Not Assigned,Not Assigned,2.4,40,,,,Address Issue
ORD03252,2026-01-26,2026-01-26 02:32:00,C1002,Restaurant_22,Chandigarh,Sector 34,1,180,0.0,30,210,Wallet,Restaurant App,Delivered,In-house Rider,RD011,7.9,50,33.0,True,5.0,
ORD03639,2026-02-19,2026-02-19 14:41:00,C0032,Restaurant_18,Chandigarh,Sector 22,5,1400,75.0,40,1365,UPI,Website,Cancelled,Not Assigned,Not Assigned,0.8,40,,,,Payment Failed
ORD01964,2026-06-23,2026-06-23 01:45:00,C0517,Restaurant_09,Mohali,Sector 68,2,560,20.0,25,565,Cash,Restaurant App,Failed,Not Assigned,Not Assigned,0.5,40,,,,Rider Unavailable
ORD00889,2026-04-07,2026-04-07 17:16:00,C0073,Restaurant_18,Chandigarh,Sector 34,3,750,0.0,40,790,Wallet,Website,Delivered,In-house Rider,RD148,3.8,40,23.0,True,4.0,
ORD00712,2026-02-24,2026-02-24 19:59:00,C0789,Restaurant_18,Chandigarh,Sector 22,1,350,30.0,25,345,Wallet,Restaurant App,Delivered,In-house Rider,RD033,6.5,50,32.0,True,1.0,
ORD03114,2026-04-30,2026-04-30 07:28:00,C0769,Restaurant_04,Panchkula,Sector 15,2,800,0.0,30,830,Wallet,Website,Delivered,Shadowfax,RD054,2.5,40,19.0,True,5.0,
ORD03628,2026-02-13,2026-02-13 00:26:00,C0359,Restaurant_19,Mohali,Phase 7,5,1400,30.0,30,4500,Cash,Website,Delivered,Shadowfax,RD022,3.1,30,26.0,True,4.0,
ORD03544,2026-01-07,2026-01-07 20:39:00,C0934,Restaurant_02,Chandigarh,Sector 17,2,360,50.0,20,330,Wallet,Website,Delivered,In-house Rider,RD103,5.5,50,79.0,False,2.0,
ORD00492,2026-06-06,2026-06-06 15:59:00,C0538,Restaurant_23,Panchkula,Sector 5,5,1100,0.0,40,1140,Credit Card,Website,Delivered,Ola Logistics,RD128,4.5,30,39.0,False,5.0,
ORD00124,2026-01-13,2026-01-13 18:48:00,C0526,Restaurant_18,Chandigarh,Sector 22,4,600,100.0,20,520,UPI,Website,Delivered,Ola Logistics,RD139,4.4,40,19.0,True,5.0,
ORD02333,2026-06-21,2026-06-21 15:07:00,C0738,Restaurant_02,Chandigarh,Sector 34,5,750,0.0,30,780,Cash,Restaurant App,Delivered,Shadowfax,RD013,4.8,50,27.0,True,4.0,
ORD00618,2026-02-24,2026-02-24 11:59:00,C0882,Restaurant_23,Chandigarh,Manimajra,3,1200,50.0,25,1175,Debit Card,Website,Delivered,Ola Logistics,RD082,5.6,30,31.0,False,5.0,
ORD01562,2026-06-08,2026-06-08 04:58:00,C0508,Restaurant_24,Chandigarh,Manimajra,1,400,0.0,60,460,Cash,Website,Delivered,In-house Rider,RD051,3.4,50,28.0,True,4.0,
ORD03477,2026-02-27,2026-02-27 03:37:00,C0688,Restaurant_17,Chandigarh,Manimajra,4,480,75.0,50,455,Credit Card,Restaurant App,Delivered,In-house Rider,RD143,4.1,35,15.0,True,4.0,
ORD03335,2026-03-24,2026-03-24 17:59:00,C0213,Restaurant_14,Mohali,Sector 68,2,300,30.0,50,320,Cash,Restaurant App,Delivered,In-house Rider,RD008,4.3,50,22.0,True,5.0,
ORD01977,2026-06-04,2026-06-04 12:41:00,C0605,Restaurant_21,Panchkula,Sector 5,3,1050,0.0,60,1110,Debit Card,Website,Delivered,Shadowfax,RD090,3.2,35,31.0,True,5.0,
ORD00562,2026-06-10,2026-06-10 23:59:00,C0415,Restaurant_11,Chandigarh,Sector 34,1,400,0.0,60,460,Wallet,Website,Delivered,Shadowfax,RD142,5.1,50,38.0,True,5.0,
ORD01698,2026-03-17,2026-03-17 12:04:00,C0697,Restaurant_06,Mohali,Phase 7,5,1250,50.0,60,1260,Credit Card,Website,Delivered,Shadowfax,RD108,2.1,50,15.0,True,5.0,
ORD00765,2026-04-30,2026-04-30 22:20:00,C0952,Restaurant_09,Chandigarh,Sector 17,1,280,0.0,50,330,Debit Card,Restaurant App,Delivered,Ola Logistics,RD044,5.4,50,21.0,True,5.0,
ORD02155,2026-06-19,2026-06-19 20:10:00,C0668,Restaurant_16,Chandigarh,Sector 17,1,180,20.0,25,185,Cash,Restaurant App,Failed,Not Assigned,Not Assigned,5.5,30,,,,Address Issue
ORD00696,2026-02-03,2026-02-03 00:01:00,C0301,Restaurant_02,Panchkula,Sector 11,1,180,75.0,60,165,Cash,Website,Failed,Not Assigned,Not Assigned,2.9,30,,,,Payment Failed
ORD01267,2026-06-24,2026-06-24 15:51:00,C0532,Restaurant_08,Panchkula,Sector 11,4,1000,20.0,60,1040,Wallet,Website,Delivered,Shadowfax,RD001,5.2,30,38.0,False,5.0,
ORD01951,2026-04-13,2026-04-13 02:08:00,C0312,Restaurant_12,Chandigarh,Sector 22,4,880,50.0,40,870,Credit Card,Website,Delivered,In-house Rider,RD091,5.2,50,24.0,True,5.0,
ORD03369,2026-04-17,2026-04-17 08:31:00,C0379,Restaurant_04,Mohali,Phase 5,5,1400,0.0,50,1450,Wallet,Website,Delivered,In-house Rider,RD062,4.3,45,32.0,True,5.0,
ORD03545,2026-02-26,2026-02-26 07:08:00,C0533,Restaurant_05,Chandigarh,Sector 35,2,300,100.0,60,260,UPI,Restaurant App,Delivered,Shadowfax,RD068,4.2,35,16.0,True,2.0,
ORD02299,2026-04-16,2026-04-16 17:25:00,C0894,Restaurant_16,Mohali,Sector 68,4,600,0.0,40,640,Wallet,Restaurant App,Delivered,Shadowfax,RD055,8.9,40,48.0,False,4.0,
ORD02203,2026-03-22,2026-03-22 19:59:00,C0526,Restaurant_08,Panchkula,Sector 5,3,360,30.0,60,390,Credit Card,Website,Delivered,Shiprocket,RD053,6.0,30,32.0,False,5.0,
ORD02020,2026-03-17,2026-03-17 01:16:00,C0234,Restaurant_12,Mohali,Phase 3B2,1,220,75.0,40,185,Debit Card,Website,Delivered,Ola Logistics,RD058,5.0,45,20.0,True,5.0,
ORD02839,2026-05-12,2026-05-12 10:21:00,C1109,Restaurant_04,Panchkula,Sector 8,3,450,20.0,25,455,Cash,Restaurant App,Delivered,Shadowfax,RD016,1.0,45,19.0,True,5.0,
ORD00358,2026-01-22,2026-01-22 04:07:00,C0641,Restaurant_15,Chandigarh,Sector 17,4,1400,0.0,40,1440,Wallet,Website,Delivered,Shiprocket,RD113,9.3,50,36.0,True,3.0,
ORD02930,2026-03-22,2026-03-22 21:04:00,C0215,Restaurant_25,Chandigarh,Sector 35,4,600,0.0,25,625,UPI,Website,Delivered,In-house Rider,RD045,6.5,35,30.0,True,5.0,
ORD02672,2026-04-01,2026-04-01 12:06:00,C0068,Restaurant_10,Chandigarh,Sector 17,5,1400,0.0,50,1450,Wallet,Website,Delivered,In-house Rider,RD034,4.9,35,25.0,True,2.0,
ORD02513,2026-03-25,2026-03-25 07:58:00,C0927,Restaurant_19,Panchkula,Sector 11,1,250,100.0,20,170,UPI,Restaurant App,Delivered,In-house Rider,RD110,9.3,50,47.0,True,4.0,
ORD02706,2026-04-09,2026-04-09 01:02:00,C0673,Restaurant_18,Chandigarh,Manimajra,1,400,75.0,20,345,UPI,Restaurant App,Cancelled,Not Assigned,Not Assigned,3.9,50,,,,Address Issue
ORD00311,2026-01-02,2026-01-02 15:20:00,C0311,Restaurant_10,Mohali,Phase 3B2,5,1100,0.0,30,1130,Credit Card,Website,Delivered,Ola Logistics,RD131,4.0,35,29.0,True,5.0,
ORD03161,2026-03-26,2026-03-26 09:50:00,C0604,Restaurant_19,Chandigarh,Sector 35,3,360,50.0,20,330,Debit Card,Website,Delivered,Ola Logistics,RD111,4.6,35,18.0,True,5.0,
ORD01308,2026-03-26,2026-03-26 02:36:00,C1148,Restaurant_20,Panchkula,Sector 5,2,560,50.0,40,550,UPI,Website,Delivered,Shadowfax,RD042,5.5,30,43.0,False,5.0,
ORD00128,2026-03-24,2026-03-24 16:04:00,C0820,Restaurant_09,Chandigarh,Sector 35,5,600,0.0,50,650,Wallet,Restaurant App,Delivered,In-house Rider,RD045,2.2,45,18.0,True,5.0,
ORD03067,2026-04-30,2026-04-30 08:47:00,C0260,Restaurant_08,Panchkula,Sector 11,5,1600,0.0,30,1630,Debit Card,Restaurant App,Delivered,In-house Rider,RD020,4.9,45,29.0,True,5.0,
ORD01831,2026-03-10,2026-03-10 16:58:00,C0170,Restaurant_04,Panchkula,Sector 15,1,180,0.0,50,230,UPI,Restaurant App,Delivered,Shadowfax,RD145,7.3,40,38.0,True,4.0,
ORD03349,2026-04-23,2026-04-23 06:24:00,C0847,Restaurant_09,Chandigarh,Sector 35,3,960,20.0,40,980,UPI,Website,Delivered,In-house Rider,RD013,1.8,35,30.0,True,3.0,
ORD00660,2026-03-13,2026-03-13 02:36:00,C1085,Restaurant_09,Mohali,Phase 5,3,540,30.0,40,550,UPI,Website,Delivered,Shiprocket,RD025,5.8,35,34.0,True,5.0,
ORD02623,2026-03-17,2026-03-17 22:50:00,C1179,Restaurant_12,Chandigarh,Sector 17,1,150,30.0,30,150,Debit Card,Restaurant App,Delivered,In-house Rider,RD040,2.5,30,16.0,True,3.0,
ORD01674,2026-01-31,2026-01-31 17:51:00,C0803,Restaurant_15,Panchkula,Sector 11,2,700,0.0,25,725,Debit Card,Restaurant App,Delivered,Shadowfax,RD097,9.3,35,37.0,False,5.0,
ORD03642,2026-01-25,2026-01-25 20:12:00,C0274,Restaurant_13,Chandigarh,Manimajra,2,800,20.0,25,805,Wallet,Website,Cancelled,Not Assigned,Not Assigned,0.9,35,,,,Address Issue
ORD01531,2026-01-31,2026-01-31 09:25:00,C0479,Restaurant_04,Mohali,Sector 68,5,1400,100.0,20,1320,UPI,Website,Delivered,In-house Rider,RD128,9.8,50,40.0,True,1.0,
ORD03234,2026-03-18,2026-03-18 00:16:00,C0973,Restaurant_21,Mohali,Sector 68,3,450,30.0,50,470,Credit Card,Restaurant App,Delivered,In-house Rider,RD049,5.8,40,26.0,True,5.0,
ORD00044,2026-02-20,2026-02-20 08:05:00,C0083,Restaurant_14,Mohali,Phase 3B2,2,440,0.0,20,460,UPI,Restaurant App,Delivered,In-house Rider,RD115,7.6,45,31.0,True,5.0,
ORD03412,2026-03-22,2026-03-22 07:58:00,C0619,Restaurant_08,Panchkula,Sector 15,3,660,30.0,40,670,Cash,Restaurant App,Delivered,In-house Rider,RD088,3.6,35,19.0,True,5.0,
ORD02262,2026-02-06,2026-02-06 03:22:00,C0507,Restaurant_08,Chandigarh,Sector 35,3,450,0.0,25,475,Cash,Restaurant App,Delivered,Shadowfax,RD033,2.8,50,22.0,True,5.0,
ORD03940,2026-02-17,2026-02-17 10:56:00,C0554,Restaurant_23,Chandigarh,Manimajra,5,1600,30.0,25,1595,Cash,Restaurant App,Delivered,Shadowfax,RD117,4.1,40,21.0,True,5.0,
ORD03619,2026-05-25,2026-05-25 12:12:00,C0765,Restaurant_08,Panchkula,Sector 5,3,540,100.0,20,460,Wallet,Website,Delivered,In-house Rider,RD137,2.9,40,25.0,True,5.0,
ORD01793,2026-01-22,2026-01-22 10:15:00,C0216,Restaurant_05,Mohali,Sector 68,4,1400,75.0,25,1350,Cash,Restaurant App,Failed,Not Assigned,Not Assigned,2.8,35,,,,Payment Failed
ORD01741,2026-05-24,2026-05-24 15:01:00,C1177,Restaurant_12,Mohali,Sector 68,3,750,0.0,50,800,Wallet,Restaurant App,Delivered,Shadowfax,RD068,7.2,30,32.0,False,4.0,
ORD03547,2026-01-14,2026-01-14 22:46:00,C0111,Restaurant_08,Chandigarh,Manimajra,3,360,0.0,60,420,Debit Card,Website,Delivered,In-house Rider,RD028,9.8,50,47.0,True,5.0,
ORD02250,2026-01-03,2026-01-03 07:31:00,C0694,Restaurant_19,Mohali,Phase 3B2,3,540,0.0,20,560,Debit Card,Restaurant App,Delivered,In-house Rider,RD023,5.9,50,37.0,True,5.0,
ORD01419,2026-06-05,2026-06-05 11:45:00,C0053,Restaurant_09,Chandigarh,Sector 34,4,1000,0.0,25,1025,Wallet,Website,Delivered,Shadowfax,RD098,4.9,35,34.0,True,5.0,
ORD01546,2026-02-28,2026-02-28 06:30:00,C0018,Restaurant_23,Mohali,Phase 3B2,1,280,0.0,30,310,Debit Card,Restaurant App,Delivered,Ola Logistics,RD080,1.7,35,24.0,True,5.0,
ORD02364,2026-01-24,2026-01-24 10:55:00,C0407,Restaurant_24,Chandigarh,Manimajra,3,1200,50.0,40,1190,Wallet,Website,Delivered,In-house Rider,RD082,4.1,40,25.0,True,4.0,
ORD02893,2026-03-21,2026-03-21 14:10:00,C0716,Restaurant_22,Chandigarh,Sector 17,5,750,75.0,25,700,UPI,Website,Delivered,Shadowfax,RD122,7.7,40,43.0,False,4.0,
ORD01004,2026-05-11,2026-05-11 05:45:00,C0858,Restaurant_21,Mohali,Sector 68,5,2000,0.0,20,2020,Credit Card,Website,Delivered,In-house Rider,RD150,5.3,45,31.0,True,5.0,
ORD03554,2026-01-09,2026-01-09 15:37:00,C0006,Restaurant_23,Chandigarh,Sector 34,2,800,50.0,50,800,Cash,Website,Delivered,Shadowfax,RD117,4.0,35,29.0,True,4.0,
ORD01843,2026-05-10,2026-05-10 12:16:00,C0251,Restaurant_13,Panchkula,Sector 15,4,880,100.0,40,820,UPI,Website,Delivered,In-house Rider,RD068,5.7,40,32.0,True,5.0,
ORD03348,2026-04-29,2026-04-29 11:05:00,C1143,Restaurant_17,Mohali,Sector 68,4,1120,0.0,60,1180,Cash,Restaurant App,Failed,Not Assigned,Not Assigned,5.3,35,,,,Rider Unavailable
ORD03673,2026-02-08,2026-02-08 12:27:00,C0936,Restaurant_03,Chandigarh,Sector 17,1,120,20.0,25,125,UPI,Website,Failed,Not Assigned,Not Assigned,0.8,35,,,,Customer Cancelled
ORD02042,2026-03-24,2026-03-24 02:12:00,C0901,Restaurant_10,Mohali,Phase 3B2,5,1600,100.0,20,1520,Credit Card,Restaurant App,Delivered,In-house Rider,RD014,4.5,50,72.0,False,4.0,
ORD01184,2026-06-16,2026-06-16 01:50:00,C0303,Restaurant_11,Mohali,Phase 3B2,2,560,0.0,50,610,Credit Card,Restaurant App,Failed,Not Assigned,Not Assigned,2.5,50,,,,Rider Unavailable
ORD00366,2026-03-12,2026-03-12 07:36:00,C0415,Restaurant_10,Chandigarh,Manimajra,2,500,30.0,50,520,Debit Card,Restaurant App,Failed,Not Assigned,Not Assigned,6.1,30,,,,Restaurant Delay
ORD01921,2026-06-07,2026-06-07 19:16:00,C0915,Restaurant_14,Chandigarh,Sector 34,3,450,50.0,20,420,UPI,Restaurant App,Delivered,In-house Rider,RD087,7.0,50,44.0,True,5.0,
ORD03630,2026-01-30,2026-01-30 04:36:00,C0511,Restaurant_06,Chandigarh,Sector 17,4,1400,0.0,30,1430,UPI,Website,Delivered,In-house Rider,RD008,2.3,35,22.0,True,4.0,
ORD02593,2026-02-08,2026-02-08 03:09:00,C0629,Restaurant_18,Mohali,Phase 3B2,1,120,0.0,50,170,Cash,Restaurant App,Failed,Not Assigned,Not Assigned,4.5,50,,,,Payment Failed
ORD03368,2026-05-21,2026-05-21 10:52:00,C0129,Restaurant_16,Panchkula,Sector 8,2,240,0.0,30,270,UPI,Website,Delivered,Shiprocket,RD072,4.6,30,30.0,True,3.0,
ORD02324,2026-05-10,2026-05-10 17:31:00,C0870,Restaurant_19,Mohali,Phase 7,2,300,30.0,60,330,Credit Card,Website,Delivered,Shadowfax,RD090,4.4,35,26.0,True,3.0,
ORD01839,2026-04-05,2026-04-05 05:44:00,C1065,Restaurant_13,Chandigarh,Sector 17,5,1750,50.0,40,1740,Wallet,Restaurant App,Delivered,Shiprocket,RD118,5.6,35,27.0,True,5.0,
ORD01917,2026-05-12,2026-05-12 05:50:00,C0153,Restaurant_03,Mohali,Sector 68,3,660,75.0,30,615,Credit Card,Website,Delivered,In-house Rider,RD007,8.0,45,35.0,True,5.0,
ORD01495,2026-03-03,2026-03-03 14:53:00,C1184,Restaurant_08,Chandigarh,Sector 17,2,300,30.0,50,320,Credit Card,Restaurant App,Delivered,In-house Rider,RD068,5.2,40,35.0,True,4.0,
ORD03953,2026-02-05,2026-02-05 07:11:00,C0457,Restaurant_02,Panchkula,Sector 8,2,240,30.0,40,250,Credit Card,Website,Delivered,In-house Rider,RD019,5.6,35,38.0,False,,
ORD01151,2026-02-28,2026-02-28 17:51:00,C0785,Restaurant_18,Mohali,Sector 68,5,2000,75.0,40,1965,Wallet,Restaurant App,Delivered,In-house Rider,RD028,2.1,45,24.0,True,5.0,
ORD02485,2026-04-29,2026-04-29 10:23:00,C0829,Restaurant_02,Panchkula,Sector 15,4,600,0.0,60,660,Credit Card,Website,Failed,Not Assigned,Not Assigned,8.0,40,,,,Payment Failed
ORD01285,2026-02-25,2026-02-25 18:52:00,C0806,Restaurant_20,Mohali,Phase 5,3,1050,30.0,25,1045,Wallet,Restaurant App,Delivered,In-house Rider,RD098,1.0,40,18.0,True,5.0,
ORD01599,2026-05-22,2026-05-22 08:26:00,C0002,Restaurant_23,Panchkula,Sector 11,5,900,0.0,40,940,UPI,Restaurant App,Delivered,Shadowfax,RD101,4.4,40,24.0,True,5.0,
ORD03121,2026-06-10,2026-06-10 18:07:00,C0726,Restaurant_01,Chandigarh,Sector 34,3,1200,0.0,20,1220,Credit Card,Website,Delivered,Ola Logistics,RD096,8.3,45,35.0,True,5.0,
ORD01314,2026-02-15,2026-02-15 19:10:00,C0825,Restaurant_13,Chandigarh,Sector 22,4,1280,0.0,25,1305,Cash,Restaurant App,Delivered,In-house Rider,RD113,6.8,45,30.0,True,5.0,
ORD01959,2026-06-03,2026-06-03 08:41:00,C0720,Restaurant_12,Mohali,Phase 7,4,1600,0.0,25,1625,Debit Card,Website,Delivered,Shadowfax,RD079,1.3,40,25.0,True,5.0,
ORD00483,2026-02-01,2026-02-01 21:19:00,C0279,Restaurant_15,Chandigarh,Sector 17,3,450,50.0,20,420,Debit Card,Restaurant App,Delivered,Ola Logistics,RD013,5.0,30,24.0,True,4.0,
ORD02128,2026-01-26,2026-01-26 07:02:00,C1116,Restaurant_22,Chandigarh,Sector 35,1,180,50.0,50,180,UPI,Restaurant App,Delivered,In-house Rider,RD114,6.6,35,28.0,True,5.0,
ORD02987,2026-01-07,2026-01-07 22:24:00,C0596,Restaurant_24,Panchkula,Sector 15,2,560,0.0,40,600,Wallet,Restaurant App,Delivered,In-house Rider,RD080,5.3,35,37.0,False,5.0,
ORD02283,2026-03-05,2026-03-05 05:29:00,C0982,Restaurant_05,Panchkula,Sector 8,1,250,50.0,60,260,Cash,Restaurant App,Delivered,In-house Rider,RD027,2.8,40,28.0,True,5.0,
ORD02647,2026-02-03,2026-02-03 18:22:00,C0802,Restaurant_04,Chandigarh,Sector 17,5,1400,20.0,40,1420,Cash,Restaurant App,Delivered,Shadowfax,RD007,6.5,45,31.0,True,5.0,
ORD01955,2026-05-11,2026-05-11 13:23:00,C0705,Restaurant_25,Panchkula,Sector 5,4,1280,0.0,60,1340,Cash,Website,Delivered,Shiprocket,RD074,4.3,30,24.0,True,2.0,
ORD00903,2026-06-05,2026-06-05 07:34:00,C1002,Restaurant_23,Mohali,Phase 7,2,560,0.0,25,585,Credit Card,Website,Delivered,Ola Logistics,RD092,5.1,40,32.0,True,1.0,
ORD02496,2026-06-18,2026-06-18 21:09:00,C0587,Restaurant_08,Chandigarh,Manimajra,1,350,0.0,50,400,Debit Card,Website,Delivered,In-house Rider,RD116,7.1,50,47.0,True,5.0,
ORD03056,2026-04-04,2026-04-04 12:38:00,C0916,Restaurant_19,Panchkula,Sector 11,2,300,20.0,25,305,UPI,Website,Delivered,In-house Rider,RD053,2.9,30,25.0,True,5.0,
ORD01779,2026-06-25,2026-06-25 09:27:00,C1155,Restaurant_09,Chandigarh,Sector 35,4,1280,100.0,50,1230,Cash,Website,Delivered,In-house Rider,RD071,7.2,40,28.0,True,3.0,
ORD00832,2026-06-14,2026-06-14 23:43:00,C0895,Restaurant_22,Panchkula,Sector 8,5,600,100.0,20,520,Cash,Website,Delivered,In-house Rider,RD069,5.1,45,23.0,True,5.0,
ORD01364,2026-01-27,2026-01-27 11:05:00,C0247,Restaurant_20,Chandigarh,Sector 35,3,750,0.0,25,775,UPI,Website,Delivered,In-house Rider,RD027,0.8,35,10.0,True,5.0,
ORD02180,2026-05-20,2026-05-20 10:32:00,C0192,Restaurant_09,Chandigarh,Sector 22,2,800,20.0,30,810,UPI,Restaurant App,Delivered,Shadowfax,RD005,6.6,40,28.0,True,4.0,
ORD03433,2026-02-09,2026-02-09 01:15:00,C0507,Restaurant_06,Panchkula,Sector 8,1,120,0.0,40,160,Debit Card,Website,Delivered,In-house Rider,RD103,5.8,35,26.0,True,4.0,
ORD00650,2026-04-08,2026-04-08 14:35:00,C0427,Restaurant_10,Mohali,Phase 3B2,1,180,30.0,50,200,Credit Card,Website,Delivered,Shiprocket,RD098,5.5,45,31.0,True,3.0,
ORD00328,2026-06-01,2026-06-01 20:13:00,C0626,Restaurant_19,Chandigarh,Manimajra,5,900,0.0,20,920,Wallet,Restaurant App,Delivered,Ola Logistics,RD048,7.5,50,95.0,False,4.0,
ORD02273,2026-03-23,2026-03-23 17:00:00,C0504,Restaurant_20,Panchkula,Sector 8,2,560,0.0,40,600,UPI,Restaurant App,Failed,Not Assigned,Not Assigned,7.2,45,,,,Customer Cancelled
ORD03710,2026-03-01,2026-03-01 19:25:00,C0234,Restaurant_03,Chandigarh,Sector 22,3,1050,0.0,60,1110,Cash,Restaurant App,Delivered,Shadowfax,RD140,0.8,45,21.0,True,4.0,
ORD03040,2026-04-25,2026-04-25 00:58:00,C0691,Restaurant_21,Mohali,Phase 7,1,180,20.0,60,220,Wallet,Restaurant App,Delivered,In-house Rider,RD066,7.1,30,34.0,False,5.0,
ORD01126,2026-02-14,2026-02-14 11:25:00,C0647,Restaurant_11,Panchkula,Sector 11,2,500,50.0,20,470,Cash,Website,Delivered,Shadowfax,RD108,6.0,35,41.0,False,5.0,
ORD01509,2026-02-23,2026-02-23 14:43:00,C1067,Restaurant_09,Chandigarh,Sector 35,1,220,100.0,30,150,Wallet,Website,Delivered,Shiprocket,RD068,9.5,40,33.0,True,4.0,
ORD00301,2026-04-15,2026-04-15 07:49:00,C0272,Restaurant_17,Chandigarh,Sector 17,4,880,75.0,60,865,Wallet,Website,Delivered,In-house Rider,RD038,1.3,40,17.0,True,5.0,
ORD01048,2026-04-12,2026-04-12 02:33:00,C0635,Restaurant_09,Mohali,Phase 7,4,880,0.0,50,930,Wallet,Website,Delivered,In-house Rider,RD075,4.2,45,20.0,True,4.0,
ORD00261,2026-05-06,2026-05-06 00:45:00,C0738,Restaurant_16,Panchkula,Sector 5,4,1000,0.0,20,1020,Wallet,Website,Delivered,Ola Logistics,RD131,5.3,40,23.0,True,5.0,
ORD02272,2026-01-04,2026-01-04 15:33:00,C0441,Restaurant_07,Panchkula,Sector 8,5,2000,0.0,50,2050,UPI,Restaurant App,Delivered,In-house Rider,RD132,4.8,50,35.0,True,5.0,
ORD03119,2026-06-08,2026-06-08 08:09:00,C0483,Restaurant_11,Chandigarh,Sector 35,5,1600,100.0,50,1550,Credit Card,Website,Delivered,Shiprocket,RD018,1.9,50,12.0,True,5.0,
ORD01909,2026-01-17,2026-01-17 07:01:00,C0274,Restaurant_15,Panchkula,Sector 5,2,640,0.0,20,660,Cash,Restaurant App,Delivered,Shiprocket,RD042,2.8,35,19.0,True,4.0,
ORD01080,2026-03-22,2026-03-22 00:02:00,C0504,Restaurant_10,Panchkula,Sector 11,5,1600,75.0,20,1545,Credit Card,Website,Delivered,In-house Rider,RD061,2.9,35,20.0,True,3.0,
ORD00480,2026-04-27,2026-04-27 21:39:00,C0351,Restaurant_08,Chandigarh,Sector 34,5,1600,50.0,20,1570,Credit Card,Restaurant App,Delivered,In-house Rider,RD048,2.5,50,23.0,True,4.0,
ORD03406,2026-04-16,2026-04-16 02:23:00,C0715,Restaurant_05,Mohali,Phase 7,3,660,20.0,60,700,UPI,Restaurant App,Delivered,Ola Logistics,RD027,5.1,40,20.0,True,4.0,
ORD01340,2026-01-11,2026-01-11 16:56:00,C0163,Restaurant_11,Mohali,Phase 7,2,300,75.0,20,245,Credit Card,Restaurant App,Delivered,In-house Rider,RD047,2.2,45,20.0,True,4.0,
ORD02424,2026-03-08,2026-03-08 13:56:00,C1170,Restaurant_12,Panchkula,Sector 8,3,1050,0.0,30,1080,UPI,Website,Delivered,Shadowfax,RD003,3.0,30,12.0,True,5.0,
ORD00513,2026-05-21,2026-05-21 23:54:00,C0887,Restaurant_01,Chandigarh,Manimajra,5,2000,50.0,30,1980,Wallet,Website,Delivered,In-house Rider,RD094,4.1,50,67.0,False,2.0,
ORD00871,2026-02-28,2026-02-28 03:22:00,C0128,Restaurant_15,Chandigarh,Sector 22,4,1000,0.0,50,1050,Debit Card,Restaurant App,Delivered,Shadowfax,RD023,6.6,35,34.0,True,4.0,
ORD03491,2026-02-06,2026-02-06 14:16:00,C0436,Restaurant_15,Chandigarh,Sector 35,2,800,75.0,40,765,Cash,Website,Delivered,Shiprocket,RD027,3.7,50,28.0,True,5.0,
ORD02460,2026-05-29,2026-05-29 14:35:00,C0061,Restaurant_01,Chandigarh,Sector 34,5,1100,0.0,20,1120,Wallet,Website,Delivered,In-house Rider,RD149,3.7,45,27.0,True,5.0,
ORD03245,2026-01-12,2026-01-12 13:06:00,C0407,Restaurant_03,Panchkula,Sector 5,1,150,20.0,25,155,Cash,Restaurant App,Delivered,In-house Rider,RD001,7.2,45,28.0,True,4.0,
ORD01900,2026-05-10,2026-05-10 05:51:00,C0171,Restaurant_23,Panchkula,Sector 11,4,1120,100.0,20,1040,Wallet,Restaurant App,Failed,Not Assigned,Not Assigned,4.2,40,,,,Restaurant Delay
ORD03859,2026-01-26,2026-01-26 12:54:00,C0571,Restaurant_24,Chandigarh,Sector 34,3,1050,,50,1050,Cash,Website,Delivered,In-house Rider,RD059,,45,26.0,True,,
ORD02311,2026-04-07,2026-04-07 08:42:00,C1031,Restaurant_20,Chandigarh,Sector 34,5,1600,50.0,50,1600,UPI,Website,Delivered,Shadowfax,RD110,3.7,30,29.0,True,4.0,
ORD01062,2026-04-24,2026-04-24 23:09:00,C0033,Restaurant_25,Chandigarh,Sector 34,5,1400,100.0,30,1330,Credit Card,Restaurant App,Failed,Not Assigned,Not Assigned,1.7,30,,,,Restaurant Delay
ORD03110,2026-04-02,2026-04-02 20:50:00,C1094,Restaurant_03,Chandigarh,Sector 34,3,540,0.0,30,570,Wallet,Website,Delivered,In-house Rider,RD001,7.0,50,27.0,True,5.0,
ORD01134,2026-06-05,2026-06-05 10:02:00,C1035,Restaurant_10,Chandigarh,Sector 34,3,360,50.0,20,330,Credit Card,Website,Delivered,In-house Rider,RD079,5.0,50,24.0,True,4.0,
ORD00802,2026-05-23,2026-05-23 22:44:00,C1179,Restaurant_23,Mohali,Phase 5,3,450,50.0,25,425,Cash,Restaurant App,Cancelled,Not Assigned,Not Assigned,3.9,35,,,,Payment Failed
ORD02178,2026-06-27,2026-06-27 20:30:00,C0006,Restaurant_15,Chandigarh,Sector 22,3,840,30.0,40,850,Debit Card,Restaurant App,Delivered,In-house Rider,RD107,1.8,45,10.0,True,5.0,
ORD01815,2026-05-22,2026-05-22 15:21:00,C1103,Restaurant_03,Chandigarh,Sector 22,5,1100,100.0,50,1050,Wallet,Website,Delivered,In-house Rider,RD017,2.4,35,26.0,True,5.0,
ORD00510,2026-05-18,2026-05-18 00:19:00,C0463,Restaurant_14,Chandigarh,Manimajra,4,1280,50.0,60,1290,Debit Card,Website,Delivered,In-house Rider,RD149,4.5,50,25.0,True,4.0,
ORD02457,2026-02-19,2026-02-19 23:36:00,C0450,Restaurant_18,Chandigarh,Sector 17,2,560,,30,590,Cash,Website,Delivered,In-house Rider,RD021,,35,23.0,True,,
ORD03209,2026-04-16,2026-04-16 17:09:00,C0363,Restaurant_09,Mohali,Phase 5,1,150,50.0,30,130,Debit Card,Website,Failed,Not Assigned,Not Assigned,0.8,30,,,,Address Issue
ORD00725,2026-02-20,2026-02-20 22:46:00,C0394,Restaurant_06,Mohali,Phase 3B2,1,280,0.0,30,310,Debit Card,Restaurant App,Delivered,Shiprocket,RD051,9.3,45,41.0,True,5.0,
ORD01856,2026-04-28,2026-04-28 09:36:00,C0350,Restaurant_17,Panchkula,Sector 5,1,250,75.0,50,225,Wallet,Website,Delivered,In-house Rider,RD041,4.7,50,37.0,True,4.0,
ORD03389,2026-01-15,2026-01-15 03:57:00,C0992,Restaurant_05,Chandigarh,Sector 17,4,720,0.0,20,740,Credit Card,Website,Delivered,In-house Rider,RD114,4.1,30,31.0,False,4.0,
ORD01745,2026-01-16,2026-01-16 11:48:00,C0070,Restaurant_21,Panchkula,Sector 11,1,150,30.0,25,145,Cash,Restaurant App,Delivered,In-house Rider,RD020,4.2,40,23.0,True,5.0,
ORD03761,2026-03-14,2026-03-14 03:35:00,C0555,Restaurant_09,Mohali,Phase 5,5,1250,0.0,50,1300,Credit Card,Website,Delivered,In-house Rider,RD125,4.3,35,31.0,True,5.0,
ORD03839,2026-03-19,2026-03-19 02:38:00,C0546,Restaurant_15,Mohali,Phase 7,3,960,30.0,50,980,UPI,Website,Delivered,Shadowfax,RD047,1.0,40,10.0,True,5.0,
ORD01397,2026-01-21,2026-01-21 04:03:00,C0659,Restaurant_01,Mohali,Phase 3B2,2,240,20.0,20,240,Wallet,Restaurant App,Failed,Not Assigned,Not Assigned,7.1,30,,,,Customer Cancelled
ORD01622,2026-06-02,2026-06-02 20:26:00,C0169,Restaurant_01,Panchkula,Sector 15,3,540,0.0,50,590,Credit Card,Website,Delivered,Shadowfax,RD004,6.3,50,30.0,True,3.0,
ORD00611,2026-04-12,2026-04-12 06:33:00,C0061,Restaurant_14,Panchkula,Sector 5,3,960,100.0,30,890,Cash,Restaurant App,Cancelled,Not Assigned,Not Assigned,7.3,40,,,,Rider Unavailable
ORD00679,2026-04-22,2026-04-22 02:37:00,C0634,Restaurant_12,Panchkula,Sector 15,4,480,0.0,40,520,Credit Card,Restaurant App,Delivered,In-house Rider,RD090,2.1,35,35.0,True,5.0,
ORD00373,2026-02-12,2026-02-12 08:11:00,C1060,Restaurant_08,Chandigarh,Sector 22,2,360,100.0,20,280,Cash,Website,Delivered,In-house Rider,RD084,3.5,30,23.0,True,5.0,
ORD02159,2026-03-16,2026-03-16 12:29:00,C0898,Restaurant_11,Mohali,Phase 7,2,440,0.0,40,480,Cash,Website,Delivered,In-house Rider,RD097,4.2,35,23.0,True,3.0,
ORD02845,2026-03-21,2026-03-21 05:09:00,C0357,Restaurant_15,Mohali,Phase 3B2,1,320,0.0,50,370,Cash,Website,Delivered,In-house Rider,RD142,7.8,50,39.0,True,5.0,
ORD02125,2026-02-26,2026-02-26 14:29:00,C0258,Restaurant_16,Chandigarh,Sector 22,1,400,0.0,25,425,Cash,Website,Delivered,Ola Logistics,RD141,5.0,40,36.0,True,5.0,
ORD02119,2026-01-27,2026-01-27 16:03:00,C0623,Restaurant_03,Panchkula,Sector 5,5,600,50.0,60,610,Debit Card,Restaurant App,Delivered,In-house Rider,RD113,4.0,45,35.0,True,4.0,
ORD03903,2026-01-02,2026-01-02 23:27:00,C0350,Restaurant_03,Chandigarh,Manimajra,3,540,0.0,40,580,Wallet,Restaurant App,Delivered,In-house Rider,RD141,5.3,40,25.0,True,4.0,
ORD02350,2026-05-15,2026-05-15 11:06:00,C0978,Restaurant_18,Panchkula,Sector 8,4,1600,100.0,60,1560,UPI,Website,Cancelled,Not Assigned,Not Assigned,0.1,45,,,,Rider Unavailable
ORD01153,2026-04-10,2026-04-10 21:53:00,C0751,Restaurant_10,Mohali,Phase 3B2,1,150,0.0,40,190,Wallet,Website,Delivered,In-house Rider,RD146,4.7,30,30.0,True,4.0,
ORD01716,2026-01-13,2026-01-13 13:09:00,C0362,Restaurant_05,Panchkula,Sector 5,5,1100,75.0,20,1045,Credit Card,Restaurant App,Delivered,Shadowfax,RD030,8.6,40,39.0,True,4.0,
ORD03841,2026-02-27,2026-02-27 23:51:00,C0953,Restaurant_07,Panchkula,Sector 8,3,840,30.0,40,850,Credit Card,Restaurant App,Delivered,In-house Rider,RD150,6.0,40,38.0,True,5.0,
ORD00215,2026-06-10,2026-06-10 10:14:00,C1024,Restaurant_09,Mohali,Phase 3B2,3,450,0.0,25,475,Cash,Website,Delivered,In-house Rider,RD132,0.8,45,13.0,True,4.0,
ORD01261,2026-03-27,2026-03-27 04:22:00,C0780,Restaurant_19,Chandigarh,Sector 34,1,400,30.0,30,400,Credit Card,Restaurant App,Delivered,Shadowfax,RD118,6.1,35,37.0,False,5.0,
ORD02213,2026-02-19,2026-02-19 05:52:00,C0400,Restaurant_11,Panchkula,Sector 8,1,150,30.0,50,170,Wallet,Restaurant App,Delivered,Shadowfax,RD066,0.8,50,12.0,True,,
ORD00453,2026-01-09,2026-01-09 04:47:00,C1159,Restaurant_25,Panchkula,Sector 8,3,960,20.0,20,960,Wallet,Restaurant App,Delivered,In-house Rider,RD075,7.5,35,34.0,True,5.0,
ORD02542,2026-03-17,2026-03-17 05:33:00,C0849,Restaurant_18,Mohali,Phase 5,2,640,20.0,30,650,UPI,Website,Delivered,Shiprocket,RD017,4.3,45,17.0,True,5.0,
ORD01380,2026-06-25,2026-06-25 09:06:00,C0296,Restaurant_13,Mohali,Phase 5,5,1600,0.0,60,1660,Debit Card,Restaurant App,Delivered,In-house Rider,RD097,6.1,45,42.0,True,2.0,
ORD00424,2026-05-19,2026-05-19 17:24:00,C0745,Restaurant_03,Chandigarh,Sector 34,1,250,0.0,25,275,Cash,Website,Delivered,In-house Rider,RD133,8.6,30,37.0,False,5.0,
ORD01795,2026-01-02,2026-01-02 11:03:00,C0888,Restaurant_14,Panchkula,Sector 11,5,1250,0.0,20,1270,Debit Card,Restaurant App,Delivered,Shadowfax,RD134,6.0,45,28.0,True,4.0,
ORD03359,2026-04-16,2026-04-16 06:27:00,C0724,Restaurant_22,Panchkula,Sector 11,3,450,100.0,20,370,Cash,Website,Cancelled,Not Assigned,Not Assigned,3.4,50,,,,Address Issue
ORD02149,2026-02-10,2026-02-10 18:51:00,C0827,Restaurant_09,Chandigarh,Sector 34,1,320,20.0,25,325,Debit Card,Restaurant App,Delivered,In-house Rider,RD143,5.7,30,32.0,False,5.0,
ORD01333,2026-04-02,2026-04-02 22:53:00,C0653,Restaurant_14,Panchkula,Sector 11,1,280,20.0,60,320,Wallet,Restaurant App,Failed,Not Assigned,Not Assigned,0.7,50,,,,Address Issue
ORD02625,2026-04-01,2026-04-01 13:50:00,C1067,Restaurant_19,Panchkula,Sector 15,4,1600,0.0,30,1630,Debit Card,Website,Delivered,In-house Rider,RD007,7.4,50,40.0,True,5.0,
ORD03955,2026-01-17,2026-01-17 14:10:00,C0572,Restaurant_04,Panchkula,Sector 8,1,400,20.0,30,410,Cash,Restaurant App,Delivered,In-house Rider,RD076,0.8,30,21.0,True,3.0,
ORD01720,2026-05-13,2026-05-13 00:53:00,C0654,Restaurant_04,Chandigarh,Sector 17,1,250,100.0,25,175,Wallet,Website,Delivered,In-house Rider,RD125,0.8,35,10.0,True,5.0,
ORD01918,2026-03-23,2026-03-23 00:46:00,C0601,Restaurant_23,Mohali,Phase 7,4,1280,0.0,25,1305,UPI,Restaurant App,Delivered,Ola Logistics,RD073,9.3,50,49.0,True,3.0,
ORD01679,2026-04-21,2026-04-21 11:22:00,C1168,Restaurant_22,Chandigarh,Sector 35,1,400,30.0,30,400,Debit Card,Website,Cancelled,Not Assigned,Not Assigned,5.7,35,,,,Restaurant Delay
ORD00076,2026-04-25,2026-04-25 12:15:00,C0261,Restaurant_05,Mohali,Sector 68,3,1200,30.0,60,1230,Cash,Website,Delivered,Shadowfax,RD141,6.8,50,38.0,True,3.0,
ORD00684,2026-04-04,2026-04-04 02:22:00,C0746,Restaurant_07,Panchkula,Sector 11,3,960,75.0,60,945,Cash,Restaurant App,Delivered,Shiprocket,RD107,4.3,35,24.0,True,4.0,
ORD01786,2026-06-10,2026-06-10 21:20:00,C0468,Restaurant_10,Panchkula,Sector 8,4,1120,20.0,60,1160,Debit Card,Website,Delivered,Shadowfax,RD015,2.5,45,22.0,True,5.0,
ORD02653,2026-01-22,2026-01-22 09:13:00,C0676,Restaurant_13,Mohali,Phase 5,1,250,100.0,40,190,Debit Card,Website,Delivered,In-house Rider,RD087,5.6,50,25.0,True,4.0,
ORD03815,2026-06-08,2026-06-08 20:52:00,C0144,Restaurant_22,Chandigarh,Sector 34,1,400,0.0,60,460,UPI,Website,Failed,Not Assigned,Not Assigned,6.3,45,,,,Restaurant Delay
ORD03175,2026-06-24,2026-06-24 08:49:00,C0795,Restaurant_10,Chandigarh,Sector 17,5,900,0.0,60,960,Wallet,Restaurant App,Delivered,Ola Logistics,RD013,8.6,35,35.0,True,2.0,
ORD00935,2026-02-01,2026-02-01 16:09:00,C0968,Restaurant_09,Chandigarh,Sector 35,1,320,0.0,30,350,Debit Card,Website,Delivered,In-house Rider,RD082,2.1,40,24.0,True,4.0,
ORD01506,2026-02-11,2026-02-11 11:26:00,C0228,Restaurant_11,Chandigarh,Sector 35,2,640,0.0,20,660,Credit Card,Restaurant App,Delivered,In-house Rider,RD104,7.2,30,34.0,False,5.0,
ORD01833,2026-01-03,2026-01-03 13:10:00,C0696,Restaurant_13,Panchkula,Sector 8,5,1400,50.0,25,1375,UPI,Website,Failed,Not Assigned,Not Assigned,1.4,40,,,,Restaurant Delay
ORD02179,2026-01-31,2026-01-31 11:28:00,C0695,Restaurant_11,Chandigarh,Sector 17,5,2000,0.0,40,2040,Cash,Website,Delivered,In-house Rider,RD140,3.1,45,20.0,True,5.0,
ORD02086,2026-02-06,2026-02-06 05:55:00,C0784,Restaurant_05,Mohali,Phase 5,2,560,0.0,25,585,UPI,Restaurant App,Delivered,In-house Rider,RD109,5.2,50,21.0,True,5.0,
ORD01994,2026-01-17,2026-01-17 17:23:00,C0163,Restaurant_17,Panchkula,Sector 11,3,1050,30.0,50,1070,UPI,Restaurant App,Delivered,Shadowfax,RD049,7.0,35,40.0,False,5.0,
ORD00666,2026-01-29,2026-01-29 08:13:00,C0769,Restaurant_25,Mohali,Sector 68,2,560,0.0,50,610,Wallet,Website,Delivered,In-house Rider,RD066,4.3,35,17.0,True,5.0,
ORD03969,2026-03-24,2026-03-24 21:28:00,C0356,Restaurant_22,Panchkula,Sector 15,5,1600,0.0,30,1630,Debit Card,Website,Delivered,In-house Rider,RD026,6.7,40,33.0,True,5.0,
ORD01446,2026-05-19,2026-05-19 09:44:00,C0487,Restaurant_21,Mohali,Sector 68,2,800,75.0,30,755,Debit Card,Website,Delivered,Ola Logistics,RD102,4.6,30,24.0,True,4.0,
ORD01573,2026-04-14,2026-04-14 12:21:00,C0724,Restaurant_20,Chandigarh,Sector 22,1,280,0.0,30,310,Cash,Restaurant App,Delivered,In-house Rider,RD022,1.9,30,14.0,True,5.0,
ORD02177,2026-01-30,2026-01-30 06:52:00,C0216,Restaurant_05,Mohali,Sector 68,4,1600,30.0,20,1590,UPI,Website,Delivered,In-house Rider,RD142,4.2,30,25.0,True,5.0,
ORD01727,2026-05-20,2026-05-20 04:50:00,C0157,Restaurant_21,Chandigarh,Sector 35,1,350,0.0,25,375,UPI,Website,Delivered,In-house Rider,RD026,8.9,50,51.0,False,5.0,
ORD01816,2026-02-12,2026-02-12 19:50:00,C0533,Restaurant_20,Panchkula,Sector 5,3,360,0.0,40,400,Cash,Restaurant App,Delivered,In-house Rider,RD057,9.1,50,52.0,False,5.0,
ORD01231,2026-02-06,2026-02-06 13:19:00,C0358,Restaurant_20,Mohali,Sector 68,2,700,30.0,20,690,Credit Card,Restaurant App,Failed,Not Assigned,Not Assigned,5.4,35,,,,Customer Cancelled
ORD00949,2026-01-11,2026-01-11 18:03:00,C1130,Restaurant_02,Panchkula,Sector 15,4,1280,30.0,25,1275,Wallet,Website,Delivered,Ola Logistics,RD095,7.4,35,41.0,False,4.0,
ORD03583,2026-05-27,2026-05-27 03:16:00,C0906,Restaurant_05,Mohali,Sector 68,3,1200,0.0,50,1250,Debit Card,Restaurant App,Delivered,In-house Rider,RD104,6.6,40,31.0,True,4.0,
ORD02219,2026-02-09,2026-02-09 12:40:00,C1198,Restaurant_12,Chandigarh,Sector 35,3,450,0.0,50,500,Debit Card,Restaurant App,Delivered,In-house Rider,RD016,4.7,45,30.0,True,3.0,
ORD00356,2026-02-14,2026-02-14 20:55:00,C0750,Restaurant_04,Chandigarh,Sector 17,2,300,20.0,25,305,Cash,Website,Delivered,Shadowfax,RD050,5.6,35,29.0,True,1.0,
ORD01691,2026-01-01,2026-01-01 12:44:00,C0271,Restaurant_02,Chandigarh,Manimajra,4,720,0.0,25,745,Cash,Website,Delivered,Shadowfax,RD141,4.3,45,29.0,True,5.0,
ORD01320,2026-01-03,2026-01-03 00:10:00,C0602,Restaurant_06,Panchkula,Sector 15,1,320,50.0,25,295,Debit Card,Website,Delivered,In-house Rider,RD134,1.8,50,25.0,True,5.0,
ORD03401,2026-01-17,2026-01-17 21:51:00,C0531,Restaurant_01,Panchkula,Sector 5,1,250,50.0,50,250,Wallet,Restaurant App,Cancelled,Not Assigned,Not Assigned,1.7,45,,,,Restaurant Delay
ORD00448,2026-02-28,2026-02-28 00:50:00,C0464,Restaurant_06,Panchkula,Sector 15,3,450,30.0,30,450,Cash,Restaurant App,Delivered,Shiprocket,RD008,4.4,50,27.0,True,5.0,
ORD02008,2026-05-05,2026-05-05 10:49:00,C0949,Restaurant_10,Chandigarh,Sector 17,3,960,20.0,40,980,UPI,Restaurant App,Delivered,In-house Rider,RD080,4.7,50,28.0,True,4.0,
ORD03291,2026-06-19,2026-06-19 00:32:00,C1049,Restaurant_17,Panchkula,Sector 8,2,800,30.0,25,795,UPI,Website,Cancelled,Not Assigned,Not Assigned,1.0,30,,,,Address Issue
ORD03869,2026-06-24,2026-06-24 06:40:00,C0304,Restaurant_16,Panchkula,Sector 8,5,1400,50.0,40,1390,Wallet,Restaurant App,Delivered,In-house Rider,RD007,3.5,30,23.0,True,4.0,
ORD00057,2026-06-16,2026-06-16 21:21:00,C0810,Restaurant_18,Chandigarh,Sector 35,5,1100,75.0,30,1055,Cash,Restaurant App,Delivered,In-house Rider,RD067,4.3,40,34.0,True,5.0,
ORD00856,2026-02-25,2026-02-25 19:36:00,C0933,Restaurant_08,Chandigarh,Sector 34,5,2000,100.0,50,1950,Debit Card,Website,Delivered,Shiprocket,RD007,4.3,45,41.0,True,5.0,
ORD00932,2026-06-12,2026-06-12 21:46:00,C1180,Restaurant_25,Mohali,Sector 68,5,2000,30.0,50,2020,Credit Card,Website,Delivered,Shadowfax,RD004,5.7,45,33.0,True,4.0,
ORD03298,2026-03-20,2026-03-20 11:09:00,C1005,Restaurant_04,Mohali,Phase 7,5,1100,0.0,20,1120,Wallet,Website,Delivered,In-house Rider,RD102,3.4,45,20.0,True,5.0,
ORD03539,2026-01-01,2026-01-01 20:08:00,C0468,Restaurant_05,Panchkula,Sector 11,2,440,75.0,20,385,Wallet,Restaurant App,Delivered,In-house Rider,RD001,9.5,40,41.0,False,5.0,
ORD02962,2026-06-05,2026-06-05 04:48:00,C0732,Restaurant_03,Panchkula,Sector 8,1,150,100.0,20,80,Debit Card,Website,Delivered,Shadowfax,RD086,7.0,30,38.0,False,5.0,
ORD03686,2026-04-08,2026-04-08 09:08:00,C0251,Restaurant_10,Panchkula,Sector 11,1,320,75.0,50,295,Credit Card,Restaurant App,Delivered,Shadowfax,RD102,8.1,45,40.0,True,2.0,
ORD03527,2026-02-12,2026-02-12 13:02:00,C1049,Restaurant_10,Mohali,Phase 3B2,4,1400,30.0,25,1395,UPI,Restaurant App,Failed,Not Assigned,Not Assigned,7.6,40,,,,Customer Cancelled
ORD03767,2026-05-17,2026-05-17 07:02:00,C0255,Restaurant_03,Panchkula,Sector 5,1,400,0.0,25,425,Debit Card,Website,Delivered,In-house Rider,RD112,8.1,50,47.0,True,4.0,
ORD01603,2026-05-03,2026-05-03 20:54:00,C1034,Restaurant_17,Chandigarh,Manimajra,5,1400,100.0,50,1350,UPI,Website,Delivered,In-house Rider,RD137,5.2,45,37.0,True,5.0,
ORD02170,2026-02-28,2026-02-28 12:25:00,C0926,Restaurant_04,Mohali,Sector 68,3,960,0.0,40,1000,Cash,Restaurant App,Failed,Not Assigned,Not Assigned,0.9,30,,,,Address Issue
ORD00743,2026-06-15,2026-06-15 23:14:00,C0610,Restaurant_14,Chandigarh,Manimajra,1,320,30.0,60,350,Wallet,Website,Failed,Not Assigned,Not Assigned,3.1,40,,,,Rider Unavailable
ORD02726,2026-04-23,2026-04-23 02:12:00,C0742,Restaurant_18,Chandigarh,Sector 17,1,320,20.0,25,325,Cash,Website,Delivered,Shadowfax,RD129,5.9,40,42.0,False,3.0,
ORD00810,2026-03-24,2026-03-24 03:12:00,C0724,Restaurant_25,Chandigarh,Sector 22,4,480,0.0,20,500,UPI,Website,Delivered,Shadowfax,RD059,5.8,35,34.0,True,5.0,
ORD00595,2026-05-20,2026-05-20 03:01:00,C0539,Restaurant_25,Mohali,Sector 68,1,350,,50,350,Debit Card,Website,Delivered,In-house Rider,RD144,,30,28.0,True,,
ORD03725,2026-05-10,2026-05-10 06:25:00,C0734,Restaurant_18,Mohali,Sector 68,4,1120,0.0,25,1145,UPI,Website,Delivered,Shadowfax,RD073,7.6,30,34.0,False,3.0,
ORD00878,2026-01-26,2026-01-26 12:53:00,C1130,Restaurant_23,Chandigarh,Sector 34,5,2000,100.0,40,1940,Wallet,Restaurant App,Delivered,In-house Rider,RD100,6.7,40,36.0,True,5.0,
ORD00381,2026-05-31,2026-05-31 04:30:00,C0604,Restaurant_24,Panchkula,Sector 15,1,350,50.0,30,330,Credit Card,Website,Delivered,Ola Logistics,RD139,4.9,50,25.0,True,4.0,
ORD03937,2026-02-20,2026-02-20 08:45:00,C0900,Restaurant_24,Chandigarh,Sector 17,4,880,0.0,20,900,UPI,Website,Delivered,Shadowfax,RD139,5.9,45,36.0,True,,
ORD01884,2026-02-07,2026-02-07 20:11:00,C0142,Restaurant_09,Panchkula,Sector 11,2,500,100.0,50,450,Debit Card,Website,Delivered,In-house Rider,RD060,6.8,35,43.0,False,4.0,
ORD02534,2026-04-23,2026-04-23 02:36:00,C0914,Restaurant_20,Chandigarh,Sector 34,3,450,0.0,50,500,UPI,Website,Failed,Not Assigned,Not Assigned,0.3,30,,,,Address Issue
ORD01827,2026-06-07,2026-06-07 22:48:00,C0358,Restaurant_21,Chandigarh,Sector 35,1,180,100.0,60,140,Cash,Website,Delivered,In-house Rider,RD144,4.6,35,16.0,True,5.0,
ORD00829,2026-04-28,2026-04-28 01:21:00,C1014,Restaurant_19,Panchkula,Sector 11,5,1750,100.0,50,2500,Debit Card,Restaurant App,Delivered,In-house Rider,RD088,5.1,35,25.0,True,4.0,
ORD01220,2026-06-23,2026-06-23 17:31:00,C0277,Restaurant_17,Mohali,Phase 5,1,220,50.0,50,220,Wallet,Restaurant App,Delivered,Shiprocket,RD011,5.8,40,39.0,True,3.0,
ORD02970,2026-03-15,2026-03-15 18:01:00,C0235,Restaurant_10,Panchkula,Sector 15,5,1100,0.0,25,1125,Debit Card,Website,Delivered,Ola Logistics,RD145,1.3,30,22.0,True,5.0,
ORD00307,2026-06-18,2026-06-18 08:10:00,C1156,Restaurant_21,Chandigarh,Sector 17,4,720,100.0,40,660,Wallet,Website,Delivered,Shadowfax,RD054,5.7,35,33.0,True,5.0,
ORD03179,2026-01-31,2026-01-31 05:04:00,C0756,Restaurant_10,Panchkula,Sector 5,3,660,50.0,50,660,UPI,Restaurant App,Delivered,In-house Rider,RD002,3.9,40,30.0,True,5.0,
ORD03408,2026-01-17,2026-01-17 21:22:00,C0426,Restaurant_07,Mohali,Phase 5,1,180,20.0,50,210,Cash,Restaurant App,Delivered,In-house Rider,RD072,8.6,35,43.0,False,3.0,
ORD00507,2026-05-20,2026-05-20 20:52:00,C0900,Restaurant_12,Chandigarh,Sector 34,1,350,50.0,20,320,Wallet,Restaurant App,Delivered,Shadowfax,RD052,4.1,40,20.0,True,4.0,
ORD03046,2026-04-05,2026-04-05 04:35:00,C0439,Restaurant_18,Mohali,Sector 68,5,1100,75.0,30,1055,Wallet,Restaurant App,Failed,Not Assigned,Not Assigned,5.6,50,,,,Payment Failed
ORD00481,2026-01-28,2026-01-28 01:24:00,C1157,Restaurant_13,Panchkula,Sector 8,3,1200,30.0,40,1210,Cash,Restaurant App,Delivered,Shadowfax,RD142,2.0,40,25.0,True,3.0,
ORD00609,2026-04-05,2026-04-05 07:28:00,C0370,Restaurant_15,Chandigarh,Manimajra,4,480,20.0,50,510,Credit Card,Restaurant App,Cancelled,Not Assigned,Not Assigned,6.4,35,,,,Rider Unavailable
ORD01411,2026-04-29,2026-04-29 18:59:00,C0131,Restaurant_14,Panchkula,Sector 15,5,2000,75.0,20,1945,Cash,Restaurant App,Delivered,In-house Rider,RD101,2.9,45,32.0,True,5.0,
ORD01282,2026-05-20,2026-05-20 12:43:00,C1124,Restaurant_24,Mohali,Sector 68,1,220,75.0,60,205,Credit Card,Website,Delivered,Shadowfax,RD112,5.4,30,29.0,True,2.0,
ORD03990,2026-01-03,2026-01-03 12:09:00,C0297,Restaurant_12,Mohali,Sector 68,1,320,50.0,30,3200,Wallet,Website,Delivered,Shiprocket,RD066,7.2,35,31.0,True,5.0,
ORD03509,2026-06-02,2026-06-02 22:26:00,C0636,Restaurant_16,Panchkula,Sector 15,4,720,50.0,60,730,Cash,Website,Delivered,In-house Rider,RD023,7.1,30,32.0,False,5.0,
ORD03789,2026-03-21,2026-03-21 18:46:00,C1099,Restaurant_11,Panchkula,Sector 8,5,750,30.0,30,750,Credit Card,Website,Delivered,In-house Rider,RD088,4.6,35,28.0,True,5.0,
ORD03301,2026-03-10,2026-03-10 03:17:00,C0428,Restaurant_09,Mohali,Sector 68,1,280,30.0,50,300,Credit Card,Website,Delivered,Shadowfax,RD073,9.3,40,38.0,True,5.0,
ORD03018,2026-04-18,2026-04-18 19:57:00,C0591,Restaurant_06,Panchkula,Sector 8,1,120,0.0,60,180,UPI,Restaurant App,Delivered,Ola Logistics,RD003,6.8,40,47.0,False,4.0,
ORD02903,2026-05-09,2026-05-09 18:07:00,C0391,Restaurant_13,Panchkula,Sector 15,1,320,20.0,60,360,Wallet,Website,Delivered,In-house Rider,RD145,3.8,40,23.0,True,5.0,
ORD00037,2026-02-13,2026-02-13 01:23:00,C1176,Restaurant_13,Chandigarh,Manimajra,4,1120,75.0,60,1105,Credit Card,Restaurant App,Delivered,In-house Rider,RD027,8.3,50,46.0,True,3.0,
ORD00859,2026-01-03,2026-01-03 17:30:00,C0950,Restaurant_15,Panchkula,Sector 11,3,840,50.0,25,815,Credit Card,Website,Delivered,In-house Rider,RD082,4.6,50,27.0,True,5.0,
ORD01796,2026-02-01,2026-02-01 06:57:00,C0141,Restaurant_08,Mohali,Sector 68,4,1400,50.0,30,1380,Credit Card,Website,Delivered,Ola Logistics,RD048,4.6,30,31.0,False,4.0,
ORD01799,2026-05-14,2026-05-14 05:42:00,C0709,Restaurant_16,Panchkula,Sector 5,3,960,0.0,40,1000,Credit Card,Restaurant App,Delivered,In-house Rider,RD042,2.0,40,11.0,True,5.0,
ORD00454,2026-04-29,2026-04-29 10:08:00,C0555,Restaurant_02,Chandigarh,Sector 17,4,880,50.0,30,860,Credit Card,Restaurant App,Delivered,In-house Rider,RD101,8.4,45,36.0,True,4.0,
ORD01617,2026-06-09,2026-06-09 20:28:00,C0457,Restaurant_16,Mohali,Phase 5,1,180,50.0,60,190,Credit Card,Website,Delivered,In-house Rider,RD099,3.9,35,29.0,True,5.0,
ORD02846,2026-04-20,2026-04-20 04:46:00,C0156,Restaurant_03,Mohali,Phase 5,4,1000,30.0,60,1030,UPI,Website,Delivered,Shadowfax,RD088,5.9,35,35.0,True,5.0,
ORD02577,2026-02-17,2026-02-17 08:54:00,C0652,Restaurant_19,Chandigarh,Sector 34,5,600,100.0,30,530,Wallet,Website,Delivered,In-house Rider,RD121,4.3,50,23.0,True,5.0,
ORD02129,2026-03-20,2026-03-20 10:03:00,C0619,Restaurant_01,Mohali,Phase 7,5,1400,75.0,20,1345,UPI,Restaurant App,Delivered,In-house Rider,RD145,2.4,50,21.0,True,5.0,
ORD02756,2026-05-30,2026-05-30 12:26:00,C0996,Restaurant_16,Mohali,Sector 68,5,1600,0.0,25,1625,Debit Card,Website,Delivered,In-house Rider,RD107,5.3,35,24.0,True,5.0,
ORD03020,2026-02-01,2026-02-01 01:45:00,C0300,Restaurant_21,Mohali,Phase 5,5,1400,0.0,50,1450,Wallet,Website,Delivered,Shadowfax,RD035,5.9,50,33.0,True,5.0,
ORD01707,2026-03-10,2026-03-10 04:10:00,C0071,Restaurant_10,Chandigarh,Sector 22,3,450,0.0,40,490,UPI,Website,Delivered,Ola Logistics,RD020,2.6,45,26.0,True,5.0,
ORD03096,2026-05-31,2026-05-31 14:31:00,C0342,Restaurant_19,Mohali,Phase 7,1,220,20.0,40,240,UPI,Website,Cancelled,Not Assigned,Not Assigned,1.6,40,,,,Payment Failed
ORD03099,2026-01-10,2026-01-10 03:50:00,C0977,Restaurant_13,Mohali,Phase 7,3,750,100.0,40,690,UPI,Restaurant App,Cancelled,Not Assigned,Not Assigned,5.5,30,,,,Rider Unavailable
ORD03476,2026-01-29,2026-01-29 11:07:00,C0973,Restaurant_04,Chandigarh,Sector 34,1,150,75.0,25,100,Wallet,Website,Delivered,Shadowfax,RD067,3.2,45,33.0,True,4.0,
ORD02492,2026-03-19,2026-03-19 11:31:00,C0736,Restaurant_14,Chandigarh,Sector 34,5,1100,0.0,40,1140,UPI,Restaurant App,Delivered,In-house Rider,RD004,6.6,45,38.0,True,3.0,
ORD00066,2026-03-26,2026-03-26 00:13:00,C0012,Restaurant_03,Mohali,Phase 5,5,900,30.0,25,895,Wallet,Restaurant App,Delivered,In-house Rider,RD150,4.1,45,34.0,True,5.0,
ORD01044,2026-02-27,2026-02-27 22:20:00,C0728,Restaurant_09,Chandigarh,Sector 34,3,540,0.0,25,565,UPI,Website,Delivered,In-house Rider,RD038,5.9,50,30.0,True,4.0,
ORD02107,2026-06-16,2026-06-16 06:14:00,C0123,Restaurant_14,Mohali,Phase 5,1,250,0.0,50,300,Credit Card,Website,Delivered,In-house Rider,RD085,4.4,40,40.0,True,5.0,
ORD02043,2026-02-26,2026-02-26 10:46:00,C0820,Restaurant_24,Chandigarh,Sector 17,3,750,75.0,30,705,UPI,Restaurant App,Failed,Not Assigned,Not Assigned,5.0,30,,,,Customer Cancelled
ORD03424,2026-02-10,2026-02-10 19:45:00,C0477,Restaurant_13,Mohali,Phase 7,5,1100,30.0,25,1095,Debit Card,Website,Delivered,In-house Rider,RD079,0.8,30,15.0,True,4.0,
ORD00451,2026-04-10,2026-04-10 17:01:00,C0188,Restaurant_08,Mohali,Sector 68,1,320,0.0,40,360,UPI,Restaurant App,Delivered,Shiprocket,RD053,6.9,40,41.0,False,5.0,
ORD02614,2026-04-11,2026-04-11 19:10:00,C0289,Restaurant_19,Panchkula,Sector 8,2,440,20.0,40,460,Debit Card,Restaurant App,Delivered,In-house Rider,RD095,7.3,35,38.0,False,3.0,
ORD03852,2026-01-24,2026-01-24 00:18:00,C1069,Restaurant_16,Chandigarh,Sector 35,5,2000,75.0,25,1950,Cash,Restaurant App,Delivered,Ola Logistics,RD135,6.9,45,35.0,True,5.0,
ORD00869,2026-01-11,2026-01-11 22:15:00,C0650,Restaurant_08,Chandigarh,Sector 34,3,540,50.0,50,540,UPI,Restaurant App,Delivered,Shadowfax,RD065,6.6,30,40.0,False,4.0,
ORD01331,2026-02-07,2026-02-07 17:08:00,C0316,Restaurant_04,Mohali,Sector 68,2,560,50.0,40,550,Credit Card,Restaurant App,Delivered,In-house Rider,RD123,7.4,40,37.0,True,4.0,
ORD00255,2026-04-29,2026-04-29 10:09:00,C0671,Restaurant_14,Mohali,Phase 3B2,2,440,0.0,30,470,Cash,Restaurant App,Delivered,Ola Logistics,RD038,8.9,45,43.0,True,5.0,
ORD03526,2026-05-07,2026-05-07 12:08:00,C0822,Restaurant_17,Chandigarh,Sector 35,4,1120,0.0,30,1150,Cash,Website,Cancelled,Not Assigned,Not Assigned,4.2,30,,,,Restaurant Delay
ORD03658,2026-03-03,2026-03-03 14:19:00,C0435,Restaurant_12,Panchkula,Sector 11,3,1050,75.0,40,1015,Wallet,Restaurant App,Delivered,Ola Logistics,RD036,5.7,40,26.0,True,5.0,
ORD02053,2026-01-08,2026-01-08 12:08:00,C0855,Restaurant_25,Mohali,Phase 7,4,720,0.0,60,780,Cash,Restaurant App,Delivered,In-house Rider,RD086,6.4,35,50.0,False,4.0,
ORD03027,2026-05-17,2026-05-17 10:01:00,C0178,Restaurant_20,Chandigarh,Manimajra,5,1400,75.0,25,1350,Wallet,Website,Delivered,Shadowfax,RD144,2.8,50,16.0,True,5.0,
ORD02498,2026-04-01,2026-04-01 11:23:00,C0750,Restaurant_17,Mohali,Sector 68,1,280,30.0,60,310,Debit Card,Website,Delivered,In-house Rider,RD087,6.0,50,27.0,True,1.0,
ORD02027,2026-04-24,2026-04-24 09:23:00,C0607,Restaurant_23,Mohali,Phase 7,4,880,100.0,20,800,Cash,Website,Delivered,In-house Rider,RD024,7.7,40,37.0,True,3.0,
ORD00100,2026-05-03,2026-05-03 05:28:00,C0276,Restaurant_22,Panchkula,Sector 5,4,480,30.0,20,470,UPI,Restaurant App,Delivered,In-house Rider,RD035,5.9,40,41.0,False,5.0,
ORD02412,2026-01-31,2026-01-31 18:48:00,C1059,Restaurant_19,Chandigarh,Sector 17,2,800,0.0,30,830,UPI,Restaurant App,Delivered,In-house Rider,RD070,2.0,35,26.0,True,5.0,
ORD02054,2026-06-21,2026-06-21 20:01:00,C0921,Restaurant_01,Panchkula,Sector 15,5,1400,75.0,60,1385,Cash,Website,Delivered,In-house Rider,RD052,1.6,40,26.0,True,5.0,
ORD02698,2026-03-22,2026-03-22 20:15:00,C0979,Restaurant_09,Mohali,Sector 68,3,360,20.0,20,360,Debit Card,Restaurant App,Delivered,In-house Rider,RD063,7.5,40,41.0,False,4.0,
ORD02085,2026-04-12,2026-04-12 15:25:00,C0793,Restaurant_15,Panchkula,Sector 8,1,180,20.0,20,180,Wallet,Website,Failed,Not Assigned,Not Assigned,3.1,40,,,,Customer Cancelled
ORD02145,2026-01-01,2026-01-01 21:00:00,C0107,Restaurant_25,Panchkula,Sector 8,1,280,0.0,30,310,Credit Card,Restaurant App,Cancelled,Not Assigned,Not Assigned,4.4,35,,,,Rider Unavailable
ORD02402,2026-04-27,2026-04-27 02:25:00,C0100,Restaurant_08,Panchkula,Sector 8,1,350,30.0,30,350,UPI,Website,Delivered,In-house Rider,RD051,4.7,45,25.0,True,5.0,
ORD01159,2026-05-18,2026-05-18 12:12:00,C0999,Restaurant_11,Panchkula,Sector 15,5,600,0.0,50,650,Credit Card,Restaurant App,Delivered,Shadowfax,RD011,6.1,40,26.0,True,2.0,
ORD02640,2026-06-27,2026-06-27 14:00:00,C0480,Restaurant_01,Mohali,Phase 5,1,350,30.0,30,350,Cash,Website,Delivered,Shadowfax,RD112,5.1,50,23.0,True,5.0,
ORD02598,2026-06-14,2026-06-14 08:58:00,C0279,Restaurant_20,Mohali,Phase 5,1,320,50.0,40,310,Cash,Restaurant App,Delivered,Shiprocket,RD139,6.6,35,39.0,False,5.0,
ORD03897,2026-06-09,2026-06-09 03:08:00,C0018,Restaurant_14,Chandigarh,Sector 35,2,360,50.0,30,340,Wallet,Website,Delivered,In-house Rider,RD099,5.9,45,35.0,True,5.0,
ORD02697,2026-01-07,2026-01-07 09:50:00,C0924,Restaurant_07,Chandigarh,Sector 34,1,280,50.0,25,255,Debit Card,Restaurant App,Cancelled,Not Assigned,Not Assigned,3.6,50,,,,Address Issue
ORD01932,2026-06-07,2026-06-07 12:13:00,C0525,Restaurant_17,Panchkula,Sector 15,1,120,0.0,30,150,Debit Card,Restaurant App,Delivered,In-house Rider,RD134,2.8,45,21.0,True,4.0,
ORD00241,2026-06-12,2026-06-12 11:12:00,C1047,Restaurant_04,Mohali,Phase 3B2,3,660,100.0,30,590,Credit Card,Website,Failed,Not Assigned,Not Assigned,7.2,40,,,,Restaurant Delay
ORD01976,2026-05-20,2026-05-20 18:30:00,C0668,Restaurant_10,Chandigarh,Sector 22,3,960,50.0,30,940,Cash,Website,Delivered,Ola Logistics,RD086,6.8,30,41.0,False,4.0,
ORD03060,2026-05-17,2026-05-17 21:54:00,C0114,Restaurant_14,Chandigarh,Sector 35,5,1600,100.0,25,1525,Debit Card,Restaurant App,Failed,Not Assigned,Not Assigned,3.9,45,,,,Payment Failed
ORD01923,2026-03-12,2026-03-12 04:08:00,C0714,Restaurant_10,Mohali,Phase 5,3,840,20.0,50,870,Credit Card,Website,Failed,Not Assigned,Not Assigned,5.2,45,,,,Rider Unavailable
ORD03122,2026-06-01,2026-06-01 22:09:00,C0648,Restaurant_06,Panchkula,Sector 5,2,360,100.0,40,300,Cash,Restaurant App,Delivered,In-house Rider,RD123,5.1,50,31.0,True,5.0,
ORD03582,2026-02-11,2026-02-11 10:45:00,C1095,Restaurant_24,Chandigarh,Sector 35,2,240,0.0,25,265,Cash,Website,Delivered,Shiprocket,RD080,4.6,50,22.0,True,4.0,
ORD00908,2026-02-17,2026-02-17 09:39:00,C0147,Restaurant_19,Chandigarh,Manimajra,2,500,0.0,25,525,Debit Card,Website,Delivered,In-house Rider,RD119,6.2,50,34.0,True,3.0,
ORD03571,2026-05-11,2026-05-11 06:16:00,C1056,Restaurant_15,Chandigarh,Sector 22,3,750,30.0,20,740,UPI,Restaurant App,Delivered,In-house Rider,RD009,6.1,30,26.0,True,5.0,
ORD02343,2026-02-09,2026-02-09 21:17:00,C0268,Restaurant_14,Mohali,Phase 5,3,840,30.0,40,850,UPI,Restaurant App,Delivered,In-house Rider,RD130,8.6,35,38.0,False,5.0,
ORD00971,2026-05-14,2026-05-14 03:20:00,C0008,Restaurant_06,Chandigarh,Sector 17,3,750,75.0,50,725,Debit Card,Restaurant App,Delivered,Shiprocket,RD067,4.1,45,24.0,True,5.0,
ORD03000,2026-06-16,2026-06-16 14:59:00,C0468,Restaurant_17,Mohali,Phase 7,2,500,0.0,30,530,UPI,Website,Delivered,In-house Rider,RD147,6.8,50,38.0,True,5.0,
ORD00394,2026-03-25,2026-03-25 20:05:00,C0731,Restaurant_05,Chandigarh,Sector 22,5,1100,100.0,50,1050,Credit Card,Website,Cancelled,Not Assigned,Not Assigned,4.9,50,,,,Rider Unavailable
ORD02696,2026-03-10,2026-03-10 05:35:00,C0041,Restaurant_15,Mohali,Phase 5,3,1050,100.0,25,975,Debit Card,Website,Delivered,In-house Rider,RD037,9.2,40,40.0,True,5.0,
ORD00401,2026-02-02,2026-02-02 01:20:00,C0145,Restaurant_07,Mohali,Phase 3B2,1,320,100.0,25,245,Credit Card,Website,Delivered,Ola Logistics,RD083,8.6,30,51.0,False,5.0,
ORD00706,2026-04-19,2026-04-19 15:21:00,C0482,Restaurant_04,Chandigarh,Sector 35,2,640,75.0,50,615,Cash,Restaurant App,Delivered,In-house Rider,RD030,4.9,40,29.0,True,,
ORD03577,2026-04-26,2026-04-26 11:20:00,C0888,Restaurant_12,Mohali,Phase 3B2,1,120,0.0,40,160,Cash,Website,Delivered,In-house Rider,RD111,2.1,50,34.0,True,2.0,
ORD00600,2026-04-30,2026-04-30 17:59:00,C0113,Restaurant_09,Mohali,Sector 68,1,320,0.0,40,360,Wallet,Restaurant App,Failed,Not Assigned,Not Assigned,1.3,50,,,,Payment Failed
ORD01537,2026-06-21,2026-06-21 04:27:00,C0379,Restaurant_22,Chandigarh,Sector 17,2,500,100.0,60,460,UPI,Restaurant App,Delivered,In-house Rider,RD072,3.6,45,25.0,True,5.0,
ORD00616,2026-06-19,2026-06-19 09:22:00,C0953,Restaurant_12,Panchkula,Sector 8,4,1600,0.0,25,1625,Credit Card,Website,Delivered,Shiprocket,RD009,6.2,30,36.0,False,3.0,
ORD00370,2026-02-25,2026-02-25 12:31:00,C0615,Restaurant_08,Panchkula,Sector 11,2,300,20.0,30,310,UPI,Website,Delivered,In-house Rider,RD030,3.3,30,20.0,True,5.0,
ORD00680,2026-01-27,2026-01-27 11:42:00,C0856,Restaurant_13,Mohali,Phase 7,4,1280,20.0,30,1290,Debit Card,Restaurant App,Cancelled,Not Assigned,Not Assigned,4.3,35,,,,Rider Unavailable
ORD00782,2026-01-25,2026-01-25 08:51:00,C0294,Restaurant_24,Mohali,Sector 68,3,1050,20.0,25,1055,Credit Card,Restaurant App,Delivered,Shiprocket,RD014,4.8,40,22.0,True,5.0,
ORD03542,2026-03-29,2026-03-29 22:28:00,C1156,Restaurant_07,Panchkula,Sector 15,3,450,30.0,25,445,Wallet,Website,Delivered,In-house Rider,RD013,7.8,50,33.0,True,5.0,
ORD02993,2026-04-04,2026-04-04 07:26:00,C0100,Restaurant_12,Mohali,Phase 3B2,3,960,30.0,30,960,Cash,Website,Delivered,In-house Rider,RD008,2.0,30,22.0,True,5.0,
ORD02248,2026-06-16,2026-06-16 21:37:00,C1093,Restaurant_07,Mohali,Phase 3B2,3,840,0.0,40,880,Debit Card,Website,Delivered,Shiprocket,RD068,5.2,45,35.0,True,4.0,
ORD01330,2026-02-13,2026-02-13 00:04:00,C0833,Restaurant_01,Mohali,Phase 3B2,2,360,0.0,30,390,Credit Card,Restaurant App,Delivered,Shadowfax,RD123,2.4,45,25.0,True,5.0,
ORD02952,2026-01-31,2026-01-31 08:57:00,C0075,Restaurant_09,Mohali,Phase 7,2,440,30.0,50,460,Credit Card,Website,Delivered,Shiprocket,RD058,3.1,40,30.0,True,2.0,
ORD01117,2026-02-11,2026-02-11 21:22:00,C0619,Restaurant_11,Mohali,Phase 3B2,2,640,30.0,40,650,Debit Card,Restaurant App,Delivered,Ola Logistics,RD041,6.8,30,29.0,True,4.0,
ORD03439,2026-01-17,2026-01-17 22:15:00,C0430,Restaurant_18,Chandigarh,Sector 35,2,640,0.0,25,665,Wallet,Restaurant App,Delivered,In-house Rider,RD085,5.6,50,28.0,True,5.0,
ORD00468,2026-02-22,2026-02-22 12:03:00,C1077,Restaurant_02,Chandigarh,Manimajra,5,600,50.0,60,610,UPI,Website,Failed,Not Assigned,Not Assigned,4.3,40,,,,Rider Unavailable
ORD03985,2026-05-06,2026-05-06 02:46:00,C0510,Restaurant_15,Panchkula,Sector 11,1,320,0.0,25,345,Credit Card,Restaurant App,Delivered,Shiprocket,RD074,5.5,30,34.0,False,3.0,
ORD02003,2026-02-21,2026-02-21 17:49:00,C0145,Restaurant_13,Panchkula,Sector 5,2,500,0.0,30,530,Credit Card,Website,Delivered,In-house Rider,RD078,2.7,45,18.0,True,5.0,
ORD01402,2026-06-03,2026-06-03 07:34:00,C1156,Restaurant_11,Chandigarh,Sector 35,4,1120,0.0,25,1145,UPI,Website,Delivered,Shadowfax,RD088,5.9,50,28.0,True,5.0,
ORD01882,2026-05-20,2026-05-20 16:53:00,C0184,Restaurant_17,Panchkula,Sector 8,1,250,20.0,20,250,UPI,Website,Cancelled,Not Assigned,Not Assigned,0.9,40,,,,Customer Cancelled
ORD02864,2026-02-15,2026-02-15 01:29:00,C0521,Restaurant_18,Mohali,Sector 68,2,800,20.0,60,840,Debit Card,Restaurant App,Delivered,In-house Rider,RD088,2.8,50,26.0,True,2.0,
ORD01838,2026-04-15,2026-04-15 08:03:00,C1090,Restaurant_16,Chandigarh,Sector 22,1,280,0.0,20,300,Cash,Website,Delivered,In-house Rider,RD066,5.0,40,20.0,True,4.0,
ORD00323,2026-03-22,2026-03-22 00:40:00,C0966,Restaurant_04,Chandigarh,Manimajra,2,240,20.0,50,270,Wallet,Website,Cancelled,Not Assigned,Not Assigned,6.1,50,,,,Address Issue
ORD02452,2026-06-12,2026-06-12 00:30:00,C1048,Restaurant_12,Panchkula,Sector 8,1,150,0.0,25,175,UPI,Website,Delivered,In-house Rider,RD126,4.8,50,26.0,True,4.0,
ORD01878,2026-02-16,2026-02-16 16:20:00,C1110,Restaurant_13,Mohali,Sector 68,5,1100,100.0,25,1025,Credit Card,Restaurant App,Delivered,In-house Rider,RD074,4.8,35,24.0,True,5.0,
ORD00226,2026-05-23,2026-05-23 19:15:00,C0564,Restaurant_18,Panchkula,Sector 15,4,1000,0.0,40,1040,Wallet,Restaurant App,Delivered,In-house Rider,RD044,4.8,30,28.0,True,5.0,
ORD00535,2026-06-09,2026-06-09 16:17:00,C0941,Restaurant_18,Mohali,Sector 68,3,360,20.0,30,370,UPI,Website,Delivered,In-house Rider,RD043,4.0,35,21.0,True,5.0,
ORD00614,2026-03-02,2026-03-02 10:29:00,C0679,Restaurant_01,Chandigarh,Sector 22,5,1400,50.0,20,1370,Credit Card,Restaurant App,Failed,Not Assigned,Not Assigned,2.2,45,,,,Restaurant Delay
ORD01642,2026-04-06,2026-04-06 20:28:00,C0868,Restaurant_18,Mohali,Phase 3B2,3,840,75.0,50,815,Debit Card,Website,Delivered,In-house Rider,RD071,4.2,50,26.0,True,5.0,
ORD02133,2026-01-13,2026-01-13 08:23:00,C0094,Restaurant_18,Chandigarh,Sector 22,3,1050,50.0,25,1025,Wallet,Restaurant App,Delivered,Ola Logistics,RD009,3.3,30,26.0,True,4.0,
ORD01074,2026-06-05,2026-06-05 03:59:00,C0898,Restaurant_01,Panchkula,Sector 8,4,600,50.0,25,575,Credit Card,Website,Delivered,In-house Rider,RD113,8.1,50,43.0,True,5.0,
ORD01413,2026-01-15,2026-01-15 11:43:00,C1045,Restaurant_08,Mohali,Phase 5,4,880,0.0,25,905,Wallet,Website,Delivered,In-house Rider,RD100,5.0,35,22.0,True,3.0,
ORD01628,2026-01-23,2026-01-23 21:46:00,C0747,Restaurant_20,Chandigarh,Manimajra,5,1750,30.0,50,1770,Debit Card,Website,Delivered,In-house Rider,RD148,6.0,35,33.0,True,5.0,
ORD01478,2026-03-26,2026-03-26 02:57:00,C0418,Restaurant_18,Mohali,Phase 5,1,400,50.0,50,400,UPI,Website,Delivered,Ola Logistics,RD115,4.5,50,20.0,True,5.0,
ORD03738,2026-03-26,2026-03-26 01:07:00,C0301,Restaurant_12,Chandigarh,Sector 17,2,700,0.0,60,760,Debit Card,Restaurant App,Delivered,Ola Logistics,RD110,5.9,50,26.0,True,5.0,
ORD00978,2026-03-01,2026-03-01 23:06:00,C0837,Restaurant_03,Chandigarh,Sector 34,3,840,0.0,40,880,Wallet,Restaurant App,Delivered,In-house Rider,RD057,8.6,40,47.0,False,1.0,
ORD02389,2026-03-28,2026-03-28 19:32:00,C0594,Restaurant_19,Chandigarh,Sector 35,2,500,100.0,50,450,UPI,Website,Failed,Not Assigned,Not Assigned,3.1,40,,,,Rider Unavailable
ORD01504,2026-04-27,2026-04-27 18:16:00,C0747,Restaurant_08,Chandigarh,Sector 22,5,2000,30.0,25,1995,Wallet,Restaurant App,Delivered,In-house Rider,RD028,7.3,35,33.0,True,5.0,
ORD03158,2026-04-06,2026-04-06 13:02:00,C0987,Restaurant_22,Mohali,Phase 7,3,840,20.0,30,850,Credit Card,Website,Delivered,In-house Rider,RD116,3.8,30,25.0,True,4.0,
ORD03381,2026-04-13,2026-04-13 14:02:00,C0610,Restaurant_03,Chandigarh,Sector 34,4,1000,20.0,30,1010,Cash,Restaurant App,Cancelled,Not Assigned,Not Assigned,4.7,45,,,,Customer Cancelled
ORD00214,2026-01-27,2026-01-27 11:57:00,C0228,Restaurant_09,Panchkula,Sector 8,1,180,20.0,30,190,UPI,Website,Delivered,In-house Rider,RD129,5.9,30,33.0,False,5.0,
ORD01032,2026-02-24,2026-02-24 21:07:00,C0624,Restaurant_02,Chandigarh,Sector 17,3,960,100.0,20,880,UPI,Website,Delivered,Ola Logistics,RD138,4.9,45,20.0,True,3.0,
ORD00803,2026-02-24,2026-02-24 13:23:00,C1113,Restaurant_18,Panchkula,Sector 8,2,360,0.0,40,400,UPI,Restaurant App,Delivered,In-house Rider,RD137,5.5,45,21.0,True,5.0,
ORD02146,2026-02-28,2026-02-28 02:30:00,C0967,Restaurant_18,Chandigarh,Sector 17,3,540,100.0,40,480,Wallet,Restaurant App,Failed,Not Assigned,Not Assigned,7.6,35,,,,Address Issue
ORD01517,2026-06-07,2026-06-07 18:03:00,C0440,Restaurant_09,Panchkula,Sector 11,5,750,20.0,60,790,Cash,Restaurant App,Delivered,In-house Rider,RD068,6.0,50,31.0,True,5.0,
ORD00560,2026-06-17,2026-06-17 23:10:00,C0525,Restaurant_12,Panchkula,Sector 5,2,240,0.0,50,290,Cash,Restaurant App,Delivered,Shadowfax,RD002,5.9,35,28.0,True,4.0,
ORD01638,2026-03-26,2026-03-26 20:07:00,C0632,Restaurant_02,Chandigarh,Manimajra,1,250,75.0,50,225,Credit Card,Website,Delivered,In-house Rider,RD016,4.7,45,24.0,True,5.0,
ORD02045,2026-01-21,2026-01-21 20:18:00,C0122,Restaurant_25,Mohali,Sector 68,1,120,75.0,60,105,Credit Card,Restaurant App,Delivered,Ola Logistics,RD107,5.0,30,39.0,False,3.0,
ORD01559,2026-02-12,2026-02-12 08:07:00,C0591,Restaurant_13,Panchkula,Sector 11,5,750,20.0,25,755,Wallet,Restaurant App,Delivered,Shadowfax,RD062,6.2,40,47.0,False,4.0,
ORD00697,2026-05-12,2026-05-12 19:20:00,C0291,Restaurant_11,Chandigarh,Sector 35,5,750,20.0,20,750,Cash,Website,Delivered,In-house Rider,RD082,3.8,30,23.0,True,5.0,
ORD02867,2026-06-15,2026-06-15 07:25:00,C0271,Restaurant_03,Chandigarh,Manimajra,5,900,75.0,20,845,Debit Card,Restaurant App,Delivered,Shadowfax,RD044,7.5,40,121.0,False,4.0,
ORD01970,2026-01-15,2026-01-15 09:27:00,C0481,Restaurant_12,Chandigarh,Sector 22,1,400,75.0,30,355,Debit Card,Website,Delivered,In-house Rider,RD110,5.8,50,37.0,True,4.0,
ORD03417,2026-05-10,2026-05-10 23:09:00,C0712,Restaurant_14,Mohali,Phase 5,1,280,100.0,40,220,Wallet,Restaurant App,Cancelled,Not Assigned,Not Assigned,2.8,45,,,,Address Issue
ORD00237,2026-04-27,2026-04-27 15:48:00,C0845,Restaurant_09,Panchkula,Sector 8,4,1120,75.0,40,1085,UPI,Website,Delivered,Shadowfax,RD040,5.1,35,35.0,True,4.0,
ORD01528,2026-05-27,2026-05-27 17:07:00,C0130,Restaurant_05,Chandigarh,Sector 17,1,320,100.0,60,280,Cash,Website,Delivered,Ola Logistics,RD120,5.2,40,26.0,True,5.0,
ORD03724,2026-06-17,2026-06-17 07:40:00,C0062,Restaurant_24,Panchkula,Sector 8,4,1600,75.0,20,1545,Cash,Restaurant App,Failed,Not Assigned,Not Assigned,0.4,50,,,,Address Issue
ORD01715,2026-04-26,2026-04-26 02:49:00,C0903,Restaurant_13,Panchkula,Sector 15,5,1600,0.0,30,1630,Cash,Restaurant App,Delivered,In-house Rider,RD029,1.3,40,26.0,True,5.0,
ORD02905,2026-04-05,2026-04-05 06:17:00,C1150,Restaurant_04,Mohali,Phase 7,4,1120,75.0,40,1085,UPI,Restaurant App,Delivered,In-house Rider,RD118,4.8,30,67.0,False,5.0,
ORD03145,2026-05-01,2026-05-01 23:39:00,C0688,Restaurant_01,Mohali,Phase 3B2,2,800,0.0,40,840,Cash,Website,Delivered,Shiprocket,RD073,10.2,50,44.0,True,3.0,
ORD01708,2026-03-06,2026-03-06 10:02:00,C0725,Restaurant_06,Panchkula,Sector 11,5,1250,0.0,40,1290,Credit Card,Restaurant App,Delivered,In-house Rider,RD060,8.2,45,48.0,False,5.0,
ORD02928,2026-01-19,2026-01-19 05:16:00,C0692,Restaurant_21,Chandigarh,Manimajra,2,640,20.0,20,640,Credit Card,Restaurant App,Delivered,In-house Rider,RD046,9.7,40,32.0,True,4.0,
ORD00407,2026-03-25,2026-03-25 00:35:00,C0721,Restaurant_06,Panchkula,Sector 11,2,240,20.0,60,280,UPI,Website,Failed,Not Assigned,Not Assigned,5.0,45,,,,Restaurant Delay
ORD02770,2026-05-22,2026-05-22 17:50:00,C0912,Restaurant_11,Mohali,Phase 3B2,4,1000,0.0,30,1030,UPI,Website,Delivered,In-house Rider,RD089,3.9,35,33.0,True,5.0,
ORD00180,2026-02-01,2026-02-01 20:45:00,C1018,Restaurant_07,Mohali,Sector 68,5,600,0.0,30,630,Credit Card,Website,Failed,Not Assigned,Not Assigned,2.2,45,,,,Payment Failed
ORD00579,2026-01-15,2026-01-15 08:42:00,C0848,Restaurant_06,Chandigarh,Sector 17,5,1100,75.0,20,1045,Wallet,Website,Delivered,Ola Logistics,RD020,3.5,35,20.0,True,4.0,
ORD01133,2026-01-04,2026-01-04 04:40:00,C1106,Restaurant_11,Chandigarh,Sector 17,4,1400,75.0,25,1350,Credit Card,Website,Delivered,In-house Rider,RD027,7.0,40,37.0,True,5.0,
ORD01758,2026-06-15,2026-06-15 07:17:00,C0056,Restaurant_24,Chandigarh,Sector 17,5,900,0.0,50,950,Wallet,Restaurant App,Delivered,In-house Rider,RD134,4.6,30,85.0,False,2.0,
ORD00819,2026-01-12,2026-01-12 20:13:00,C0641,Restaurant_25,Panchkula,Sector 15,1,250,0.0,30,280,Credit Card,Website,Cancelled,Not Assigned,Not Assigned,4.2,40,,,,Address Issue
ORD03174,2026-01-09,2026-01-09 00:17:00,C0488,Restaurant_01,Mohali,Phase 7,5,1100,75.0,50,1075,Credit Card,Restaurant App,Delivered,In-house Rider,RD081,2.8,30,33.0,False,5.0,
ORD00368,2026-03-29,2026-03-29 21:43:00,C0345,Restaurant_05,Mohali,Sector 68,4,1280,0.0,50,1330,Debit Card,Website,Delivered,Shadowfax,RD103,6.3,50,32.0,True,5.0,
ORD02757,2026-01-15,2026-01-15 14:50:00,C0872,Restaurant_22,Chandigarh,Sector 17,4,1600,0.0,50,1650,Wallet,Restaurant App,Delivered,In-house Rider,RD125,1.4,40,53.0,False,5.0,
ORD02348,2026-05-23,2026-05-23 02:48:00,C1032,Restaurant_12,Mohali,Phase 3B2,4,1400,0.0,30,1430,Debit Card,Restaurant App,Delivered,In-house Rider,RD032,4.8,35,32.0,True,5.0,
ORD00537,2026-06-29,2026-06-29 23:00:00,C0672,Restaurant_19,Chandigarh,Sector 22,1,320,100.0,25,245,Cash,Website,Delivered,In-house Rider,RD039,4.4,35,22.0,True,5.0,
ORD00148,2026-06-20,2026-06-20 14:00:00,C0220,Restaurant_01,Panchkula,Sector 15,4,600,0.0,60,660,Credit Card,Website,Delivered,Shadowfax,RD133,5.1,35,48.0,False,5.0,
ORD00647,2026-02-28,2026-02-28 02:44:00,C0463,Restaurant_08,Chandigarh,Manimajra,5,600,0.0,60,660,Cash,Restaurant App,Cancelled,Not Assigned,Not Assigned,5.3,50,,,,Payment Failed
ORD00744,2026-03-26,2026-03-26 14:32:00,C0061,Restaurant_16,Panchkula,Sector 15,5,1600,30.0,30,1600,Wallet,Restaurant App,Delivered,In-house Rider,RD099,2.7,35,22.0,True,3.0,
ORD02001,2026-02-02,2026-02-02 11:46:00,C0824,Restaurant_05,Panchkula,Sector 15,2,440,0.0,40,480,Wallet,Restaurant App,Delivered,In-house Rider,RD015,1.5,40,21.0,True,5.0,
ORD02427,2026-06-07,2026-06-07 05:50:00,C1166,Restaurant_21,Chandigarh,Manimajra,1,350,0.0,20,370,Wallet,Website,Cancelled,Not Assigned,Not Assigned,0.8,35,,,,Customer Cancelled
ORD00651,2026-02-01,2026-02-01 19:33:00,C0697,Restaurant_10,Mohali,Phase 7,1,220,75.0,60,205,Cash,Restaurant App,Delivered,Ola Logistics,RD064,6.0,35,38.0,False,5.0,
ORD03649,2026-01-24,2026-01-24 00:21:00,C0888,Restaurant_21,Chandigarh,Sector 35,4,600,0.0,25,625,Debit Card,Restaurant App,Delivered,In-house Rider,RD150,3.2,40,28.0,True,5.0,
ORD00194,2026-01-29,2026-01-29 03:52:00,C0848,Restaurant_05,Mohali,Phase 5,2,800,0.0,30,830,Credit Card,Restaurant App,Delivered,In-house Rider,RD141,4.7,40,40.0,True,5.0,
ORD03792,2026-06-19,2026-06-19 13:19:00,C0541,Restaurant_10,Panchkula,Sector 15,2,360,20.0,60,400,Credit Card,Restaurant App,Delivered,In-house Rider,RD080,2.3,45,19.0,True,5.0,
ORD00939,2026-02-23,2026-02-23 01:15:00,C1191,Restaurant_02,Chandigarh,Sector 34,1,350,0.0,25,375,UPI,Restaurant App,Delivered,In-house Rider,RD060,4.3,50,32.0,True,5.0,
ORD00167,2026-04-15,2026-04-15 05:07:00,C0593,Restaurant_20,Chandigarh,Sector 35,5,900,50.0,60,910,Cash,Website,Delivered,In-house Rider,RD119,7.1,30,31.0,False,5.0,
ORD00543,2026-01-27,2026-01-27 05:05:00,C1020,Restaurant_03,Panchkula,Sector 15,5,1400,20.0,60,1440,Wallet,Website,Delivered,In-house Rider,RD042,2.6,45,25.0,True,5.0,
ORD00649,2026-01-24,2026-01-24 08:03:00,C0882,Restaurant_12,Chandigarh,Sector 34,2,440,50.0,25,415,Debit Card,Restaurant App,Delivered,Ola Logistics,RD130,7.9,40,36.0,True,5.0,
ORD00905,2026-04-05,2026-04-05 13:20:00,C0123,Restaurant_15,Chandigarh,Sector 35,3,960,100.0,60,920,Wallet,Website,Delivered,In-house Rider,RD108,8.6,35,38.0,False,1.0,
ORD00628,2026-04-04,2026-04-04 12:24:00,C0331,Restaurant_05,Panchkula,Sector 15,4,720,20.0,40,740,Cash,Website,Delivered,Shadowfax,RD025,3.4,50,26.0,True,5.0,
ORD01967,2026-01-28,2026-01-28 17:33:00,C0726,Restaurant_16,Panchkula,Sector 5,5,1400,0.0,60,1460,Cash,Restaurant App,Delivered,In-house Rider,RD045,5.9,45,25.0,True,4.0,
ORD03098,2026-03-28,2026-03-28 21:05:00,C0497,Restaurant_09,Chandigarh,Sector 22,2,360,0.0,30,390,Wallet,Restaurant App,Delivered,In-house Rider,RD091,7.8,35,39.0,False,4.0,
ORD03784,2026-01-08,2026-01-08 05:29:00,C0613,Restaurant_03,Mohali,Phase 7,4,600,100.0,30,530,Wallet,Website,Failed,Not Assigned,Not Assigned,3.6,50,,,,Restaurant Delay
ORD02466,2026-03-04,2026-03-04 23:21:00,C0131,Restaurant_15,Chandigarh,Sector 22,4,1000,50.0,25,975,Credit Card,Website,Delivered,In-house Rider,RD045,2.4,30,36.0,False,3.0,
ORD00440,2026-02-13,2026-02-13 11:39:00,C0741,Restaurant_17,Mohali,Phase 5,5,1250,0.0,60,1310,Wallet,Restaurant App,Delivered,In-house Rider,RD089,4.1,30,27.0,True,4.0,
ORD01102,2026-03-02,2026-03-02 06:02:00,C0928,Restaurant_23,Panchkula,Sector 5,1,280,0.0,30,310,UPI,Website,Delivered,Ola Logistics,RD114,2.5,45,23.0,True,4.0,
ORD03962,2026-02-13,2026-02-13 14:03:00,C0521,Restaurant_25,Mohali,Phase 5,3,750,30.0,60,780,Debit Card,Website,Delivered,Shiprocket,RD030,2.9,40,37.0,True,5.0,
ORD02380,2026-04-27,2026-04-27 15:11:00,C0631,Restaurant_15,Mohali,Phase 5,5,2000,0.0,50,2050,Credit Card,Website,Delivered,In-house Rider,RD114,5.8,50,29.0,True,5.0,
ORD03705,2026-01-06,2026-01-06 23:44:00,C1119,Restaurant_12,Panchkula,Sector 15,5,1600,100.0,20,1520,UPI,Restaurant App,Delivered,In-house Rider,RD137,5.3,30,27.0,True,5.0,
ORD02678,2026-03-28,2026-03-28 11:45:00,C0423,Restaurant_09,Panchkula,Sector 5,5,2000,75.0,20,1945,Cash,Website,Delivered,Shadowfax,RD083,6.5,35,26.0,True,4.0,
ORD00586,2026-06-25,2026-06-25 09:44:00,C0566,Restaurant_18,Chandigarh,Sector 22,4,1000,100.0,25,925,Cash,Website,Delivered,Shiprocket,RD011,5.8,45,25.0,True,5.0,
ORD01281,2026-06-13,2026-06-13 09:35:00,C0198,Restaurant_18,Panchkula,Sector 11,4,480,0.0,50,530,Wallet,Website,Delivered,In-house Rider,RD150,5.4,30,35.0,False,4.0,
ORD00372,2026-04-22,2026-04-22 19:40:00,C0383,Restaurant_01,Mohali,Phase 7,3,840,20.0,25,845,Credit Card,Website,Delivered,In-house Rider,RD014,4.7,50,41.0,True,5.0,
ORD01561,2026-02-11,2026-02-11 10:54:00,C0348,Restaurant_18,Panchkula,Sector 8,3,360,20.0,30,370,Cash,Restaurant App,Delivered,In-house Rider,RD074,2.8,40,27.0,True,5.0,
ORD02964,2026-06-21,2026-06-21 22:49:00,C0465,Restaurant_08,Panchkula,Sector 8,4,480,0.0,30,510,UPI,Website,Delivered,Ola Logistics,RD127,4.2,30,23.0,True,5.0,
ORD01553,2026-04-04,2026-04-04 20:35:00,C0030,Restaurant_19,Chandigarh,Sector 17,3,360,100.0,50,310,Credit Card,Website,Delivered,In-house Rider,RD132,8.0,50,37.0,True,3.0,
ORD03402,2026-04-17,2026-04-17 15:49:00,C1039,Restaurant_04,Panchkula,Sector 5,2,500,50.0,40,490,UPI,Website,Delivered,Shadowfax,RD133,3.9,45,36.0,True,5.0,
ORD01754,2026-05-21,2026-05-21 17:11:00,C0732,Restaurant_17,Chandigarh,Sector 34,2,800,0.0,30,830,Cash,Website,Delivered,Shadowfax,RD110,5.9,30,33.0,False,5.0,
ORD01272,2026-05-25,2026-05-25 07:14:00,C0129,Restaurant_13,Panchkula,Sector 5,1,350,0.0,25,375,Credit Card,Website,Delivered,Shadowfax,RD071,8.4,30,44.0,False,4.0,
ORD01165,2026-05-28,2026-05-28 18:20:00,C0338,Restaurant_01,Panchkula,Sector 11,5,1250,0.0,50,1300,UPI,Website,Delivered,Ola Logistics,RD102,7.3,35,47.0,False,4.0,
ORD02847,2026-06-18,2026-06-18 19:34:00,C0257,Restaurant_21,Panchkula,Sector 5,4,600,100.0,50,550,Credit Card,Website,Delivered,Ola Logistics,RD128,4.0,50,34.0,True,5.0,
ORD00290,2026-03-23,2026-03-23 20:44:00,C0746,Restaurant_23,Panchkula,Sector 15,5,600,100.0,30,530,UPI,Website,Delivered,In-house Rider,RD100,2.7,30,26.0,True,5.0,
ORD02514,2026-04-14,2026-04-14 03:04:00,C0431,Restaurant_19,Mohali,Phase 7,1,400,0.0,25,425,Cash,Website,Delivered,In-house Rider,RD010,2.0,45,21.0,True,2.0,
ORD02836,2026-06-23,2026-06-23 15:39:00,C0258,Restaurant_23,Chandigarh,Manimajra,3,1050,0.0,40,1090,Credit Card,Restaurant App,Delivered,In-house Rider,RD055,6.6,30,26.0,True,5.0,
ORD02661,2026-03-31,2026-03-31 01:01:00,C0357,Restaurant_25,Panchkula,Sector 8,1,400,0.0,40,440,Debit Card,Website,Delivered,In-house Rider,RD008,3.2,30,35.0,False,5.0,
ORD02211,2026-04-05,2026-04-05 16:56:00,C0957,Restaurant_08,Panchkula,Sector 11,1,280,20.0,50,310,Cash,Website,Delivered,Shiprocket,RD148,1.2,35,11.0,True,5.0,
ORD02526,2026-03-13,2026-03-13 05:41:00,C1161,Restaurant_19,Mohali,Phase 5,2,800,75.0,30,755,UPI,Restaurant App,Delivered,In-house Rider,RD116,4.0,30,27.0,True,5.0,
ORD02768,2026-02-11,2026-02-11 16:18:00,C0266,Restaurant_12,Chandigarh,Manimajra,2,300,0.0,40,340,Wallet,Restaurant App,Delivered,Shadowfax,RD125,3.2,45,25.0,True,4.0,
ORD00904,2026-06-16,2026-06-16 19:08:00,C1021,Restaurant_11,Panchkula,Sector 5,3,960,30.0,20,950,Cash,Restaurant App,Delivered,Ola Logistics,RD039,4.2,35,31.0,True,5.0,
ORD00326,2026-04-10,2026-04-10 15:17:00,C0747,Restaurant_21,Mohali,Phase 3B2,2,240,100.0,30,170,Cash,Restaurant App,Delivered,Ola Logistics,RD117,4.8,35,28.0,True,3.0,
ORD02194,2026-04-22,2026-04-22 05:35:00,C1164,Restaurant_01,Mohali,Phase 7,4,1600,0.0,20,1620,UPI,Website,Delivered,In-house Rider,RD001,5.5,50,20.0,True,4.0,
ORD01635,2026-05-12,2026-05-12 13:55:00,C0521,Restaurant_05,Panchkula,Sector 15,3,540,0.0,30,570,UPI,Website,Delivered,Shiprocket,RD020,4.1,35,13.0,True,3.0,
ORD00556,2026-03-08,2026-03-08 20:29:00,C0728,Restaurant_15,Panchkula,Sector 5,3,450,,20,470,Cash,Restaurant App,Delivered,In-house Rider,RD070,,35,21.0,True,,
ORD03094,2026-06-05,2026-06-05 09:54:00,C0641,Restaurant_09,Chandigarh,Sector 35,4,1400,30.0,60,1430,UPI,Website,Delivered,Shadowfax,RD102,4.7,40,34.0,True,5.0,
ORD03397,2026-02-09,2026-02-09 19:26:00,C0030,Restaurant_01,Chandigarh,Sector 22,3,660,30.0,20,650,Debit Card,Website,Delivered,In-house Rider,RD110,5.9,45,33.0,True,5.0,
ORD02479,2026-02-05,2026-02-05 07:49:00,C0075,Restaurant_12,Panchkula,Sector 11,5,1100,100.0,20,1020,Wallet,Restaurant App,Delivered,In-house Rider,RD083,4.0,50,33.0,True,3.0,
ORD01854,2026-03-02,2026-03-02 19:30:00,C0354,Restaurant_17,Panchkula,Sector 5,2,240,50.0,50,240,Credit Card,Restaurant App,Failed,Not Assigned,Not Assigned,4.3,40,,,,Address Issue
ORD03140,2026-05-15,2026-05-15 16:49:00,C0319,Restaurant_21,Panchkula,Sector 15,2,240,0.0,40,280,Wallet,Website,Delivered,In-house Rider,RD107,4.8,50,19.0,True,5.0,
ORD03022,2026-06-12,2026-06-12 00:13:00,C0379,Restaurant_19,Panchkula,Sector 15,4,600,0.0,50,650,UPI,Restaurant App,Delivered,Shiprocket,RD097,6.2,30,33.0,False,5.0,
ORD01650,2026-04-06,2026-04-06 03:52:00,C0840,Restaurant_08,Mohali,Sector 68,3,750,20.0,20,750,UPI,Restaurant App,Delivered,In-house Rider,RD024,1.6,30,10.0,True,5.0,
ORD00284,2026-01-06,2026-01-06 02:48:00,C0608,Restaurant_13,Panchkula,Sector 5,3,960,75.0,50,935,UPI,Restaurant App,Delivered,Shadowfax,RD063,1.7,35,18.0,True,5.0,
ORD00006,2026-02-09,2026-02-09 17:28:00,C0001,Restaurant_04,Panchkula,Sector 15,1,180,100.0,25,105,Wallet,Restaurant App,Delivered,In-house Rider,RD091,7.8,45,33.0,True,5.0,
ORD02374,2026-03-13,2026-03-13 18:19:00,C1128,Restaurant_09,Mohali,Sector 68,5,750,100.0,25,675,Cash,Website,Delivered,In-house Rider,RD053,7.9,40,36.0,True,1.0,
ORD01445,2026-04-08,2026-04-08 18:11:00,C0291,Restaurant_02,Mohali,Phase 7,4,720,0.0,25,745,Credit Card,Restaurant App,Cancelled,Not Assigned,Not Assigned,2.0,50,,,,Rider Unavailable
ORD02660,2026-05-10,2026-05-10 15:32:00,C0028,Restaurant_08,Panchkula,Sector 15,3,1200,100.0,40,1140,Cash,Website,Delivered,In-house Rider,RD038,7.7,45,31.0,True,3.0,
ORD02017,2026-05-24,2026-05-24 03:41:00,C0256,Restaurant_09,Panchkula,Sector 11,3,1050,75.0,30,1005,Credit Card,Restaurant App,Delivered,In-house Rider,RD020,1.6,40,20.0,True,5.0,
ORD01394,2026-05-12,2026-05-12 22:55:00,C0664,Restaurant_22,Mohali,Phase 7,4,720,0.0,20,740,Wallet,Restaurant App,Cancelled,Not Assigned,Not Assigned,0.7,50,,,,Address Issue
ORD00676,2026-02-06,2026-02-06 16:40:00,C0952,Restaurant_21,Chandigarh,Manimajra,1,180,20.0,50,210,Credit Card,Restaurant App,Delivered,Ola Logistics,RD063,6.3,35,31.0,True,2.0,
ORD03088,2026-05-05,2026-05-05 18:03:00,C1058,Restaurant_05,Panchkula,Sector 15,2,360,30.0,60,390,Wallet,Restaurant App,Delivered,In-house Rider,RD045,5.4,45,27.0,True,5.0,
ORD02151,2026-02-23,2026-02-23 08:06:00,C0782,Restaurant_08,Panchkula,Sector 8,5,600,0.0,40,640,UPI,Restaurant App,Delivered,Shiprocket,RD060,2.8,35,20.0,True,5.0,
ORD01294,2026-05-14,2026-05-14 01:49:00,C0750,Restaurant_19,Panchkula,Sector 11,2,240,0.0,50,290,Credit Card,Restaurant App,Delivered,Shadowfax,RD080,3.7,30,25.0,True,4.0,
ORD01378,2026-05-17,2026-05-17 15:02:00,C0415,Restaurant_18,Mohali,Sector 68,5,750,30.0,50,770,Cash,Website,Delivered,In-house Rider,RD047,5.4,30,36.0,False,4.0,
ORD01948,2026-02-26,2026-02-26 03:40:00,C0804,Restaurant_20,Panchkula,Sector 8,2,240,100.0,60,200,Credit Card,Website,Delivered,In-house Rider,RD034,7.3,35,38.0,False,4.0,
ORD01350,2026-05-12,2026-05-12 16:58:00,C1084,Restaurant_23,Mohali,Phase 5,4,600,0.0,40,640,UPI,Website,Delivered,In-house Rider,RD029,5.1,35,45.0,False,5.0,
ORD03319,2026-04-16,2026-04-16 22:23:00,C0736,Restaurant_13,Chandigarh,Manimajra,5,1750,0.0,60,1810,Credit Card,Restaurant App,Delivered,In-house Rider,RD046,5.4,40,28.0,True,,
ORD00843,2026-04-03,2026-04-03 19:46:00,C1013,Restaurant_18,Panchkula,Sector 8,5,1750,0.0,30,1780,Credit Card,Website,Delivered,In-house Rider,RD081,6.6,45,91.0,False,5.0,
ORD01969,2026-01-15,2026-01-15 22:01:00,C1102,Restaurant_21,Mohali,Phase 5,4,720,0.0,25,745,Cash,Restaurant App,Delivered,In-house Rider,RD038,4.6,40,30.0,True,4.0,
ORD00071,2026-02-27,2026-02-27 07:10:00,C0744,Restaurant_04,Chandigarh,Sector 34,3,450,,25,455,Credit Card,Website,Failed,Not Assigned,Not Assigned,,40,,,,Rider Unavailable
ORD00467,2026-06-03,2026-06-03 15:58:00,C0389,Restaurant_25,Panchkula,Sector 8,4,1600,30.0,25,1595,UPI,Restaurant App,Failed,Not Assigned,Not Assigned,3.6,50,,,,Payment Failed
ORD01664,2026-04-20,2026-04-20 18:19:00,C0714,Restaurant_09,Chandigarh,Manimajra,2,300,75.0,30,255,Wallet,Restaurant App,Cancelled,Not Assigned,Not Assigned,2.1,45,,,,Address Issue
ORD00047,2026-04-29,2026-04-29 15:50:00,C0660,Restaurant_13,Panchkula,Sector 15,4,1000,75.0,60,985,Wallet,Restaurant App,Delivered,Shiprocket,RD021,3.2,45,14.0,True,5.0,
ORD01164,2026-04-29,2026-04-29 22:12:00,C0747,Restaurant_21,Panchkula,Sector 15,2,500,100.0,40,440,Credit Card,Website,Delivered,In-house Rider,RD142,4.7,40,35.0,True,5.0,
ORD00398,2026-04-19,2026-04-19 19:59:00,C0442,Restaurant_03,Mohali,Phase 5,1,220,50.0,40,210,Credit Card,Restaurant App,Delivered,In-house Rider,RD083,3.5,50,21.0,True,5.0,
ORD01668,2026-02-10,2026-02-10 12:52:00,C0688,Restaurant_20,Panchkula,Sector 8,4,600,0.0,30,630,Cash,Website,Delivered,In-house Rider,RD099,8.0,40,49.0,False,3.0,
ORD00785,2026-05-17,2026-05-17 09:24:00,C0304,Restaurant_18,Panchkula,Sector 5,5,1400,0.0,40,1440,UPI,Restaurant App,Cancelled,Not Assigned,Not Assigned,1.3,45,,,,Rider Unavailable
ORD01564,2026-05-30,2026-05-30 14:23:00,C1165,Restaurant_02,Mohali,Phase 3B2,5,1600,0.0,40,1640,UPI,Restaurant App,Failed,Not Assigned,Not Assigned,6.6,30,,,,Customer Cancelled
ORD00702,2026-06-14,2026-06-14 18:45:00,C0858,Restaurant_07,Mohali,Sector 68,2,300,30.0,25,295,Cash,Restaurant App,Delivered,Ola Logistics,RD052,7.3,45,39.0,True,3.0,
ORD03924,2026-06-07,2026-06-07 12:11:00,C0014,Restaurant_02,Chandigarh,Sector 17,3,450,50.0,50,450,Credit Card,Restaurant App,Failed,Not Assigned,Not Assigned,6.4,45,,,,Restaurant Delay
ORD01176,2026-03-12,2026-03-12 12:11:00,C0447,Restaurant_09,Chandigarh,Sector 35,5,750,0.0,25,775,Wallet,Restaurant App,Delivered,In-house Rider,RD029,6.7,40,36.0,True,5.0,
ORD00925,2026-02-28,2026-02-28 11:31:00,C0806,Restaurant_07,Chandigarh,Sector 22,2,560,0.0,60,620,Wallet,Restaurant App,Delivered,In-house Rider,RD133,6.1,50,43.0,True,5.0,
ORD03446,2026-05-17,2026-05-17 02:22:00,C0317,Restaurant_10,Panchkula,Sector 15,5,1400,0.0,50,1450,UPI,Website,Delivered,In-house Rider,RD002,7.1,50,29.0,True,2.0,
ORD01695,2026-03-28,2026-03-28 14:04:00,C0736,Restaurant_24,Panchkula,Sector 8,4,1120,100.0,50,1070,Cash,Restaurant App,Delivered,In-house Rider,RD004,4.9,40,30.0,True,5.0,
ORD00817,2026-01-22,2026-01-22 13:38:00,C1167,Restaurant_13,Mohali,Phase 3B2,5,900,0.0,20,920,Cash,Restaurant App,Delivered,In-house Rider,RD098,4.1,30,31.0,False,2.0,
ORD00518,2026-01-15,2026-01-15 02:22:00,C0043,Restaurant_17,Chandigarh,Sector 17,3,540,20.0,25,545,Wallet,Restaurant App,Cancelled,Not Assigned,Not Assigned,0.0,50,,,,Payment Failed
ORD03370,2026-05-13,2026-05-13 12:20:00,C0271,Restaurant_02,Mohali,Phase 5,5,1250,50.0,30,1230,UPI,Website,Cancelled,Not Assigned,Not Assigned,5.1,50,,,,Rider Unavailable
ORD02109,2026-02-15,2026-02-15 15:23:00,C0137,Restaurant_10,Chandigarh,Sector 34,2,640,20.0,25,645,UPI,Website,Delivered,In-house Rider,RD022,3.3,30,33.0,False,5.0,
ORD02902,2026-06-26,2026-06-26 13:27:00,C0316,Restaurant_16,Mohali,Phase 5,4,1600,75.0,20,1545,Wallet,Website,Delivered,In-house Rider,RD103,8.6,40,32.0,True,5.0,
ORD03187,2026-06-04,2026-06-04 09:21:00,C0448,Restaurant_24,Mohali,Phase 5,1,120,0.0,20,140,UPI,Restaurant App,Cancelled,Not Assigned,Not Assigned,5.0,30,,,,Restaurant Delay
ORD02743,2026-06-22,2026-06-22 01:38:00,C0888,Restaurant_10,Mohali,Phase 5,4,1400,50.0,60,1410,UPI,Restaurant App,Delivered,In-house Rider,RD125,1.3,45,32.0,True,3.0,
ORD02121,2026-03-09,2026-03-09 23:30:00,C0887,Restaurant_17,Panchkula,Sector 5,4,880,20.0,50,910,Credit Card,Website,Delivered,In-house Rider,RD062,4.1,50,33.0,True,4.0,
ORD02523,2026-05-26,2026-05-26 04:57:00,C0047,Restaurant_13,Chandigarh,Sector 35,2,300,20.0,20,300,Debit Card,Restaurant App,Delivered,Shiprocket,RD121,3.3,40,30.0,True,4.0,
ORD01598,2026-06-03,2026-06-03 08:04:00,C0901,Restaurant_15,Mohali,Phase 7,5,750,100.0,20,670,Debit Card,Website,Delivered,Shadowfax,RD007,7.2,40,51.0,False,5.0,
ORD01100,2026-06-21,2026-06-21 23:49:00,C0447,Restaurant_19,Mohali,Phase 5,4,1400,20.0,20,1400,UPI,Restaurant App,Delivered,Shadowfax,RD092,7.5,35,41.0,False,1.0,
ORD02084,2026-06-12,2026-06-12 22:03:00,C1077,Restaurant_07,Chandigarh,Manimajra,5,750,20.0,30,760,Credit Card,Restaurant App,Delivered,In-house Rider,RD062,6.0,35,30.0,True,5.0,
ORD02407,2026-04-18,2026-04-18 01:15:00,C0785,Restaurant_23,Chandigarh,Sector 17,2,700,100.0,20,620,Wallet,Restaurant App,Delivered,In-house Rider,RD081,5.1,40,40.0,True,5.0,
ORD03026,2026-02-03,2026-02-03 18:17:00,C0055,Restaurant_21,Mohali,Phase 5,5,1600,50.0,20,1570,Cash,Website,Delivered,In-house Rider,RD061,9.7,30,117.0,False,4.0,
ORD01459,2026-03-30,2026-03-30 02:45:00,C1088,Restaurant_18,Panchkula,Sector 15,2,640,30.0,20,630,Credit Card,Restaurant App,Delivered,Shadowfax,RD097,4.0,50,21.0,True,3.0,
ORD01717,2026-02-06,2026-02-06 22:16:00,C0331,Restaurant_24,Panchkula,Sector 8,5,1100,20.0,40,1120,Credit Card,Restaurant App,Delivered,In-house Rider,RD104,10.3,40,47.0,False,4.0,
ORD01379,2026-01-21,2026-01-21 14:07:00,C1168,Restaurant_25,Mohali,Sector 68,1,180,100.0,50,130,Credit Card,Restaurant App,Delivered,In-house Rider,RD004,5.3,40,41.0,False,5.0,
ORD02886,2026-03-13,2026-03-13 21:22:00,C0834,Restaurant_09,Panchkula,Sector 5,5,1600,75.0,30,1555,Cash,Website,Delivered,Ola Logistics,RD047,1.7,40,15.0,True,2.0,
ORD00989,2026-03-29,2026-03-29 04:58:00,C0373,Restaurant_02,Chandigarh,Sector 35,3,1200,100.0,60,1160,Cash,Restaurant App,Failed,Not Assigned,Not Assigned,0.7,40,,,,Payment Failed
ORD01118,2026-01-08,2026-01-08 16:49:00,C0880,Restaurant_02,Panchkula,Sector 5,5,750,0.0,60,810,Credit Card,Website,Failed,Not Assigned,Not Assigned,2.8,50,,,,Rider Unavailable
ORD02078,2026-06-21,2026-06-21 06:00:00,C1077,Restaurant_17,Chandigarh,Sector 35,1,120,50.0,20,90,Wallet,Website,Delivered,In-house Rider,RD042,4.4,35,31.0,True,5.0,
ORD03204,2026-03-31,2026-03-31 01:58:00,C1191,Restaurant_03,Chandigarh,Sector 35,3,960,75.0,50,935,Wallet,Website,Delivered,In-house Rider,RD074,7.4,45,46.0,False,4.0,
ORD03178,2026-02-16,2026-02-16 01:53:00,C0757,Restaurant_16,Mohali,Phase 7,4,600,20.0,25,605,Credit Card,Website,Delivered,In-house Rider,RD059,8.3,50,41.0,True,4.0,
ORD03282,2026-01-16,2026-01-16 12:57:00,C1119,Restaurant_15,Chandigarh,Sector 35,1,150,0.0,30,180,Credit Card,Website,Delivered,Shadowfax,RD037,2.4,30,16.0,True,4.0,
ORD01484,2026-04-20,2026-04-20 19:41:00,C0812,Restaurant_21,Chandigarh,Sector 22,5,1100,75.0,50,1075,UPI,Restaurant App,Delivered,In-house Rider,RD118,5.0,35,26.0,True,5.0,
ORD03563,2026-05-15,2026-05-15 07:20:00,C0442,Restaurant_12,Chandigarh,Sector 22,1,350,0.0,30,380,Debit Card,Restaurant App,Delivered,In-house Rider,RD049,3.2,50,27.0,True,5.0,
ORD03193,2026-05-19,2026-05-19 22:33:00,C0091,Restaurant_16,Mohali,Sector 68,1,320,75.0,60,305,Debit Card,Website,Delivered,In-house Rider,RD142,2.9,30,18.0,True,4.0,
ORD00189,2026-05-01,2026-05-01 17:59:00,C0588,Restaurant_21,Mohali,Phase 3B2,3,1200,20.0,25,1205,Cash,Restaurant App,Delivered,Shiprocket,RD084,3.2,45,16.0,True,4.0,
ORD03077,2026-05-28,2026-05-28 08:35:00,C0235,Restaurant_23,Panchkula,Sector 11,5,1100,50.0,50,1100,Cash,Website,Delivered,Shiprocket,RD123,6.2,50,29.0,True,3.0,
ORD03882,2026-04-12,2026-04-12 10:38:00,C0993,Restaurant_20,Mohali,Phase 3B2,5,1250,20.0,20,1250,Wallet,Restaurant App,Delivered,In-house Rider,RD101,5.1,40,23.0,True,4.0,
ORD03759,2026-03-12,2026-03-12 06:19:00,C1101,Restaurant_08,Chandigarh,Sector 22,5,600,75.0,40,565,Wallet,Restaurant App,Delivered,Ola Logistics,RD018,4.6,50,20.0,True,5.0,
ORD00344,2026-06-19,2026-06-19 22:52:00,C0688,Restaurant_13,Mohali,Phase 7,3,1200,0.0,25,1225,UPI,Website,Delivered,Ola Logistics,RD019,3.3,35,28.0,True,4.0,
ORD00008,2026-04-17,2026-04-17 11:01:00,C0794,Restaurant_18,Mohali,Phase 5,1,180,50.0,60,190,Debit Card,Restaurant App,Delivered,In-house Rider,RD021,8.3,30,36.0,False,5.0,
ORD00760,2026-01-28,2026-01-28 16:22:00,C1079,Restaurant_15,Chandigarh,Sector 17,1,250,0.0,30,280,Credit Card,Restaurant App,Delivered,In-house Rider,RD006,5.6,45,25.0,True,4.0,
ORD02062,2026-05-06,2026-05-06 06:37:00,C0874,Restaurant_03,Panchkula,Sector 5,5,1100,100.0,30,1030,UPI,Website,Delivered,In-house Rider,RD025,3.5,40,94.0,False,5.0,
ORD03314,2026-05-26,2026-05-26 23:28:00,C0305,Restaurant_07,Mohali,Phase 5,1,400,0.0,20,420,Credit Card,Restaurant App,Failed,Not Assigned,Not Assigned,1.5,50,,,,Address Issue
ORD02264,2026-04-27,2026-04-27 06:08:00,C0838,Restaurant_13,Panchkula,Sector 8,4,1400,100.0,50,1350,Debit Card,Website,Delivered,Shiprocket,RD095,2.8,35,20.0,True,3.0,
ORD02158,2026-05-22,2026-05-22 05:41:00,C0077,Restaurant_10,Chandigarh,Sector 34,4,480,50.0,20,450,UPI,Website,Cancelled,Not Assigned,Not Assigned,4.2,45,,,,Address Issue
ORD03986,2026-02-02,2026-02-02 14:01:00,C0750,Restaurant_14,Chandigarh,Sector 34,5,1100,30.0,30,1100,Debit Card,Website,Delivered,In-house Rider,RD025,2.2,35,12.0,True,5.0,
ORD01097,2026-03-26,2026-03-26 18:01:00,C0706,Restaurant_10,Panchkula,Sector 11,2,700,20.0,20,700,Cash,Restaurant App,Delivered,Ola Logistics,RD016,5.4,30,40.0,False,4.0,
ORD00055,2026-05-10,2026-05-10 02:27:00,C0239,Restaurant_23,Mohali,Phase 7,4,480,0.0,30,510,Cash,Website,Delivered,In-house Rider,RD113,7.5,45,29.0,True,5.0,
ORD02929,2026-01-05,2026-01-05 04:08:00,C0185,Restaurant_21,Mohali,Sector 68,2,440,20.0,40,460,UPI,Restaurant App,Delivered,In-house Rider,RD045,3.7,30,16.0,True,5.0,
ORD01768,2026-02-12,2026-02-12 23:29:00,C0845,Restaurant_19,Panchkula,Sector 8,3,360,30.0,30,360,Wallet,Website,Delivered,In-house Rider,RD108,2.0,50,14.0,True,5.0,
ORD03647,2026-05-27,2026-05-27 09:18:00,C0328,Restaurant_21,Panchkula,Sector 8,4,480,75.0,25,430,Credit Card,Website,Delivered,Shiprocket,RD131,2.0,40,24.0,True,3.0,
ORD01946,2026-06-11,2026-06-11 06:06:00,C1172,Restaurant_14,Panchkula,Sector 11,3,540,100.0,40,480,Credit Card,Restaurant App,Delivered,In-house Rider,RD033,4.2,45,33.0,True,5.0,
ORD03420,2026-01-16,2026-01-16 02:26:00,C0953,Restaurant_17,Chandigarh,Sector 17,5,750,0.0,25,775,Credit Card,Website,Delivered,In-house Rider,RD070,5.8,35,33.0,True,3.0,
ORD01052,2026-04-17,2026-04-17 13:37:00,C1128,Restaurant_24,Mohali,Phase 7,5,900,0.0,30,930,UPI,Website,Failed,Not Assigned,Not Assigned,4.8,30,,,,Rider Unavailable
ORD03009,2026-03-30,2026-03-30 12:19:00,C0547,Restaurant_10,Panchkula,Sector 15,4,1600,50.0,50,1600,UPI,Website,Delivered,In-house Rider,RD129,3.2,45,21.0,True,4.0,
ORD02279,2026-03-15,2026-03-15 14:10:00,C1114,Restaurant_10,Mohali,Sector 68,2,800,0.0,40,840,Wallet,Restaurant App,Failed,Not Assigned,Not Assigned,2.0,45,,,,Customer Cancelled
ORD02655,2026-03-14,2026-03-14 10:28:00,C1091,Restaurant_11,Panchkula,Sector 15,5,1750,30.0,50,1770,Debit Card,Restaurant App,Delivered,In-house Rider,RD120,4.3,40,36.0,True,4.0,
ORD02555,2026-03-20,2026-03-20 06:40:00,C0614,Restaurant_24,Mohali,Sector 68,4,720,30.0,40,730,Debit Card,Website,Delivered,Shadowfax,RD109,6.7,35,34.0,True,5.0,
ORD02464,2026-03-18,2026-03-18 09:30:00,C0316,Restaurant_22,Mohali,Sector 68,3,540,50.0,50,540,Credit Card,Restaurant App,Delivered,In-house Rider,RD089,2.5,40,24.0,True,5.0,
ORD02541,2026-06-11,2026-06-11 00:59:00,C0498,Restaurant_17,Mohali,Phase 5,4,720,,50,770,Cash,Website,Delivered,In-house Rider,RD006,,30,45.0,False,,
ORD02857,2026-02-04,2026-02-04 08:05:00,C0980,Restaurant_06,Chandigarh,Sector 35,4,720,50.0,40,710,Cash,Restaurant App,Delivered,In-house Rider,RD004,6.2,45,27.0,True,5.0,
ORD01648,2026-02-16,2026-02-16 23:22:00,C0664,Restaurant_18,Panchkula,Sector 8,3,660,20.0,50,690,Debit Card,Website,Failed,Not Assigned,Not Assigned,5.4,30,,,,Restaurant Delay
ORD00882,2026-01-08,2026-01-08 08:13:00,C1153,Restaurant_17,Mohali,Phase 5,2,240,100.0,40,180,Wallet,Website,Cancelled,Not Assigned,Not Assigned,2.7,35,,,,Rider Unavailable
ORD01780,2026-03-29,2026-03-29 01:34:00,C0597,Restaurant_24,Chandigarh,Sector 34,5,2000,30.0,60,2030,Cash,Website,Delivered,In-house Rider,RD080,5.1,30,24.0,True,5.0,
ORD01611,2026-01-01,2026-01-01 15:40:00,C0337,Restaurant_09,Mohali,Phase 5,5,1100,100.0,30,1030,Wallet,Website,Cancelled,Not Assigned,Not Assigned,7.6,45,,,,Rider Unavailable
ORD02012,2026-04-10,2026-04-10 15:46:00,C1188,Restaurant_03,Panchkula,Sector 15,4,1400,30.0,25,1395,Credit Card,Restaurant App,Cancelled,Not Assigned,Not Assigned,7.1,40,,,,Rider Unavailable
ORD02849,2026-03-04,2026-03-04 13:05:00,C0548,Restaurant_12,Panchkula,Sector 15,4,1120,20.0,60,1160,UPI,Website,Delivered,Shadowfax,RD147,5.3,45,36.0,True,5.0,
ORD00376,2026-04-26,2026-04-26 12:48:00,C0538,Restaurant_19,Chandigarh,Sector 34,5,1250,50.0,50,1250,Debit Card,Restaurant App,Cancelled,Not Assigned,Not Assigned,0.6,50,,,,Customer Cancelled
ORD01583,2026-05-09,2026-05-09 05:24:00,C0844,Restaurant_13,Panchkula,Sector 5,5,900,0.0,60,960,Wallet,Restaurant App,Failed,Not Assigned,Not Assigned,2.3,45,,,,Rider Unavailable
ORD02245,2026-05-09,2026-05-09 18:44:00,C1050,Restaurant_20,Panchkula,Sector 8,5,1250,0.0,25,1275,Debit Card,Restaurant App,Delivered,In-house Rider,RD078,4.5,40,19.0,True,5.0,
ORD01802,2026-04-19,2026-04-19 01:20:00,C1028,Restaurant_10,Mohali,Phase 7,3,1200,75.0,30,1155,Credit Card,Website,Failed,Not Assigned,Not Assigned,3.4,40,,,,Customer Cancelled
ORD03549,2026-03-25,2026-03-25 17:54:00,C0707,Restaurant_02,Mohali,Phase 7,3,750,0.0,20,770,Wallet,Restaurant App,Delivered,In-house Rider,RD018,2.4,50,17.0,True,5.0,
ORD01337,2026-03-01,2026-03-01 04:26:00,C0564,Restaurant_13,Mohali,Phase 5,1,150,100.0,25,80,Wallet,Restaurant App,Delivered,Shiprocket,RD114,6.0,35,29.0,True,1.0,
ORD02032,2026-02-23,2026-02-23 06:23:00,C0579,Restaurant_22,Panchkula,Sector 5,4,1400,0.0,40,1440,Cash,Website,Delivered,Shadowfax,RD021,7.3,30,44.0,False,5.0,
ORD01663,2026-02-07,2026-02-07 05:18:00,C1091,Restaurant_18,Mohali,Sector 68,2,560,0.0,25,585,UPI,Website,Delivered,In-house Rider,RD003,1.1,40,27.0,True,4.0,
ORD03877,2026-01-30,2026-01-30 16:21:00,C1187,Restaurant_04,Chandigarh,Manimajra,2,240,50.0,50,240,Cash,Restaurant App,Delivered,Shadowfax,RD023,6.6,50,20.0,True,4.0,
ORD00065,2026-06-10,2026-06-10 15:23:00,C1010,Restaurant_21,Mohali,Phase 7,4,1400,0.0,60,1460,Credit Card,Restaurant App,Delivered,In-house Rider,RD112,5.9,40,23.0,True,4.0,
ORD01211,2026-02-05,2026-02-05 11:58:00,C0010,Restaurant_15,Panchkula,Sector 11,2,640,30.0,40,650,Cash,Website,Delivered,Ola Logistics,RD084,3.6,35,32.0,True,4.0,
ORD03559,2026-01-18,2026-01-18 07:01:00,C1110,Restaurant_20,Chandigarh,Sector 34,2,700,50.0,20,670,Credit Card,Restaurant App,Failed,Not Assigned,Not Assigned,6.2,50,,,,Restaurant Delay
ORD02377,2026-06-15,2026-06-15 21:09:00,C0318,Restaurant_11,Chandigarh,Sector 17,5,900,0.0,25,925,Debit Card,Restaurant App,Failed,Not Assigned,Not Assigned,7.8,50,,,,Customer Cancelled
ORD00848,2026-01-18,2026-01-18 07:26:00,C0739,Restaurant_19,Panchkula,Sector 11,1,400,0.0,40,440,Wallet,Restaurant App,Delivered,In-house Rider,RD123,6.7,30,31.0,False,3.0,
ORD02428,2026-05-01,2026-05-01 06:24:00,C0103,Restaurant_22,Mohali,Phase 5,5,1750,0.0,20,1770,UPI,Website,Delivered,In-house Rider,RD150,1.7,35,21.0,True,5.0,
ORD03515,2026-02-06,2026-02-06 00:01:00,C1025,Restaurant_17,Mohali,Phase 5,4,480,20.0,40,500,Debit Card,Website,Failed,Not Assigned,Not Assigned,7.8,50,,,,Payment Failed
ORD01487,2026-05-24,2026-05-24 22:30:00,C0526,Restaurant_17,Panchkula,Sector 5,2,240,0.0,25,265,Cash,Website,Delivered,In-house Rider,RD022,4.3,30,27.0,True,3.0,
ORD00683,2026-06-05,2026-06-05 23:58:00,C0583,Restaurant_23,Mohali,Phase 7,3,840,0.0,60,900,Cash,Website,Delivered,Shadowfax,RD018,8.6,50,43.0,True,5.0,
ORD00553,2026-01-17,2026-01-17 06:45:00,C1112,Restaurant_25,Panchkula,Sector 5,1,120,50.0,50,120,Cash,Website,Delivered,Shiprocket,RD072,3.6,40,27.0,True,4.0,
ORD00139,2026-01-16,2026-01-16 01:01:00,C1137,Restaurant_05,Chandigarh,Sector 34,4,720,0.0,60,780,Cash,Website,Delivered,Shadowfax,RD047,5.6,50,33.0,True,4.0,
ORD01462,2026-03-20,2026-03-20 14:44:00,C0658,Restaurant_14,Mohali,Phase 3B2,1,120,20.0,50,150,UPI,Website,Cancelled,Not Assigned,Not Assigned,2.5,40,,,,Rider Unavailable
ORD02406,2026-06-27,2026-06-27 02:32:00,C0684,Restaurant_16,Panchkula,Sector 8,1,220,100.0,50,170,UPI,Website,Delivered,In-house Rider,RD016,4.6,50,34.0,True,5.0,
ORD00484,2026-06-04,2026-06-04 14:57:00,C0179,Restaurant_25,Chandigarh,Manimajra,1,120,0.0,60,180,Credit Card,Website,Delivered,Shiprocket,RD077,7.0,50,27.0,True,4.0,
ORD00236,2026-01-03,2026-01-03 14:17:00,C0388,Restaurant_18,Panchkula,Sector 15,1,150,50.0,25,125,Wallet,Website,Delivered,Ola Logistics,RD017,1.1,40,14.0,True,5.0,
ORD02214,2026-01-17,2026-01-17 00:48:00,C1101,Restaurant_19,Panchkula,Sector 5,1,350,100.0,40,290,Wallet,Restaurant App,Delivered,Ola Logistics,RD028,4.7,40,32.0,True,5.0,
ORD01812,2026-04-19,2026-04-19 14:44:00,C0190,Restaurant_13,Chandigarh,Manimajra,4,1400,75.0,20,1345,Debit Card,Restaurant App,Delivered,Ola Logistics,RD057,5.5,40,31.0,True,2.0,
ORD02835,2026-06-12,2026-06-12 02:03:00,C0401,Restaurant_17,Panchkula,Sector 15,1,350,30.0,25,345,Debit Card,Website,Delivered,In-house Rider,RD119,6.4,40,40.0,True,4.0,
ORD02005,2026-05-25,2026-05-25 22:43:00,C0559,Restaurant_01,Chandigarh,Sector 34,3,840,75.0,60,825,UPI,Restaurant App,Delivered,Ola Logistics,RD091,0.8,45,25.0,True,1.0,
ORD03286,2026-01-18,2026-01-18 05:01:00,C1181,Restaurant_25,Mohali,Phase 5,1,220,50.0,40,210,Cash,Restaurant App,Delivered,Shadowfax,RD106,5.1,35,30.0,True,5.0,
ORD02395,2026-03-10,2026-03-10 05:21:00,C0551,Restaurant_07,Mohali,Sector 68,1,180,20.0,60,220,Cash,Restaurant App,Cancelled,Not Assigned,Not Assigned,2.0,50,,,,Address Issue
ORD03188,2026-04-11,2026-04-11 02:29:00,C0876,Restaurant_18,Chandigarh,Sector 22,1,400,30.0,40,410,Wallet,Website,Delivered,Ola Logistics,RD014,2.7,45,11.0,True,4.0,
ORD02433,2026-04-29,2026-04-29 02:53:00,C0965,Restaurant_20,Panchkula,Sector 8,4,1120,0.0,30,1150,Wallet,Website,Failed,Not Assigned,Not Assigned,1.3,50,,,,Customer Cancelled
ORD02752,2026-05-21,2026-05-21 06:10:00,C0159,Restaurant_03,Mohali,Phase 5,2,360,20.0,25,365,Wallet,Website,Delivered,Shadowfax,RD046,3.5,40,21.0,True,5.0,
ORD01125,2026-02-23,2026-02-23 20:26:00,C0746,Restaurant_18,Mohali,Phase 3B2,3,750,0.0,50,800,Credit Card,Website,Delivered,In-house Rider,RD071,1.0,30,19.0,True,4.0,
ORD02639,2026-03-12,2026-03-12 15:41:00,C0475,Restaurant_24,Chandigarh,Sector 22,2,360,0.0,30,390,Wallet,Website,Delivered,In-house Rider,RD051,6.1,35,36.0,False,5.0,
ORD03353,2026-03-12,2026-03-12 19:11:00,C0863,Restaurant_23,Chandigarh,Sector 22,3,1050,0.0,25,1075,Credit Card,Restaurant App,Delivered,Shiprocket,RD058,8.7,50,42.0,True,5.0,
ORD00945,2026-02-26,2026-02-26 18:04:00,C0925,Restaurant_01,Panchkula,Sector 15,5,1400,20.0,20,1400,Debit Card,Website,Delivered,In-house Rider,RD093,3.0,35,29.0,True,2.0,
ORD01357,2026-04-27,2026-04-27 11:59:00,C0691,Restaurant_09,Panchkula,Sector 15,1,220,20.0,60,260,Cash,Website,Delivered,In-house Rider,RD140,4.8,35,29.0,True,5.0,
ORD02224,2026-05-26,2026-05-26 06:31:00,C1169,Restaurant_18,Panchkula,Sector 8,1,350,0.0,30,380,Cash,Website,Delivered,Ola Logistics,RD014,3.2,30,17.0,True,4.0,
ORD01631,2026-05-28,2026-05-28 05:53:00,C0304,Restaurant_02,Panchkula,Sector 11,5,1750,20.0,25,1755,UPI,Restaurant App,Delivered,Shadowfax,RD073,4.8,45,26.0,True,4.0,
ORD03259,2026-01-28,2026-01-28 04:33:00,C0380,Restaurant_03,Mohali,Phase 3B2,1,120,0.0,30,150,Debit Card,Restaurant App,Delivered,In-house Rider,RD077,6.3,50,33.0,True,5.0,
ORD02484,2026-04-15,2026-04-15 05:50:00,C0241,Restaurant_11,Mohali,Phase 3B2,2,440,0.0,25,465,Cash,Restaurant App,Delivered,In-house Rider,RD057,5.2,35,21.0,True,4.0,
ORD00823,2026-02-18,2026-02-18 23:43:00,C0850,Restaurant_16,Chandigarh,Sector 35,2,300,0.0,50,350,UPI,Website,Delivered,In-house Rider,RD097,4.7,45,31.0,True,5.0,
ORD00557,2026-02-17,2026-02-17 22:51:00,C0269,Restaurant_01,Panchkula,Sector 15,5,1100,0.0,50,1150,Wallet,Restaurant App,Delivered,In-house Rider,RD136,3.8,35,31.0,True,4.0,
ORD01283,2026-04-26,2026-04-26 12:23:00,C0979,Restaurant_17,Mohali,Phase 3B2,2,240,50.0,50,240,Wallet,Website,Delivered,In-house Rider,RD115,3.4,40,20.0,True,1.0,
ORD00375,2026-06-14,2026-06-14 18:01:00,C0395,Restaurant_17,Chandigarh,Sector 22,3,750,0.0,60,810,Cash,Restaurant App,Delivered,In-house Rider,RD080,1.5,30,14.0,True,3.0,
ORD03687,2026-01-28,2026-01-28 01:47:00,C1176,Restaurant_22,Mohali,Phase 7,2,700,30.0,60,730,Wallet,Restaurant App,Cancelled,Not Assigned,Not Assigned,7.8,50,,,,Customer Cancelled
ORD02851,2026-05-21,2026-05-21 04:37:00,C0305,Restaurant_20,Panchkula,Sector 8,2,500,20.0,20,500,Wallet,Restaurant App,Delivered,Ola Logistics,RD055,4.7,35,35.0,True,5.0,
ORD03041,2026-02-23,2026-02-23 09:08:00,C0953,Restaurant_25,Panchkula,Sector 11,1,180,30.0,25,175,Cash,Website,Delivered,In-house Rider,RD062,3.8,50,26.0,True,5.0,
ORD00083,2026-02-15,2026-02-15 15:01:00,C0967,Restaurant_23,Panchkula,Sector 8,5,1750,100.0,60,1710,Debit Card,Restaurant App,Delivered,In-house Rider,RD037,3.2,35,25.0,True,5.0,
ORD01086,2026-03-05,2026-03-05 17:06:00,C0999,Restaurant_17,Chandigarh,Sector 22,4,600,75.0,50,575,Wallet,Restaurant App,Failed,Not Assigned,Not Assigned,6.9,30,,,,Customer Cancelled
ORD00438,2026-01-09,2026-01-09 00:34:00,C0246,Restaurant_22,Mohali,Phase 3B2,2,440,0.0,50,490,Debit Card,Website,Delivered,In-house Rider,RD093,4.5,50,49.0,True,5.0,
ORD02601,2026-04-29,2026-04-29 09:24:00,C0979,Restaurant_01,Panchkula,Sector 15,2,560,20.0,60,600,Cash,Website,Failed,Not Assigned,Not Assigned,7.9,50,,,,Restaurant Delay
ORD03159,2026-05-13,2026-05-13 02:33:00,C1006,Restaurant_06,Mohali,Phase 5,3,450,0.0,25,475,Credit Card,Website,Delivered,Ola Logistics,RD101,3.0,35,25.0,True,5.0,
ORD02854,2026-06-26,2026-06-26 01:56:00,C0438,Restaurant_05,Mohali,Phase 7,4,600,50.0,40,590,Credit Card,Website,Delivered,Ola Logistics,RD121,5.7,30,34.0,False,4.0,
ORD03865,2026-04-25,2026-04-25 17:48:00,C0488,Restaurant_24,Chandigarh,Manimajra,4,720,100.0,60,680,Cash,Restaurant App,Delivered,Ola Logistics,RD106,1.9,45,24.0,True,5.0,
ORD03437,2026-02-13,2026-02-13 05:25:00,C0973,Restaurant_16,Panchkula,Sector 11,4,600,0.0,60,660,Credit Card,Restaurant App,Delivered,Shadowfax,RD129,6.4,30,37.0,False,5.0,
ORD01109,2026-01-02,2026-01-02 01:56:00,C0329,Restaurant_01,Panchkula,Sector 5,2,800,100.0,60,760,Credit Card,Restaurant App,Delivered,Shiprocket,RD097,4.3,35,24.0,True,5.0,
ORD01569,2026-06-05,2026-06-05 02:14:00,C0080,Restaurant_18,Mohali,Phase 7,1,180,0.0,50,230,Cash,Website,Delivered,In-house Rider,RD021,9.3,50,43.0,True,4.0,
ORD01845,2026-04-03,2026-04-03 01:49:00,C0979,Restaurant_09,Panchkula,Sector 5,5,1600,0.0,50,1650,Cash,Restaurant App,Delivered,In-house Rider,RD144,2.9,30,35.0,False,5.0,
ORD01396,2026-06-06,2026-06-06 00:24:00,C0015,Restaurant_07,Mohali,Phase 3B2,4,1120,0.0,25,1145,Debit Card,Website,Delivered,Ola Logistics,RD102,6.2,40,31.0,True,4.0,
ORD01252,2026-02-25,2026-02-25 10:58:00,C1178,Restaurant_11,Mohali,Phase 5,4,1400,100.0,50,1350,Debit Card,Restaurant App,Delivered,In-house Rider,RD098,6.3,50,38.0,True,2.0,
ORD00211,2026-04-19,2026-04-19 13:49:00,C0883,Restaurant_10,Panchkula,Sector 11,5,600,0.0,20,620,UPI,Website,Delivered,In-house Rider,RD086,4.1,50,31.0,True,4.0,
ORD01532,2026-01-29,2026-01-29 13:04:00,C0141,Restaurant_25,Chandigarh,Sector 17,4,1280,100.0,20,1200,Credit Card,Restaurant App,Delivered,Shadowfax,RD106,8.2,35,30.0,True,5.0,
ORD01616,2026-03-04,2026-03-04 22:05:00,C0677,Restaurant_13,Chandigarh,Sector 35,2,640,20.0,25,645,Debit Card,Website,Cancelled,Not Assigned,Not Assigned,0.5,30,,,,Address Issue
ORD00156,2026-03-09,2026-03-09 12:41:00,C0923,Restaurant_01,Panchkula,Sector 11,5,1100,75.0,60,1085,Credit Card,Website,Delivered,Shadowfax,RD105,8.1,50,35.0,True,5.0,
ORD03778,2026-06-20,2026-06-20 02:16:00,C0613,Restaurant_06,Panchkula,Sector 8,1,350,0.0,25,375,UPI,Website,Delivered,In-house Rider,RD030,5.3,45,30.0,True,4.0,
ORD00187,2026-04-01,2026-04-01 23:38:00,C0899,Restaurant_03,Panchkula,Sector 15,4,1600,50.0,20,1570,Debit Card,Restaurant App,Delivered,In-house Rider,RD078,4.5,30,24.0,True,5.0,
ORD02417,2026-01-16,2026-01-16 02:29:00,C0247,Restaurant_01,Mohali,Phase 5,4,1600,0.0,20,1620,Credit Card,Website,Delivered,Shadowfax,RD042,7.1,35,34.0,True,5.0,
ORD02499,2026-02-04,2026-02-04 01:17:00,C1100,Restaurant_06,Panchkula,Sector 8,5,1400,20.0,50,1430,Wallet,Restaurant App,Delivered,Shadowfax,RD033,5.2,35,36.0,False,4.0,
ORD02326,2026-03-17,2026-03-17 07:46:00,C1070,Restaurant_10,Chandigarh,Sector 22,4,1000,0.0,25,1025,Credit Card,Restaurant App,Delivered,In-house Rider,RD008,5.2,50,29.0,True,4.0,
ORD03413,2026-03-14,2026-03-14 01:27:00,C0027,Restaurant_05,Mohali,Phase 7,4,1000,100.0,60,960,UPI,Restaurant App,Delivered,Shadowfax,RD138,2.1,35,26.0,True,5.0,
ORD02994,2026-03-19,2026-03-19 20:09:00,C0410,Restaurant_04,Chandigarh,Manimajra,3,840,75.0,30,795,Debit Card,Website,Delivered,In-house Rider,RD149,5.7,40,33.0,True,4.0,
ORD02620,2026-05-22,2026-05-22 09:43:00,C0049,Restaurant_16,Mohali,Phase 5,5,750,30.0,30,750,Wallet,Website,Delivered,In-house Rider,RD070,0.8,30,23.0,True,4.0,
ORD02725,2026-06-01,2026-06-01 18:05:00,C0998,Restaurant_16,Chandigarh,Sector 34,5,750,100.0,30,680,Wallet,Restaurant App,Delivered,Ola Logistics,RD050,3.6,35,22.0,True,4.0,
ORD03726,2026-06-21,2026-06-21 05:40:00,C0726,Restaurant_18,Panchkula,Sector 15,1,400,30.0,40,410,Cash,Restaurant App,Delivered,In-house Rider,RD007,3.7,50,29.0,True,4.0,
ORD03120,2026-02-22,2026-02-22 09:23:00,C0243,Restaurant_11,Mohali,Phase 5,3,1200,0.0,40,1240,UPI,Website,Delivered,Shiprocket,RD086,8.0,30,29.0,True,5.0,
ORD00872,2026-03-21,2026-03-21 20:45:00,C0615,Restaurant_23,Chandigarh,Sector 34,2,440,0.0,60,500,Wallet,Website,Delivered,Shadowfax,RD085,6.1,30,28.0,True,5.0,
ORD01739,2026-06-06,2026-06-06 16:27:00,C0473,Restaurant_12,Mohali,Phase 5,1,180,0.0,50,230,Wallet,Website,Delivered,Shadowfax,RD109,3.9,35,35.0,True,3.0,
ORD02015,2026-05-15,2026-05-15 12:39:00,C0403,Restaurant_19,Panchkula,Sector 15,2,300,30.0,50,320,UPI,Restaurant App,Delivered,In-house Rider,RD141,2.4,30,25.0,True,5.0,
ORD00715,2026-03-18,2026-03-18 13:46:00,C0678,Restaurant_21,Panchkula,Sector 11,5,2000,20.0,25,2005,Wallet,Website,Failed,Not Assigned,Not Assigned,7.5,40,,,,Rider Unavailable
ORD01157,2026-02-19,2026-02-19 08:51:00,C1016,Restaurant_23,Chandigarh,Sector 22,3,960,0.0,50,1010,Credit Card,Website,Failed,Not Assigned,Not Assigned,4.5,30,,,,Address Issue
ORD01759,2026-03-07,2026-03-07 23:45:00,C1145,Restaurant_12,Mohali,Phase 5,4,1600,0.0,60,1660,UPI,Restaurant App,Delivered,Shiprocket,RD045,2.1,35,30.0,True,5.0,
ORD02010,2026-03-04,2026-03-04 16:15:00,C0569,Restaurant_17,Mohali,Sector 68,2,360,0.0,30,390,Credit Card,Website,Delivered,In-house Rider,RD023,3.6,50,29.0,True,5.0,
ORD02016,2026-04-25,2026-04-25 03:24:00,C0279,Restaurant_24,Panchkula,Sector 8,3,450,0.0,20,470,Wallet,Website,Delivered,In-house Rider,RD029,3.3,50,25.0,True,5.0,
ORD03706,2026-03-14,2026-03-14 03:44:00,C0084,Restaurant_13,Panchkula,Sector 11,5,600,0.0,30,630,Wallet,Website,Delivered,In-house Rider,RD125,2.8,45,22.0,True,5.0,
ORD00594,2026-06-22,2026-06-22 19:59:00,C0990,Restaurant_08,Chandigarh,Manimajra,2,500,50.0,20,470,Credit Card,Restaurant App,Delivered,In-house Rider,RD054,8.3,40,44.0,False,5.0,
ORD02883,2026-03-28,2026-03-28 12:50:00,C0768,Restaurant_13,Mohali,Phase 5,4,1120,0.0,25,1145,Credit Card,Restaurant App,Delivered,In-house Rider,RD102,5.1,45,23.0,True,5.0,
ORD02676,2026-03-06,2026-03-06 11:13:00,C0850,Restaurant_16,Chandigarh,Sector 22,1,400,0.0,30,430,Cash,Restaurant App,Delivered,Ola Logistics,RD022,2.3,35,22.0,True,5.0,
ORD02477,2026-03-01,2026-03-01 06:33:00,C0659,Restaurant_14,Mohali,Phase 5,1,220,30.0,60,250,Credit Card,Website,Delivered,Shadowfax,RD078,1.0,40,17.0,True,4.0,
ORD03139,2026-01-23,2026-01-23 17:06:00,C0591,Restaurant_21,Panchkula,Sector 5,5,1400,0.0,40,1440,UPI,Website,Delivered,Ola Logistics,RD096,4.5,35,23.0,True,4.0,
ORD01033,2026-04-11,2026-04-11 00:50:00,C1175,Restaurant_15,Mohali,Phase 7,3,1200,30.0,50,1220,Credit Card,Restaurant App,Cancelled,Not Assigned,Not Assigned,2.2,30,,,,Address Issue
ORD02769,2026-05-12,2026-05-12 06:49:00,C0218,Restaurant_15,Mohali,Phase 7,3,1050,0.0,25,1075,Cash,Website,Delivered,Shadowfax,RD111,3.8,45,27.0,True,5.0,
ORD00345,2026-01-26,2026-01-26 08:44:00,C0807,Restaurant_25,Chandigarh,Sector 34,4,880,0.0,40,920,Wallet,Website,Cancelled,Not Assigned,Not Assigned,6.1,40,,,,Address Issue
ORD03306,2026-02-23,2026-02-23 16:22:00,C0075,Restaurant_05,Chandigarh,Sector 34,2,640,0.0,40,680,Credit Card,Website,Cancelled,Not Assigned,Not Assigned,4.4,40,,,,Payment Failed
ORD03133,2026-02-01,2026-02-01 05:12:00,C0065,Restaurant_01,Panchkula,Sector 15,2,500,0.0,50,550,Wallet,Website,Delivered,In-house Rider,RD142,4.3,30,31.0,False,5.0,
ORD02474,2026-03-25,2026-03-25 23:48:00,C0152,Restaurant_23,Chandigarh,Sector 34,2,500,0.0,25,525,UPI,Restaurant App,Delivered,Shiprocket,RD078,4.8,35,18.0,True,4.0,
ORD01085,2026-02-27,2026-02-27 18:28:00,C0243,Restaurant_02,Mohali,Phase 7,2,440,75.0,25,390,Credit Card,Restaurant App,Failed,Not Assigned,Not Assigned,7.9,40,,,,Address Issue
ORD00052,2026-03-21,2026-03-21 13:27:00,C0300,Restaurant_22,Mohali,Phase 5,2,440,20.0,30,450,Wallet,Restaurant App,Failed,Not Assigned,Not Assigned,6.0,45,,,,Address Issue
ORD01864,2026-01-31,2026-01-31 13:25:00,C1162,Restaurant_10,Panchkula,Sector 15,2,800,75.0,20,745,Debit Card,Website,Delivered,In-house Rider,RD131,2.8,45,22.0,True,5.0,
ORD03820,2026-05-26,2026-05-26 12:03:00,C1022,Restaurant_22,Chandigarh,Sector 17,1,280,50.0,20,250,Debit Card,Website,Delivered,Ola Logistics,RD107,8.6,40,36.0,True,5.0,
ORD00974,2026-06-29,2026-06-29 09:08:00,C0249,Restaurant_10,Chandigarh,Sector 34,5,1600,75.0,50,1575,Cash,Restaurant App,Delivered,In-house Rider,RD099,5.4,35,29.0,True,4.0,
ORD03891,2026-04-10,2026-04-10 03:20:00,C0206,Restaurant_04,Panchkula,Sector 8,2,800,30.0,60,830,UPI,Restaurant App,Delivered,In-house Rider,RD034,5.0,30,30.0,True,2.0,
ORD02872,2026-06-05,2026-06-05 02:23:00,C0482,Restaurant_22,Chandigarh,Sector 17,3,750,20.0,50,780,UPI,Website,Delivered,Shiprocket,RD138,6.2,45,38.0,True,4.0,
ORD00519,2026-01-02,2026-01-02 21:42:00,C1188,Restaurant_21,Chandigarh,Sector 34,4,1400,100.0,50,1350,Credit Card,Restaurant App,Delivered,In-house Rider,RD111,4.0,45,16.0,True,4.0,
ORD03006,2026-06-11,2026-06-11 01:07:00,C0040,Restaurant_24,Panchkula,Sector 15,1,250,75.0,25,200,Credit Card,Restaurant App,Delivered,In-house Rider,RD068,6.6,45,35.0,True,3.0,
ORD00880,2026-06-16,2026-06-16 01:28:00,C1058,Restaurant_03,Panchkula,Sector 11,5,1600,100.0,50,1550,UPI,Website,Delivered,In-house Rider,RD058,9.0,50,36.0,True,,
ORD01651,2026-01-01,2026-01-01 15:51:00,C0678,Restaurant_14,Mohali,Sector 68,3,540,75.0,60,525,Debit Card,Restaurant App,Delivered,In-house Rider,RD016,7.1,35,47.0,False,5.0,
ORD02265,2026-03-27,2026-03-27 22:12:00,C0023,Restaurant_11,Mohali,Phase 5,2,300,20.0,50,330,UPI,Website,Failed,Not Assigned,Not Assigned,1.0,50,,,,Payment Failed
ORD03694,2026-06-20,2026-06-20 11:09:00,C0380,Restaurant_03,Panchkula,Sector 5,2,640,0.0,20,660,Credit Card,Restaurant App,Delivered,Shadowfax,RD016,4.1,50,20.0,True,5.0,
ORD00953,2026-05-20,2026-05-20 23:27:00,C1146,Restaurant_15,Panchkula,Sector 5,3,540,0.0,40,580,Debit Card,Restaurant App,Delivered,Shadowfax,RD036,7.6,45,47.0,False,5.0,
ORD03993,2026-03-07,2026-03-07 09:39:00,C0332,Restaurant_20,Mohali,Phase 3B2,5,1100,75.0,20,1045,Wallet,Website,Delivered,Shadowfax,RD130,4.9,30,33.0,False,4.0,
ORD01810,2026-01-28,2026-01-28 12:30:00,C0144,Restaurant_20,Panchkula,Sector 8,3,840,20.0,30,850,Wallet,Website,Failed,Not Assigned,Not Assigned,0.0,35,,,,Payment Failed
ORD02910,2026-03-01,2026-03-01 14:50:00,C0604,Restaurant_17,Chandigarh,Sector 35,4,480,20.0,30,490,Debit Card,Restaurant App,Delivered,Ola Logistics,RD068,4.0,45,27.0,True,5.0,
ORD01190,2026-06-20,2026-06-20 12:28:00,C0454,Restaurant_06,Panchkula,Sector 11,3,1050,30.0,20,1040,Credit Card,Restaurant App,Delivered,Shadowfax,RD010,7.1,40,42.0,False,5.0,
ORD03202,2026-04-21,2026-04-21 18:31:00,C0843,Restaurant_04,Chandigarh,Manimajra,4,1280,0.0,60,1340,Credit Card,Restaurant App,Delivered,In-house Rider,RD070,4.2,50,30.0,True,4.0,
ORD01054,2026-03-11,2026-03-11 12:40:00,C0923,Restaurant_11,Chandigarh,Sector 17,2,800,20.0,25,805,Debit Card,Restaurant App,Failed,Not Assigned,Not Assigned,5.7,45,,,,Address Issue
ORD03659,2026-06-18,2026-06-18 23:32:00,C0898,Restaurant_08,Panchkula,Sector 8,2,800,0.0,50,850,Wallet,Website,Delivered,In-house Rider,RD120,5.9,30,41.0,False,3.0,
ORD02394,2026-06-01,2026-06-01 08:12:00,C1102,Restaurant_13,Panchkula,Sector 5,5,600,30.0,20,590,Credit Card,Restaurant App,Cancelled,Not Assigned,Not Assigned,3.4,50,,,,Payment Failed
ORD00998,2026-02-11,2026-02-11 18:10:00,C0264,Restaurant_24,Mohali,Sector 68,4,1600,0.0,40,1640,Credit Card,Website,Failed,Not Assigned,Not Assigned,4.5,35,,,,Payment Failed
ORD01257,2026-03-15,2026-03-15 02:57:00,C0882,Restaurant_23,Panchkula,Sector 5,5,600,100.0,25,525,Wallet,Website,Delivered,In-house Rider,RD019,3.1,50,21.0,True,5.0,
ORD01359,2026-04-25,2026-04-25 11:33:00,C0828,Restaurant_16,Panchkula,Sector 11,4,600,30.0,25,595,Wallet,Restaurant App,Delivered,Shadowfax,RD038,2.6,40,20.0,True,5.0,
ORD01490,2026-01-26,2026-01-26 20:17:00,C0094,Restaurant_01,Chandigarh,Sector 22,5,1100,30.0,30,1100,UPI,Website,Delivered,In-house Rider,RD095,4.0,45,29.0,True,4.0,
ORD01565,2026-01-22,2026-01-22 15:00:00,C0643,Restaurant_22,Panchkula,Sector 8,3,450,30.0,50,470,Debit Card,Website,Delivered,Shadowfax,RD003,6.9,30,22.0,True,5.0,
ORD02744,2026-03-08,2026-03-08 09:11:00,C1051,Restaurant_02,Chandigarh,Sector 17,5,1600,0.0,30,1630,UPI,Website,Delivered,Ola Logistics,RD147,2.6,35,31.0,True,4.0,
ORD03263,2026-06-05,2026-06-05 10:57:00,C0829,Restaurant_09,Mohali,Sector 68,4,480,20.0,40,500,Debit Card,Restaurant App,Delivered,In-house Rider,RD020,7.7,45,49.0,False,5.0,
ORD03988,2026-06-29,2026-06-29 07:32:00,C0584,Restaurant_24,Chandigarh,Sector 35,1,120,75.0,50,95,Debit Card,Restaurant App,Delivered,In-house Rider,RD090,2.0,35,22.0,True,4.0,
ORD00289,2026-06-26,2026-06-26 07:27:00,C0314,Restaurant_07,Chandigarh,Manimajra,2,300,75.0,60,285,UPI,Website,Cancelled,Not Assigned,Not Assigned,4.2,30,,,,Customer Cancelled
ORD03331,2026-05-02,2026-05-02 03:57:00,C0647,Restaurant_20,Panchkula,Sector 11,1,150,0.0,40,190,Cash,Restaurant App,Delivered,Shadowfax,RD105,0.8,35,20.0,True,5.0,
ORD01021,2026-01-09,2026-01-09 07:21:00,C0619,Restaurant_09,Panchkula,Sector 8,5,1250,0.0,40,1290,UPI,Restaurant App,Delivered,Shadowfax,RD096,0.8,45,14.0,True,4.0,
ORD02519,2026-03-15,2026-03-15 02:52:00,C1142,Restaurant_17,Panchkula,Sector 15,4,1280,30.0,60,1310,Wallet,Website,Delivered,In-house Rider,RD119,5.9,30,39.0,False,5.0,
ORD03396,2026-03-22,2026-03-22 01:24:00,C0665,Restaurant_16,Chandigarh,Manimajra,5,1600,75.0,40,1565,Wallet,Website,Cancelled,Not Assigned,Not Assigned,2.9,35,,,,Payment Failed
ORD00126,2026-04-19,2026-04-19 15:44:00,C0446,Restaurant_19,Mohali,Phase 7,2,440,100.0,50,390,Cash,Website,Delivered,Shadowfax,RD004,7.0,30,38.0,False,5.0,
ORD00365,2026-05-27,2026-05-27 01:03:00,C0206,Restaurant_12,Panchkula,Sector 11,4,1280,30.0,25,1275,Debit Card,Restaurant App,Cancelled,Not Assigned,Not Assigned,6.8,45,,,,Rider Unavailable
ORD03816,2026-02-04,2026-02-04 07:59:00,C1140,Restaurant_01,Mohali,Phase 7,1,120,100.0,60,80,Cash,Website,Delivered,In-house Rider,RD110,3.4,30,28.0,True,4.0,
ORD00986,2026-01-15,2026-01-15 23:11:00,C0931,Restaurant_09,Panchkula,Sector 5,2,360,0.0,60,420,UPI,Restaurant App,Delivered,In-house Rider,RD112,3.8,30,25.0,True,4.0,
ORD00877,2026-04-09,2026-04-09 22:47:00,C0584,Restaurant_07,Panchkula,Sector 8,2,240,100.0,50,190,UPI,Website,Delivered,Shadowfax,RD145,6.7,30,24.0,True,3.0,
ORD01103,2026-05-02,2026-05-02 06:18:00,C0170,Restaurant_14,Mohali,Phase 3B2,2,300,100.0,30,230,Cash,Restaurant App,Delivered,In-house Rider,RD138,6.3,30,29.0,True,5.0,
ORD03445,2026-01-18,2026-01-18 20:36:00,C0347,Restaurant_20,Chandigarh,Sector 34,4,480,0.0,20,500,Cash,Restaurant App,Delivered,Ola Logistics,RD144,6.1,40,39.0,True,3.0,
ORD01526,2026-01-04,2026-01-04 11:09:00,C1111,Restaurant_20,Chandigarh,Sector 22,3,1200,30.0,60,1230,Credit Card,Website,Delivered,In-house Rider,RD047,4.0,45,26.0,True,1.0,
ORD02352,2026-05-27,2026-05-27 13:33:00,C1044,Restaurant_21,Chandigarh,Sector 22,1,320,20.0,25,325,Debit Card,Website,Delivered,Shiprocket,RD119,4.2,35,28.0,True,4.0,
ORD03888,2026-06-13,2026-06-13 09:32:00,C1177,Restaurant_23,Mohali,Sector 68,4,1600,,20,1570,Credit Card,Website,Delivered,In-house Rider,RD018,,35,28.0,True,,
ORD02576,2026-04-11,2026-04-11 20:44:00,C1122,Restaurant_07,Panchkula,Sector 15,1,280,0.0,50,330,Wallet,Website,Failed,Not Assigned,Not Assigned,3.2,40,,,,Payment Failed
ORD03995,2026-06-19,2026-06-19 23:06:00,C0109,Restaurant_14,Mohali,Phase 3B2,4,1000,75.0,60,985,UPI,Website,Failed,Not Assigned,Not Assigned,1.5,50,,,,Customer Cancelled
ORD01060,2026-01-04,2026-01-04 03:54:00,C0680,Restaurant_08,Chandigarh,Sector 22,4,1120,30.0,40,1130,UPI,Restaurant App,Delivered,In-house Rider,RD147,3.2,35,20.0,True,5.0,
ORD03655,2026-02-21,2026-02-21 08:12:00,C0691,Restaurant_20,Panchkula,Sector 8,4,1400,50.0,25,1375,UPI,Website,Delivered,In-house Rider,RD130,4.8,50,28.0,True,3.0,
ORD00589,2026-02-04,2026-02-04 04:31:00,C0360,Restaurant_01,Mohali,Phase 3B2,4,1120,20.0,20,1120,Credit Card,Website,Cancelled,Not Assigned,Not Assigned,2.6,45,,,,Address Issue
ORD03908,2026-01-10,2026-01-10 21:22:00,C0092,Restaurant_14,Mohali,Phase 3B2,5,750,0.0,60,810,Debit Card,Restaurant App,Delivered,Shadowfax,RD008,3.5,50,25.0,True,4.0,
ORD02548,2026-03-01,2026-03-01 15:23:00,C0154,Restaurant_12,Mohali,Phase 7,3,540,0.0,25,565,UPI,Website,Failed,Not Assigned,Not Assigned,5.7,35,,,,Restaurant Delay
ORD02013,2026-01-18,2026-01-18 17:55:00,C0648,Restaurant_11,Panchkula,Sector 15,1,150,100.0,60,110,Credit Card,Website,Delivered,Ola Logistics,RD086,3.4,35,29.0,True,5.0,
ORD01989,2026-04-08,2026-04-08 06:06:00,C0174,Restaurant_10,Panchkula,Sector 15,2,560,30.0,40,570,UPI,Restaurant App,Delivered,Ola Logistics,RD007,5.4,40,30.0,True,,
ORD01306,2026-06-26,2026-06-26 20:45:00,C0731,Restaurant_12,Chandigarh,Sector 34,1,120,50.0,30,100,Wallet,Restaurant App,Delivered,In-house Rider,RD071,3.5,35,23.0,True,5.0,
ORD01519,2026-06-16,2026-06-16 08:28:00,C0186,Restaurant_01,Chandigarh,Sector 17,1,400,100.0,50,350,Wallet,Restaurant App,Failed,Not Assigned,Not Assigned,5.9,35,,,,Address Issue
ORD01823,2026-01-18,2026-01-18 09:58:00,C0510,Restaurant_17,Mohali,Phase 7,4,600,0.0,50,650,UPI,Restaurant App,Delivered,In-house Rider,RD016,2.2,30,28.0,True,,
ORD02755,2026-04-05,2026-04-05 08:40:00,C0536,Restaurant_15,Mohali,Phase 7,4,1400,0.0,40,1440,UPI,Website,Delivered,Shadowfax,RD121,3.0,30,21.0,True,3.0,
ORD03614,2026-03-02,2026-03-02 21:29:00,C0270,Restaurant_24,Mohali,Phase 5,4,1120,30.0,20,1110,Debit Card,Restaurant App,Delivered,Shiprocket,RD071,5.0,35,25.0,True,4.0,
ORD03936,2026-04-13,2026-04-13 20:31:00,C0310,Restaurant_13,Mohali,Sector 68,1,350,0.0,30,380,Debit Card,Restaurant App,Delivered,In-house Rider,RD036,5.5,40,22.0,True,4.0,
ORD02695,2026-03-30,2026-03-30 11:44:00,C1146,Restaurant_19,Chandigarh,Sector 22,2,500,0.0,60,560,Cash,Restaurant App,Failed,Not Assigned,Not Assigned,7.8,30,,,,Payment Failed
ORD02782,2026-03-08,2026-03-08 10:13:00,C1163,Restaurant_03,Mohali,Phase 7,2,560,0.0,40,600,Cash,Restaurant App,Cancelled,Not Assigned,Not Assigned,1.9,50,,,,Address Issue
ORD03661,2026-05-18,2026-05-18 22:19:00,C1174,Restaurant_07,Panchkula,Sector 5,3,960,0.0,30,990,Cash,Website,Delivered,In-house Rider,RD075,3.9,35,28.0,True,5.0,
ORD01150,2026-06-13,2026-06-13 09:43:00,C0357,Restaurant_08,Mohali,Sector 68,2,640,0.0,50,690,Wallet,Website,Delivered,In-house Rider,RD109,5.9,30,44.0,False,4.0,
ORD01578,2026-05-27,2026-05-27 04:28:00,C0892,Restaurant_01,Mohali,Phase 7,4,1280,0.0,40,1320,Credit Card,Website,Delivered,In-house Rider,RD107,5.2,35,19.0,True,5.0,
ORD00976,2026-03-20,2026-03-20 17:55:00,C0158,Restaurant_14,Panchkula,Sector 8,5,750,75.0,40,715,Cash,Website,Delivered,In-house Rider,RD058,2.7,35,18.0,True,5.0,
ORD03561,2026-04-18,2026-04-18 21:05:00,C0279,Restaurant_21,Chandigarh,Sector 22,2,240,100.0,20,160,UPI,Restaurant App,Delivered,Shiprocket,RD084,1.4,35,14.0,True,5.0,
ORD00385,2026-02-10,2026-02-10 18:41:00,C0322,Restaurant_03,Mohali,Phase 5,5,900,0.0,60,960,Debit Card,Restaurant App,Delivered,Shadowfax,RD005,7.0,35,28.0,True,4.0,
ORD00162,2026-02-15,2026-02-15 21:17:00,C0414,Restaurant_20,Mohali,Phase 5,1,280,30.0,30,280,Credit Card,Website,Delivered,In-house Rider,RD011,4.2,40,23.0,True,3.0,
ORD02908,2026-01-30,2026-01-30 19:59:00,C1106,Restaurant_07,Panchkula,Sector 5,2,800,0.0,60,860,Debit Card,Website,Delivered,In-house Rider,RD128,3.3,40,32.0,True,3.0,
ORD03431,2026-02-18,2026-02-18 05:52:00,C0024,Restaurant_22,Panchkula,Sector 5,4,600,75.0,25,550,UPI,Website,Cancelled,Not Assigned,Not Assigned,7.6,45,,,,Restaurant Delay
ORD02538,2026-04-30,2026-04-30 13:57:00,C0418,Restaurant_25,Mohali,Phase 5,5,1100,100.0,40,1040,UPI,Website,Failed,Not Assigned,Not Assigned,2.1,35,,,,Customer Cancelled
ORD01736,2026-05-29,2026-05-29 00:55:00,C1043,Restaurant_10,Chandigarh,Sector 34,3,450,75.0,20,395,UPI,Restaurant App,Delivered,In-house Rider,RD044,4.3,40,28.0,True,5.0,
ORD00478,2026-01-15,2026-01-15 11:13:00,C0944,Restaurant_08,Panchkula,Sector 15,5,1100,75.0,50,1075,UPI,Website,Cancelled,Not Assigned,Not Assigned,4.2,40,,,,Restaurant Delay
ORD01798,2026-04-18,2026-04-18 06:40:00,C0122,Restaurant_18,Panchkula,Sector 15,1,150,0.0,20,170,Debit Card,Restaurant App,Cancelled,Not Assigned,Not Assigned,2.0,50,,,,Restaurant Delay
ORD01006,2026-05-05,2026-05-05 00:17:00,C0874,Restaurant_09,Panchkula,Sector 11,4,1120,50.0,20,1090,Credit Card,Restaurant App,Delivered,In-house Rider,RD082,3.1,50,28.0,True,3.0,
ORD01398,2026-01-02,2026-01-02 16:21:00,C1009,Restaurant_12,Mohali,Phase 3B2,1,150,0.0,50,200,Cash,Website,Delivered,In-house Rider,RD069,8.1,30,39.0,False,5.0,
ORD02490,2026-03-07,2026-03-07 23:47:00,C1043,Restaurant_03,Mohali,Sector 68,4,480,0.0,25,505,Credit Card,Restaurant App,Delivered,In-house Rider,RD147,7.6,30,38.0,False,5.0,
ORD00632,2026-02-08,2026-02-08 00:53:00,C0269,Restaurant_06,Mohali,Phase 5,4,1280,0.0,50,1330,Credit Card,Restaurant App,Delivered,In-house Rider,RD125,6.5,50,23.0,True,5.0,
ORD02026,2026-06-15,2026-06-15 19:11:00,C0173,Restaurant_11,Panchkula,Sector 11,5,1600,100.0,25,1525,UPI,Restaurant App,Delivered,Shiprocket,RD136,8.7,40,36.0,True,5.0,
ORD03126,2026-02-01,2026-02-01 01:48:00,C0634,Restaurant_16,Chandigarh,Sector 22,5,750,0.0,20,770,UPI,Restaurant App,Failed,Not Assigned,Not Assigned,0.0,45,,,,Address Issue
ORD03510,2026-06-05,2026-06-05 08:15:00,C0800,Restaurant_18,Chandigarh,Sector 22,5,1400,75.0,60,1385,UPI,Restaurant App,Delivered,Shiprocket,RD093,8.5,45,46.0,False,4.0,
ORD00640,2026-05-23,2026-05-23 18:45:00,C0233,Restaurant_14,Panchkula,Sector 11,1,350,50.0,50,350,Wallet,Restaurant App,Delivered,In-house Rider,RD135,2.8,40,85.0,False,4.0,
ORD01521,2026-06-21,2026-06-21 19:31:00,C0946,Restaurant_03,Mohali,Phase 3B2,4,1280,100.0,40,1220,Cash,Website,Delivered,In-house Rider,RD004,3.0,30,27.0,True,5.0,
ORD03470,2026-02-22,2026-02-22 20:18:00,C0169,Restaurant_07,Mohali,Phase 7,4,880,0.0,25,905,Credit Card,Restaurant App,Cancelled,Not Assigned,Not Assigned,3.5,45,,,,Customer Cancelled
ORD01399,2026-06-02,2026-06-02 13:26:00,C0887,Restaurant_13,Chandigarh,Sector 35,3,1050,30.0,30,1050,Credit Card,Restaurant App,Delivered,Ola Logistics,RD023,2.7,45,23.0,True,5.0,
ORD02772,2026-03-27,2026-03-27 16:44:00,C0389,Restaurant_07,Chandigarh,Manimajra,2,240,20.0,20,240,Cash,Restaurant App,Delivered,In-house Rider,RD131,8.6,30,53.0,False,5.0,
ORD03672,2026-05-13,2026-05-13 00:17:00,C0960,Restaurant_24,Mohali,Sector 68,2,800,20.0,20,800,Credit Card,Website,Delivered,In-house Rider,RD146,6.5,40,30.0,True,5.0,
ORD00494,2026-02-05,2026-02-05 02:05:00,C0103,Restaurant_15,Chandigarh,Sector 34,3,1050,50.0,30,1030,Debit Card,Restaurant App,Cancelled,Not Assigned,Not Assigned,0.6,50,,,,Rider Unavailable
ORD03073,2026-02-26,2026-02-26 02:09:00,C0559,Restaurant_18,Mohali,Phase 7,1,150,20.0,60,190,Debit Card,Restaurant App,Delivered,In-house Rider,RD029,7.1,50,28.0,True,5.0,
ORD03279,2026-06-28,2026-06-28 04:48:00,C0964,Restaurant_19,Panchkula,Sector 11,1,280,0.0,50,330,Credit Card,Restaurant App,Delivered,In-house Rider,RD018,7.1,50,34.0,True,5.0,
ORD00119,2026-01-31,2026-01-31 11:28:00,C0147,Restaurant_10,Chandigarh,Sector 17,2,240,50.0,60,250,Cash,Restaurant App,Delivered,In-house Rider,RD002,5.0,30,28.0,True,4.0,
ORD02329,2026-02-25,2026-02-25 10:11:00,C0871,Restaurant_10,Mohali,Sector 68,2,440,50.0,20,410,UPI,Restaurant App,Delivered,Shadowfax,RD131,6.0,50,26.0,True,5.0,
ORD03115,2026-04-20,2026-04-20 13:18:00,C0924,Restaurant_23,Panchkula,Sector 5,1,180,75.0,50,155,Debit Card,Website,Failed,Not Assigned,Not Assigned,1.1,45,,,,Rider Unavailable
ORD03934,2026-01-17,2026-01-17 17:42:00,C0064,Restaurant_23,Chandigarh,Sector 22,1,220,0.0,50,270,Debit Card,Restaurant App,Delivered,In-house Rider,RD045,3.5,35,15.0,True,5.0,
ORD01091,2026-03-16,2026-03-16 07:58:00,C0294,Restaurant_21,Panchkula,Sector 8,2,300,0.0,50,350,Cash,Website,Cancelled,Not Assigned,Not Assigned,0.4,45,,,,Customer Cancelled
ORD02938,2026-04-09,2026-04-09 00:09:00,C0050,Restaurant_21,Panchkula,Sector 15,5,1100,30.0,30,1100,UPI,Website,Delivered,In-house Rider,RD017,2.5,40,18.0,True,5.0,
ORD03197,2026-01-31,2026-01-31 17:01:00,C0209,Restaurant_13,Chandigarh,Sector 34,4,720,75.0,30,675,Debit Card,Website,Delivered,Shiprocket,RD015,4.3,40,31.0,True,4.0,
ORD02463,2026-05-07,2026-05-07 01:25:00,C0074,Restaurant_23,Panchkula,Sector 11,4,720,30.0,25,715,Credit Card,Restaurant App,Delivered,Shadowfax,RD082,6.3,35,39.0,False,5.0,
ORD02275,2026-03-27,2026-03-27 02:38:00,C0508,Restaurant_05,Mohali,Sector 68,1,400,100.0,25,325,Credit Card,Website,Cancelled,Not Assigned,Not Assigned,7.1,30,,,,Rider Unavailable
ORD03516,2026-02-24,2026-02-24 20:43:00,C0121,Restaurant_25,Chandigarh,Sector 35,4,720,50.0,25,695,UPI,Website,Delivered,Ola Logistics,RD014,8.3,45,39.0,True,5.0,
ORD00771,2026-05-09,2026-05-09 01:37:00,C1167,Restaurant_08,Mohali,Phase 7,1,150,20.0,20,150,Wallet,Restaurant App,Delivered,In-house Rider,RD036,6.8,50,38.0,True,5.0,
ORD02853,2026-03-19,2026-03-19 11:43:00,C0657,Restaurant_23,Chandigarh,Sector 22,3,750,0.0,25,775,Credit Card,Website,Failed,Not Assigned,Not Assigned,4.8,50,,,,Restaurant Delay
ORD03817,2026-01-20,2026-01-20 19:52:00,C0182,Restaurant_24,Mohali,Phase 3B2,4,720,0.0,30,750,Wallet,Restaurant App,Delivered,Shiprocket,RD052,3.7,30,18.0,True,4.0,
ORD02997,2026-06-19,2026-06-19 14:14:00,C0650,Restaurant_03,Chandigarh,Manimajra,3,450,30.0,20,440,Credit Card,Restaurant App,Delivered,Shadowfax,RD126,7.3,35,35.0,True,3.0,
ORD02918,2026-02-12,2026-02-12 08:15:00,C0289,Restaurant_24,Panchkula,Sector 11,1,150,20.0,50,180,Wallet,Restaurant App,Delivered,In-house Rider,RD056,3.1,30,26.0,True,5.0,
ORD02621,2026-02-21,2026-02-21 17:35:00,C0100,Restaurant_13,Mohali,Phase 5,5,900,20.0,50,930,Wallet,Restaurant App,Delivered,In-house Rider,RD144,4.1,35,26.0,True,5.0,
ORD01998,2026-04-14,2026-04-14 15:36:00,C0587,Restaurant_14,Panchkula,Sector 8,1,350,75.0,25,300,UPI,Website,Delivered,In-house Rider,RD128,6.1,40,41.0,False,3.0,
ORD00206,2026-01-07,2026-01-07 21:34:00,C0454,Restaurant_05,Panchkula,Sector 11,1,180,,30,210,Wallet,Website,Delivered,In-house Rider,RD098,,45,18.0,True,,
ORD01001,2026-02-14,2026-02-14 21:26:00,C0434,Restaurant_04,Chandigarh,Sector 35,3,450,0.0,50,500,Cash,Restaurant App,Cancelled,Not Assigned,Not Assigned,6.9,35,,,,Restaurant Delay
ORD02721,2026-02-25,2026-02-25 08:00:00,C0497,Restaurant_21,Panchkula,Sector 15,2,500,75.0,30,455,Credit Card,Restaurant App,Delivered,In-house Rider,RD098,6.7,40,40.0,True,4.0,
ORD03769,2026-01-11,2026-01-11 13:57:00,C0602,Restaurant_19,Mohali,Phase 7,5,1750,100.0,60,1710,Cash,Restaurant App,Delivered,In-house Rider,RD068,6.5,40,34.0,True,5.0,
ORD00400,2026-04-26,2026-04-26 01:39:00,C0471,Restaurant_22,Chandigarh,Sector 17,2,800,0.0,20,820,Cash,Website,Delivered,Shadowfax,RD075,4.6,40,38.0,True,4.0,
ORD01990,2026-05-10,2026-05-10 09:14:00,C0781,Restaurant_17,Mohali,Phase 5,1,320,0.0,50,370,Wallet,Restaurant App,Delivered,In-house Rider,RD069,5.0,45,30.0,True,5.0,
ORD01576,2026-04-25,2026-04-25 05:59:00,C0492,Restaurant_15,Mohali,Sector 68,1,120,50.0,40,110,Wallet,Restaurant App,Delivered,Ola Logistics,RD039,5.8,30,25.0,True,3.0,
ORD02600,2026-04-23,2026-04-23 13:13:00,C0657,Restaurant_04,Chandigarh,Sector 17,3,960,20.0,20,960,Credit Card,Restaurant App,Delivered,Shadowfax,RD098,6.8,35,32.0,True,4.0,
ORD01199,2026-02-21,2026-02-21 20:32:00,C0909,Restaurant_20,Mohali,Phase 7,4,1120,0.0,60,1180,Credit Card,Restaurant App,Delivered,Shadowfax,RD136,3.3,35,29.0,True,4.0,
ORD02369,2026-03-18,2026-03-18 22:31:00,C0609,Restaurant_24,Panchkula,Sector 8,3,960,100.0,25,885,Wallet,Restaurant App,Failed,Not Assigned,Not Assigned,1.1,40,,,,Customer Cancelled
ORD00470,2026-03-30,2026-03-30 06:11:00,C0952,Restaurant_20,Mohali,Phase 3B2,3,750,50.0,30,730,Wallet,Website,Delivered,Ola Logistics,RD112,4.5,40,28.0,True,5.0,
ORD03713,2026-03-28,2026-03-28 05:49:00,C0052,Restaurant_11,Mohali,Phase 3B2,4,480,30.0,25,475,Credit Card,Restaurant App,Delivered,Shadowfax,RD068,4.3,35,26.0,True,3.0,
ORD03890,2026-02-01,2026-02-01 21:14:00,C1148,Restaurant_22,Chandigarh,Sector 22,1,400,50.0,30,380,Debit Card,Website,Delivered,Shadowfax,RD125,4.3,30,29.0,True,5.0,
ORD00861,2026-06-21,2026-06-21 18:28:00,C0183,Restaurant_13,Mohali,Phase 5,3,360,0.0,25,385,Credit Card,Restaurant App,Delivered,Ola Logistics,RD034,6.4,30,34.0,False,5.0,
ORD00867,2026-03-25,2026-03-25 01:39:00,C0255,Restaurant_23,Chandigarh,Sector 17,4,720,100.0,25,645,Credit Card,Website,Cancelled,Not Assigned,Not Assigned,5.1,45,,,,Rider Unavailable
ORD02592,2026-05-28,2026-05-28 08:58:00,C0658,Restaurant_16,Mohali,Phase 5,3,360,0.0,60,420,Debit Card,Website,Failed,Not Assigned,Not Assigned,3.7,30,,,,Restaurant Delay
ORD00080,2026-01-15,2026-01-15 23:57:00,C1177,Restaurant_03,Chandigarh,Sector 35,1,120,50.0,30,100,Credit Card,Website,Delivered,Shadowfax,RD037,6.7,45,37.0,True,5.0,
ORD00534,2026-01-30,2026-01-30 06:51:00,C0438,Restaurant_11,Panchkula,Sector 15,4,1120,0.0,50,1170,Cash,Website,Delivered,In-house Rider,RD106,7.1,45,42.0,True,4.0,
ORD03528,2026-04-29,2026-04-29 02:07:00,C0187,Restaurant_16,Chandigarh,Sector 34,2,360,75.0,40,325,Wallet,Website,Failed,Not Assigned,Not Assigned,3.8,35,,,,Payment Failed
ORD02506,2026-06-26,2026-06-26 22:36:00,C0141,Restaurant_12,Mohali,Phase 5,3,360,30.0,40,370,Credit Card,Restaurant App,Failed,Not Assigned,Not Assigned,2.1,40,,,,Customer Cancelled
ORD02339,2026-04-05,2026-04-05 05:48:00,C1030,Restaurant_14,Chandigarh,Sector 35,2,360,30.0,20,350,Credit Card,Restaurant App,Delivered,In-house Rider,RD032,3.4,45,23.0,True,5.0,
ORD03447,2026-06-11,2026-06-11 06:23:00,C0279,Restaurant_13,Panchkula,Sector 5,4,1280,75.0,60,1265,UPI,Restaurant App,Delivered,In-house Rider,RD097,5.1,35,36.0,False,5.0,
ORD00371,2026-04-24,2026-04-24 07:15:00,C0568,Restaurant_01,Mohali,Phase 7,3,450,75.0,30,405,UPI,Website,Cancelled,Not Assigned,Not Assigned,6.8,50,,,,Rider Unavailable
ORD00266,2026-05-14,2026-05-14 01:52:00,C1110,Restaurant_14,Chandigarh,Manimajra,1,320,50.0,20,290,Cash,Website,Delivered,In-house Rider,RD126,5.1,40,36.0,True,3.0,
ORD01613,2026-06-18,2026-06-18 16:49:00,C0243,Restaurant_01,Chandigarh,Manimajra,1,350,0.0,60,410,Debit Card,Restaurant App,Delivered,Shadowfax,RD103,3.5,35,28.0,True,5.0,
ORD01502,2026-01-17,2026-01-17 03:30:00,C0275,Restaurant_23,Chandigarh,Sector 22,5,600,75.0,20,545,Debit Card,Website,Delivered,Shiprocket,RD072,2.1,30,18.0,True,1.0,
ORD03699,2026-02-19,2026-02-19 13:31:00,C0700,Restaurant_20,Mohali,Phase 5,1,250,50.0,60,260,Wallet,Website,Cancelled,Not Assigned,Not Assigned,8.0,35,,,,Rider Unavailable
ORD00165,2026-02-11,2026-02-11 14:13:00,C0953,Restaurant_10,Mohali,Sector 68,2,560,75.0,30,515,UPI,Website,Delivered,Shadowfax,RD095,2.1,40,22.0,True,4.0,
ORD03287,2026-01-30,2026-01-30 03:35:00,C0581,Restaurant_20,Chandigarh,Sector 22,2,800,20.0,25,805,Cash,Website,Delivered,Shiprocket,RD048,3.0,30,21.0,True,4.0,
ORD00474,2026-03-12,2026-03-12 10:46:00,C0653,Restaurant_09,Chandigarh,Sector 35,5,600,50.0,50,600,Debit Card,Website,Delivered,Ola Logistics,RD088,4.6,50,16.0,True,5.0,
ORD00876,2026-02-04,2026-02-04 22:46:00,C0934,Restaurant_04,Panchkula,Sector 11,2,800,100.0,40,740,Wallet,Website,Delivered,Shadowfax,RD094,5.9,45,30.0,True,4.0,
ORD02246,2026-02-03,2026-02-03 06:53:00,C0088,Restaurant_20,Mohali,Phase 7,2,300,75.0,30,255,Credit Card,Restaurant App,Delivered,Ola Logistics,RD106,3.8,50,26.0,True,5.0,
ORD00186,2026-06-25,2026-06-25 14:50:00,C1073,Restaurant_18,Panchkula,Sector 5,3,750,100.0,25,675,Debit Card,Website,Cancelled,Not Assigned,Not Assigned,7.8,35,,,,Customer Cancelled
ORD02166,2026-02-09,2026-02-09 17:11:00,C1059,Restaurant_07,Panchkula,Sector 11,4,1600,50.0,20,1570,UPI,Restaurant App,Delivered,In-house Rider,RD026,7.2,30,31.0,False,5.0,
ORD02470,2026-05-03,2026-05-03 23:01:00,C0490,Restaurant_09,Panchkula,Sector 11,5,900,0.0,30,930,Wallet,Website,Delivered,Shadowfax,RD041,3.0,45,34.0,True,5.0,
ORD01476,2026-02-27,2026-02-27 01:32:00,C0936,Restaurant_17,Panchkula,Sector 11,2,700,0.0,20,720,Wallet,Website,Failed,Not Assigned,Not Assigned,6.1,45,,,,Payment Failed
ORD02305,2026-01-13,2026-01-13 22:49:00,C0303,Restaurant_15,Chandigarh,Sector 35,4,1120,20.0,40,1140,UPI,Restaurant App,Delivered,Ola Logistics,RD059,5.8,45,33.0,True,4.0,
ORD00136,2026-05-16,2026-05-16 00:05:00,C0828,Restaurant_02,Panchkula,Sector 8,5,1600,100.0,20,1520,Wallet,Website,Delivered,Shiprocket,RD006,7.3,35,35.0,True,3.0,
ORD03378,2026-06-09,2026-06-09 00:55:00,C0255,Restaurant_19,Panchkula,Sector 5,1,350,100.0,20,270,UPI,Website,Delivered,In-house Rider,RD090,2.7,40,15.0,True,5.0,
ORD03676,2026-06-16,2026-06-16 14:41:00,C1162,Restaurant_17,Chandigarh,Sector 34,1,400,100.0,60,360,Cash,Restaurant App,Delivered,In-house Rider,RD094,3.5,40,16.0,True,3.0,
ORD03326,2026-02-03,2026-02-03 23:16:00,C0660,Restaurant_11,Chandigarh,Sector 35,5,600,20.0,60,640,Cash,Restaurant App,Delivered,In-house Rider,RD116,3.2,45,19.0,True,5.0,
ORD03124,2026-05-08,2026-05-08 06:14:00,C1031,Restaurant_10,Panchkula,Sector 8,3,960,0.0,20,980,Wallet,Restaurant App,Delivered,Shadowfax,RD098,4.5,30,23.0,True,5.0,
ORD01855,2026-05-21,2026-05-21 13:54:00,C0337,Restaurant_20,Panchkula,Sector 15,5,1600,0.0,20,1620,Credit Card,Restaurant App,Cancelled,Not Assigned,Not Assigned,0.9,30,,,,Rider Unavailable
ORD00327,2026-05-02,2026-05-02 10:41:00,C0993,Restaurant_03,Panchkula,Sector 8,5,1400,30.0,50,1420,Credit Card,Website,Delivered,In-house Rider,RD012,4.7,40,18.0,True,4.0,
ORD02915,2026-03-04,2026-03-04 04:58:00,C0565,Restaurant_17,Mohali,Phase 3B2,1,400,100.0,20,320,Wallet,Website,Delivered,In-house Rider,RD002,6.2,50,37.0,True,5.0,
ORD00319,2026-03-01,2026-03-01 23:16:00,C0573,Restaurant_13,Mohali,Phase 5,5,1100,0.0,25,1125,Wallet,Restaurant App,Delivered,Shiprocket,RD084,5.0,50,33.0,True,5.0,
ORD03791,2026-06-16,2026-06-16 04:59:00,C0419,Restaurant_22,Chandigarh,Manimajra,4,600,75.0,40,565,Debit Card,Website,Delivered,Shadowfax,RD063,0.8,45,24.0,True,4.0,
ORD03086,2026-01-30,2026-01-30 10:04:00,C0504,Restaurant_01,Chandigarh,Manimajra,2,700,50.0,30,680,Credit Card,Website,Delivered,In-house Rider,RD137,7.9,50,42.0,True,5.0,
ORD02892,2026-05-25,2026-05-25 23:07:00,C0745,Restaurant_13,Chandigarh,Sector 34,3,750,0.0,50,800,Cash,Restaurant App,Delivered,In-house Rider,RD114,8.5,35,37.0,False,3.0,
ORD02098,2026-06-01,2026-06-01 11:11:00,C1096,Restaurant_04,Mohali,Phase 3B2,5,2000,0.0,40,2040,Cash,Website,Delivered,Shiprocket,RD126,2.7,50,22.0,True,4.0,
ORD02575,2026-02-10,2026-02-10 21:46:00,C0297,Restaurant_02,Panchkula,Sector 15,3,660,30.0,30,660,Credit Card,Restaurant App,Delivered,Shadowfax,RD081,1.8,45,13.0,True,5.0,
ORD02501,2026-04-21,2026-04-21 21:01:00,C1025,Restaurant_12,Chandigarh,Sector 35,3,450,100.0,50,400,Wallet,Website,Delivered,In-house Rider,RD032,5.6,40,34.0,True,3.0,
ORD03404,2026-04-27,2026-04-27 22:41:00,C0982,Restaurant_16,Panchkula,Sector 15,5,900,20.0,50,930,Credit Card,Restaurant App,Cancelled,Not Assigned,Not Assigned,0.1,45,,,,Customer Cancelled
ORD02731,2026-05-18,2026-05-18 09:09:00,C0367,Restaurant_02,Mohali,Phase 3B2,5,1250,75.0,25,1200,Debit Card,Restaurant App,Delivered,Shadowfax,RD078,4.7,35,25.0,True,3.0,
ORD00463,2026-06-08,2026-06-08 10:14:00,C0405,Restaurant_08,Mohali,Phase 7,4,1600,0.0,50,1650,Wallet,Restaurant App,Delivered,In-house Rider,RD096,0.8,50,17.0,True,1.0,
ORD01229,2026-03-26,2026-03-26 22:15:00,C1081,Restaurant_04,Mohali,Phase 7,5,1400,75.0,20,1345,Credit Card,Restaurant App,Delivered,In-house Rider,RD033,9.1,35,47.0,False,5.0,
ORD02984,2026-06-09,2026-06-09 08:24:00,C0535,Restaurant_21,Mohali,Sector 68,3,750,50.0,20,720,UPI,Restaurant App,Delivered,Shiprocket,RD131,5.3,35,35.0,True,5.0,
ORD03261,2026-06-04,2026-06-04 10:37:00,C0216,Restaurant_12,Panchkula,Sector 11,5,1100,0.0,20,1120,UPI,Website,Delivered,In-house Rider,RD081,4.9,35,19.0,True,5.0,
ORD01372,2026-03-25,2026-03-25 05:47:00,C0268,Restaurant_19,Mohali,Phase 5,4,1000,0.0,60,1060,Wallet,Restaurant App,Delivered,Shiprocket,RD118,3.2,50,23.0,True,4.0,
ORD01493,2026-03-26,2026-03-26 05:59:00,C0529,Restaurant_15,Panchkula,Sector 5,5,1750,30.0,30,1750,Cash,Restaurant App,Cancelled,Not Assigned,Not Assigned,2.7,45,,,,Rider Unavailable
ORD00648,2026-03-11,2026-03-11 23:00:00,C1142,Restaurant_11,Chandigarh,Sector 17,2,700,0.0,30,730,Wallet,Restaurant App,Delivered,In-house Rider,RD127,0.8,45,22.0,True,5.0,
ORD03850,2026-06-22,2026-06-22 14:09:00,C0193,Restaurant_13,Panchkula,Sector 5,1,250,0.0,50,300,Cash,Website,Cancelled,Not Assigned,Not Assigned,0.6,35,,,,Rider Unavailable
ORD03106,2026-05-11,2026-05-11 17:51:00,C0780,Restaurant_05,Panchkula,Sector 5,2,240,0.0,50,290,UPI,Website,Delivered,In-house Rider,RD138,0.8,50,22.0,True,5.0,
ORD01834,2026-03-25,2026-03-25 11:19:00,C0466,Restaurant_14,Panchkula,Sector 15,2,640,30.0,30,640,Credit Card,Website,Delivered,Shadowfax,RD024,1.0,35,12.0,True,4.0,
ORD00860,2026-03-30,2026-03-30 20:03:00,C0954,Restaurant_11,Panchkula,Sector 8,3,360,0.0,50,410,Cash,Restaurant App,Cancelled,Not Assigned,Not Assigned,4.6,30,,,,Payment Failed
ORD02296,2026-01-08,2026-01-08 08:00:00,C0847,Restaurant_25,Chandigarh,Manimajra,2,560,20.0,20,560,Credit Card,Website,Delivered,Ola Logistics,RD096,8.1,30,44.0,False,4.0,
ORD03039,2026-03-07,2026-03-07 04:12:00,C0221,Restaurant_18,Chandigarh,Manimajra,3,840,30.0,25,835,Wallet,Restaurant App,Failed,Not Assigned,Not Assigned,3.2,45,,,,Rider Unavailable
ORD03879,2026-02-25,2026-02-25 14:15:00,C0158,Restaurant_01,Chandigarh,Sector 17,5,750,0.0,60,810,UPI,Restaurant App,Delivered,In-house Rider,RD088,4.0,40,23.0,True,5.0,
ORD00692,2026-02-03,2026-02-03 10:12:00,C0567,Restaurant_22,Chandigarh,Sector 22,2,500,50.0,60,510,Debit Card,Website,Delivered,In-house Rider,RD118,3.0,40,23.0,True,5.0,
ORD01464,2026-02-15,2026-02-15 20:05:00,C0719,Restaurant_15,Panchkula,Sector 15,4,1120,0.0,25,1145,Wallet,Restaurant App,Delivered,In-house Rider,RD087,4.2,40,27.0,True,5.0,
ORD03772,2026-04-16,2026-04-16 15:44:00,C0927,Restaurant_08,Chandigarh,Manimajra,5,1600,0.0,20,1620,Wallet,Restaurant App,Delivered,In-house Rider,RD066,6.9,35,33.0,True,5.0,
ORD01582,2026-01-18,2026-01-18 05:38:00,C0579,Restaurant_12,Chandigarh,Sector 35,4,720,0.0,40,760,Debit Card,Website,Delivered,Ola Logistics,RD030,3.6,30,16.0,True,5.0,
ORD02029,2026-01-17,2026-01-17 10:19:00,C1088,Restaurant_12,Mohali,Phase 3B2,2,560,100.0,50,510,Cash,Restaurant App,Failed,Not Assigned,Not Assigned,1.7,30,,,,Restaurant Delay
ORD00217,2026-03-08,2026-03-08 06:42:00,C1134,Restaurant_04,Chandigarh,Sector 17,1,320,30.0,30,320,UPI,Website,Delivered,In-house Rider,RD148,2.3,35,26.0,True,4.0,
ORD03966,2026-02-22,2026-02-22 10:14:00,C0140,Restaurant_08,Mohali,Phase 5,3,360,100.0,40,300,UPI,Website,Delivered,Shadowfax,RD049,8.4,50,48.0,True,5.0,
ORD01277,2026-05-21,2026-05-21 01:39:00,C0951,Restaurant_18,Panchkula,Sector 8,5,1250,0.0,40,1290,Wallet,Restaurant App,Delivered,Shadowfax,RD040,9.6,45,86.0,False,5.0,
ORD00544,2026-06-13,2026-06-13 17:44:00,C1129,Restaurant_07,Mohali,Sector 68,3,1050,75.0,60,1035,Debit Card,Restaurant App,Delivered,In-house Rider,RD033,7.3,50,35.0,True,5.0,
ORD02759,2026-06-04,2026-06-04 03:52:00,C0553,Restaurant_16,Mohali,Sector 68,4,600,0.0,60,660,Debit Card,Restaurant App,Delivered,Shiprocket,RD127,6.6,30,95.0,False,4.0,
ORD02046,2026-01-12,2026-01-12 06:49:00,C0856,Restaurant_12,Mohali,Phase 7,3,840,100.0,25,765,Debit Card,Website,Delivered,Shadowfax,RD142,3.3,35,23.0,True,4.0,
ORD01489,2026-01-14,2026-01-14 04:01:00,C0790,Restaurant_12,Panchkula,Sector 8,4,1280,20.0,30,1290,Debit Card,Website,Delivered,Shadowfax,RD012,1.9,30,19.0,True,3.0,
ORD01683,2026-03-01,2026-03-01 01:33:00,C0442,Restaurant_02,Panchkula,Sector 11,2,700,0.0,20,720,Credit Card,Website,Failed,Not Assigned,Not Assigned,6.9,35,,,,Payment Failed
ORD02487,2026-01-17,2026-01-17 11:33:00,C0498,Restaurant_09,Panchkula,Sector 8,3,660,0.0,20,680,Wallet,Website,Delivered,Shadowfax,RD051,4.3,30,35.0,False,4.0,
ORD03409,2026-02-02,2026-02-02 17:48:00,C0385,Restaurant_07,Chandigarh,Sector 22,5,2000,0.0,60,2060,Credit Card,Restaurant App,Delivered,In-house Rider,RD002,3.8,40,20.0,True,4.0,
ORD01986,2026-01-25,2026-01-25 14:51:00,C0011,Restaurant_21,Panchkula,Sector 8,5,2000,0.0,20,2020,Wallet,Website,Failed,Not Assigned,Not Assigned,5.6,45,,,,Rider Unavailable
ORD01269,2026-06-26,2026-06-26 22:19:00,C0265,Restaurant_10,Chandigarh,Sector 35,4,1000,0.0,60,1060,Cash,Website,Delivered,In-house Rider,RD052,5.1,40,31.0,True,5.0,
ORD02909,2026-02-01,2026-02-01 06:38:00,C1009,Restaurant_18,Panchkula,Sector 15,3,840,0.0,60,900,UPI,Restaurant App,Failed,Not Assigned,Not Assigned,3.8,50,,,,Payment Failed
ORD02999,2026-01-23,2026-01-23 15:04:00,C1189,Restaurant_23,Chandigarh,Sector 22,2,500,20.0,20,500,Wallet,Website,Delivered,Shadowfax,RD073,3.8,45,24.0,True,1.0,
ORD02375,2026-01-28,2026-01-28 15:17:00,C0245,Restaurant_01,Mohali,Phase 5,4,1120,30.0,30,1120,Cash,Restaurant App,Delivered,In-house Rider,RD142,6.4,45,36.0,True,4.0,
ORD00227,2026-05-18,2026-05-18 08:40:00,C1186,Restaurant_13,Mohali,Sector 68,2,700,0.0,20,720,Credit Card,Website,Delivered,Shadowfax,RD081,1.1,40,15.0,True,4.0,
ORD03652,2026-03-04,2026-03-04 14:48:00,C0752,Restaurant_14,Mohali,Phase 7,3,750,100.0,60,710,Cash,Website,Delivered,Shadowfax,RD010,4.3,50,27.0,True,4.0,
ORD00554,2026-02-01,2026-02-01 18:42:00,C1087,Restaurant_14,Panchkula,Sector 11,4,1400,50.0,30,1380,UPI,Restaurant App,Delivered,Ola Logistics,RD096,5.0,35,25.0,True,4.0,
ORD00062,2026-06-13,2026-06-13 06:20:00,C0613,Restaurant_09,Panchkula,Sector 8,5,1100,20.0,20,1100,Cash,Website,Cancelled,Not Assigned,Not Assigned,5.3,50,,,,Restaurant Delay
ORD02933,2026-04-30,2026-04-30 00:06:00,C0576,Restaurant_02,Panchkula,Sector 11,4,1400,0.0,30,1430,Debit Card,Restaurant App,Delivered,Ola Logistics,RD122,5.1,35,29.0,True,5.0,
ORD01443,2026-01-02,2026-01-02 02:24:00,C0039,Restaurant_24,Mohali,Phase 3B2,1,180,0.0,60,240,Cash,Restaurant App,Delivered,In-house Rider,RD066,4.9,45,31.0,True,4.0,
ORD03450,2026-05-20,2026-05-20 19:22:00,C0527,Restaurant_20,Chandigarh,Sector 35,4,1000,0.0,40,1040,Wallet,Restaurant App,Delivered,Ola Logistics,RD149,1.2,45,21.0,True,5.0,
ORD01733,2026-01-06,2026-01-06 21:09:00,C0407,Restaurant_18,Panchkula,Sector 5,4,1120,75.0,25,1070,UPI,Restaurant App,Delivered,Ola Logistics,RD135,5.0,40,24.0,True,4.0,
ORD02060,2026-02-13,2026-02-13 09:23:00,C0708,Restaurant_14,Mohali,Phase 7,5,1750,75.0,40,1715,Debit Card,Website,Cancelled,Not Assigned,Not Assigned,3.1,50,,,,Rider Unavailable
ORD02021,2026-05-14,2026-05-14 05:03:00,C1087,Restaurant_14,Chandigarh,Sector 35,2,360,0.0,25,385,Debit Card,Restaurant App,Delivered,In-house Rider,RD141,8.8,40,45.0,False,5.0,
ORD02204,2026-03-05,2026-03-05 18:18:00,C0312,Restaurant_05,Chandigarh,Sector 34,1,120,20.0,60,160,Cash,Restaurant App,Delivered,Shadowfax,RD102,6.0,50,44.0,True,5.0,
ORD03600,2026-03-29,2026-03-29 02:49:00,C0464,Restaurant_11,Chandigarh,Sector 17,3,540,30.0,20,530,Cash,Restaurant App,Delivered,In-house Rider,RD040,5.1,30,29.0,True,5.0,
ORD03487,2026-02-27,2026-02-27 08:12:00,C0377,Restaurant_05,Panchkula,Sector 8,1,120,30.0,25,115,Wallet,Website,Failed,Not Assigned,Not Assigned,7.0,30,,,,Address Issue
ORD01840,2026-02-08,2026-02-08 23:20:00,C0936,Restaurant_08,Mohali,Sector 68,2,440,75.0,20,385,Wallet,Restaurant App,Delivered,In-house Rider,RD021,6.8,50,36.0,True,5.0,
ORD03597,2026-06-06,2026-06-06 15:14:00,C0923,Restaurant_14,Panchkula,Sector 8,5,900,0.0,20,920,Wallet,Website,Delivered,In-house Rider,RD120,2.5,40,29.0,True,,
ORD03632,2026-06-04,2026-06-04 02:44:00,C0957,Restaurant_19,Mohali,Phase 5,3,450,0.0,20,470,Wallet,Website,Delivered,Ola Logistics,RD083,8.0,35,36.0,False,5.0,
ORD03227,2026-06-25,2026-06-25 03:31:00,C0282,Restaurant_04,Panchkula,Sector 8,5,1600,20.0,20,1600,Credit Card,Website,Delivered,Shadowfax,RD134,4.7,45,22.0,True,5.0,
ORD00662,2026-06-12,2026-06-12 13:09:00,C0630,Restaurant_01,Chandigarh,Sector 35,1,400,0.0,40,440,UPI,Website,Delivered,Shadowfax,RD063,6.4,35,32.0,True,4.0,
ORD01636,2026-05-29,2026-05-29 05:09:00,C0302,Restaurant_09,Mohali,Phase 7,2,240,0.0,30,270,UPI,Restaurant App,Delivered,Shiprocket,RD139,0.8,30,12.0,True,5.0,
ORD00349,2026-01-25,2026-01-25 21:03:00,C0211,Restaurant_09,Mohali,Sector 68,3,360,30.0,40,370,Credit Card,Website,Delivered,Shadowfax,RD052,10.6,50,47.0,True,5.0,
ORD01575,2026-06-15,2026-06-15 20:43:00,C0364,Restaurant_04,Panchkula,Sector 8,3,1200,20.0,50,1230,Credit Card,Restaurant App,Delivered,In-house Rider,RD014,6.1,45,37.0,True,5.0,
ORD00298,2026-05-14,2026-05-14 13:16:00,C0139,Restaurant_09,Chandigarh,Sector 22,1,400,0.0,60,460,Credit Card,Website,Failed,Not Assigned,Not Assigned,4.4,45,,,,Payment Failed
ORD02215,2026-03-27,2026-03-27 03:26:00,C0529,Restaurant_22,Panchkula,Sector 8,1,280,75.0,60,265,Debit Card,Website,Delivered,In-house Rider,RD058,0.8,40,17.0,True,2.0,
ORD01881,2026-02-10,2026-02-10 10:22:00,C0916,Restaurant_05,Chandigarh,Manimajra,5,1400,30.0,40,1410,Wallet,Website,Delivered,In-house Rider,RD129,6.2,45,29.0,True,5.0,
ORD03508,2026-01-02,2026-01-02 02:04:00,C0402,Restaurant_15,Panchkula,Sector 11,1,220,0.0,60,280,Wallet,Restaurant App,Delivered,In-house Rider,RD107,2.4,35,18.0,True,5.0,
ORD03889,2026-03-02,2026-03-02 14:18:00,C0931,Restaurant_15,Chandigarh,Sector 22,1,150,0.0,40,190,Cash,Restaurant App,Delivered,In-house Rider,RD031,4.4,50,31.0,True,5.0,
ORD00205,2026-03-28,2026-03-28 09:57:00,C0591,Restaurant_22,Mohali,Phase 3B2,3,840,50.0,50,840,Cash,Restaurant App,Delivered,Shadowfax,RD128,4.3,35,26.0,True,5.0,
ORD01734,2026-06-01,2026-06-01 04:33:00,C0814,Restaurant_16,Mohali,Sector 68,2,240,75.0,20,185,Debit Card,Restaurant App,Delivered,In-house Rider,RD075,6.1,30,33.0,False,5.0,
ORD00907,2026-05-05,2026-05-05 11:12:00,C0133,Restaurant_13,Chandigarh,Sector 17,3,750,0.0,20,770,Credit Card,Restaurant App,Cancelled,Not Assigned,Not Assigned,0.5,30,,,,Rider Unavailable
ORD00914,2026-04-09,2026-04-09 13:26:00,C0269,Restaurant_14,Panchkula,Sector 8,2,240,50.0,25,215,UPI,Website,Delivered,Ola Logistics,RD104,5.3,30,31.0,False,5.0,
ORD02403,2026-03-10,2026-03-10 15:10:00,C0740,Restaurant_18,Panchkula,Sector 8,4,1280,50.0,40,1270,Credit Card,Website,Cancelled,Not Assigned,Not Assigned,4.5,30,,,,Address Issue
ORD02235,2026-05-17,2026-05-17 07:29:00,C0897,Restaurant_16,Mohali,Phase 3B2,1,280,75.0,25,230,Cash,Website,Cancelled,Not Assigned,Not Assigned,1.2,40,,,,Address Issue
ORD02826,2026-02-13,2026-02-13 17:32:00,C0758,Restaurant_01,Chandigarh,Sector 17,5,1100,20.0,20,1100,UPI,Restaurant App,Cancelled,Not Assigned,Not Assigned,4.5,30,,,,Payment Failed
ORD03941,2026-06-23,2026-06-23 06:56:00,C1189,Restaurant_17,Panchkula,Sector 5,5,1100,20.0,50,1130,Debit Card,Restaurant App,Failed,Not Assigned,Not Assigned,6.7,40,,,,Restaurant Delay
ORD03671,2026-01-15,2026-01-15 07:21:00,C0459,Restaurant_17,Mohali,Phase 3B2,2,240,30.0,60,270,Cash,Restaurant App,Delivered,Shadowfax,RD058,5.6,40,25.0,True,4.0,
ORD01034,2026-03-18,2026-03-18 06:47:00,C0624,Restaurant_04,Mohali,Phase 7,3,750,20.0,20,750,Cash,Website,Delivered,In-house Rider,RD111,7.8,50,37.0,True,5.0,
ORD02059,2026-04-30,2026-04-30 19:36:00,C1006,Restaurant_16,Mohali,Sector 68,2,500,0.0,25,525,Wallet,Restaurant App,Delivered,Ola Logistics,RD078,5.5,30,36.0,False,5.0,
ORD03981,2026-06-26,2026-06-26 01:26:00,C0448,Restaurant_19,Panchkula,Sector 11,2,500,50.0,40,490,Cash,Restaurant App,Delivered,In-house Rider,RD033,8.3,30,48.0,False,4.0,
ORD01305,2026-02-07,2026-02-07 01:22:00,C0620,Restaurant_21,Panchkula,Sector 5,4,600,20.0,60,640,UPI,Website,Delivered,In-house Rider,RD028,5.3,35,33.0,True,3.0,
ORD01771,2026-01-30,2026-01-30 12:02:00,C0964,Restaurant_04,Panchkula,Sector 5,4,480,0.0,40,520,UPI,Restaurant App,Delivered,In-house Rider,RD107,7.5,35,34.0,True,5.0,
ORD01234,2026-02-21,2026-02-21 16:56:00,C0440,Restaurant_03,Panchkula,Sector 8,5,1400,20.0,20,1400,UPI,Website,Delivered,In-house Rider,RD061,1.1,45,11.0,True,4.0,
ORD03603,2026-03-11,2026-03-11 02:52:00,C0473,Restaurant_07,Chandigarh,Sector 34,2,700,0.0,30,730,Wallet,Website,Delivered,In-house Rider,RD014,4.0,45,24.0,True,5.0,
ORD02604,2026-02-27,2026-02-27 21:21:00,C0273,Restaurant_15,Mohali,Phase 5,2,800,20.0,20,800,Wallet,Restaurant App,Failed,Not Assigned,Not Assigned,4.3,40,,,,Customer Cancelled
ORD02338,2026-06-19,2026-06-19 10:38:00,C0338,Restaurant_23,Panchkula,Sector 8,4,1400,0.0,40,1440,Credit Card,Restaurant App,Delivered,In-house Rider,RD139,1.8,50,20.0,True,5.0,
ORD02476,2026-01-04,2026-01-04 11:31:00,C0772,Restaurant_19,Chandigarh,Sector 22,3,1200,100.0,50,1150,Debit Card,Website,Delivered,Ola Logistics,RD053,8.0,35,69.0,False,4.0,
ORD01586,2026-05-23,2026-05-23 07:44:00,C0946,Restaurant_05,Panchkula,Sector 8,2,700,30.0,50,720,UPI,Restaurant App,Delivered,Shadowfax,RD092,7.6,30,38.0,False,3.0,
ORD01818,2026-02-20,2026-02-20 13:21:00,C0673,Restaurant_04,Panchkula,Sector 5,4,1280,30.0,30,1280,UPI,Restaurant App,Delivered,In-house Rider,RD075,5.2,35,26.0,True,5.0,
ORD03961,2026-03-15,2026-03-15 11:33:00,C0299,Restaurant_02,Mohali,Sector 68,5,1750,75.0,25,1700,Wallet,Website,Delivered,In-house Rider,RD120,8.8,35,46.0,False,5.0,
ORD02138,2026-02-25,2026-02-25 22:09:00,C0574,Restaurant_06,Mohali,Phase 5,2,700,50.0,50,700,UPI,Restaurant App,Delivered,In-house Rider,RD112,5.6,50,28.0,True,1.0,
ORD01592,2026-05-14,2026-05-14 00:55:00,C0817,Restaurant_21,Chandigarh,Sector 34,1,120,0.0,40,160,Cash,Restaurant App,Delivered,In-house Rider,RD091,5.0,30,31.0,False,5.0,
ORD00122,2026-04-06,2026-04-06 21:56:00,C0345,Restaurant_16,Mohali,Phase 7,4,1600,0.0,25,1625,Debit Card,Restaurant App,Delivered,In-house Rider,RD100,4.8,35,31.0,True,5.0,
ORD00657,2026-03-15,2026-03-15 07:55:00,C0389,Restaurant_21,Panchkula,Sector 8,5,2000,0.0,30,2030,Debit Card,Website,Delivered,In-house Rider,RD040,5.0,30,22.0,True,5.0,
ORD01792,2026-02-01,2026-02-01 17:14:00,C0503,Restaurant_04,Panchkula,Sector 11,5,1250,20.0,60,1290,Debit Card,Website,Delivered,In-house Rider,RD128,4.8,45,23.0,True,4.0,
ORD02200,2026-05-12,2026-05-12 07:12:00,C0942,Restaurant_09,Mohali,Phase 3B2,3,1200,100.0,50,1150,Credit Card,Restaurant App,Delivered,Shadowfax,RD019,7.8,40,88.0,False,2.0,
ORD03714,2026-06-15,2026-06-15 07:48:00,C0208,Restaurant_03,Chandigarh,Sector 17,5,1400,0.0,60,1460,Cash,Website,Delivered,Ola Logistics,RD025,3.3,35,32.0,True,4.0,
ORD03185,2026-04-04,2026-04-04 17:30:00,C0148,Restaurant_18,Panchkula,Sector 15,5,1600,0.0,20,1620,Cash,Restaurant App,Delivered,Shadowfax,RD135,0.8,30,18.0,True,5.0,
ORD02108,2026-03-26,2026-03-26 19:44:00,C0560,Restaurant_01,Chandigarh,Sector 34,1,250,0.0,20,270,Credit Card,Website,Cancelled,Not Assigned,Not Assigned,5.1,40,,,,Customer Cancelled
ORD01897,2026-05-29,2026-05-29 06:19:00,C0320,Restaurant_21,Panchkula,Sector 8,1,350,0.0,60,410,Cash,Restaurant App,Delivered,In-house Rider,RD033,2.8,50,26.0,True,5.0,
ORD01939,2026-01-28,2026-01-28 18:26:00,C0927,Restaurant_16,Panchkula,Sector 5,4,1600,30.0,30,1600,Debit Card,Restaurant App,Delivered,In-house Rider,RD131,6.6,30,42.0,False,5.0,
ORD00131,2026-06-01,2026-06-01 08:51:00,C0195,Restaurant_01,Panchkula,Sector 11,5,1250,20.0,20,1250,Debit Card,Website,Delivered,Shadowfax,RD119,3.1,35,16.0,True,5.0,
ORD01486,2026-03-24,2026-03-24 10:07:00,C0133,Restaurant_09,Mohali,Phase 5,2,440,30.0,50,460,UPI,Website,Failed,Not Assigned,Not Assigned,5.5,30,,,,Customer Cancelled
ORD01723,2026-01-06,2026-01-06 23:06:00,C1075,Restaurant_21,Panchkula,Sector 5,4,1120,50.0,20,1090,Credit Card,Website,Failed,Not Assigned,Not Assigned,0.3,45,,,,Restaurant Delay
ORD02899,2026-03-23,2026-03-23 11:45:00,C0239,Restaurant_15,Mohali,Sector 68,1,150,100.0,25,80,Credit Card,Website,Cancelled,Not Assigned,Not Assigned,3.3,35,,,,Address Issue
ORD00134,2026-01-08,2026-01-08 15:44:00,C0306,Restaurant_14,Panchkula,Sector 15,1,250,0.0,40,290,Wallet,Website,Delivered,Shadowfax,RD060,4.5,35,28.0,True,3.0,
ORD00001,2026-01-14,2026-01-14 08:05:00,C0503,Restaurant_06,Panchkula,Sector 11,1,320,50.0,30,300,UPI,Website,Delivered,Shadowfax,RD041,2.6,50,28.0,True,4.0,
ORD02520,2026-03-27,2026-03-27 17:51:00,C0043,Restaurant_15,Chandigarh,Manimajra,1,250,100.0,30,180,UPI,Restaurant App,Delivered,In-house Rider,RD003,6.0,30,34.0,False,4.0,
ORD00252,2026-05-03,2026-05-03 04:14:00,C0803,Restaurant_08,Chandigarh,Sector 34,4,720,20.0,60,760,UPI,Website,Cancelled,Not Assigned,Not Assigned,3.8,35,,,,Payment Failed
ORD01070,2026-02-13,2026-02-13 13:44:00,C0799,Restaurant_23,Panchkula,Sector 5,2,640,75.0,60,625,Cash,Website,Delivered,In-house Rider,RD027,8.1,50,36.0,True,1.0,
ORD01888,2026-06-18,2026-06-18 03:49:00,C0101,Restaurant_10,Panchkula,Sector 11,1,120,75.0,30,80,Debit Card,Website,Delivered,In-house Rider,RD128,2.8,50,32.0,True,5.0,
ORD00700,2026-02-02,2026-02-02 01:09:00,C0100,Restaurant_22,Chandigarh,Sector 35,2,240,50.0,40,230,Credit Card,Restaurant App,Delivered,In-house Rider,RD132,6.1,40,38.0,True,4.0,
ORD03371,2026-01-01,2026-01-01 10:27:00,C0347,Restaurant_24,Mohali,Phase 7,3,960,50.0,20,930,Credit Card,Website,Delivered,In-house Rider,RD024,5.1,35,37.0,False,5.0,
ORD03783,2026-05-02,2026-05-02 23:21:00,C0960,Restaurant_12,Mohali,Phase 7,2,440,0.0,25,465,Credit Card,Website,Delivered,In-house Rider,RD083,4.8,45,32.0,True,,
ORD03144,2026-05-17,2026-05-17 01:28:00,C0222,Restaurant_19,Chandigarh,Sector 17,4,480,0.0,25,505,Wallet,Restaurant App,Delivered,In-house Rider,RD087,4.5,35,39.0,False,,
ORD00239,2026-06-26,2026-06-26 09:54:00,C0059,Restaurant_18,Mohali,Phase 5,2,800,50.0,50,800,UPI,Website,Delivered,In-house Rider,RD051,4.5,40,31.0,True,5.0,
ORD01436,2026-03-27,2026-03-27 21:34:00,C0922,Restaurant_08,Chandigarh,Sector 34,1,180,0.0,30,210,Wallet,Restaurant App,Delivered,Shadowfax,RD023,7.6,30,37.0,False,5.0,
ORD02371,2026-04-23,2026-04-23 07:22:00,C0138,Restaurant_04,Panchkula,Sector 15,2,300,0.0,40,340,UPI,Website,Cancelled,Not Assigned,Not Assigned,4.5,35,,,,Customer Cancelled
ORD02050,2026-04-20,2026-04-20 03:12:00,C0823,Restaurant_06,Panchkula,Sector 15,1,220,0.0,25,245,UPI,Website,Cancelled,Not Assigned,Not Assigned,1.5,50,,,,Restaurant Delay
ORD03315,2026-01-26,2026-01-26 16:12:00,C1030,Restaurant_09,Panchkula,Sector 5,5,600,30.0,60,630,Debit Card,Website,Cancelled,Not Assigned,Not Assigned,4.9,50,,,,Customer Cancelled
ORD00957,2026-05-25,2026-05-25 19:23:00,C0038,Restaurant_05,Chandigarh,Sector 22,5,1600,100.0,30,1530,Debit Card,Website,Delivered,In-house Rider,RD046,6.1,50,37.0,True,5.0,
ORD01477,2026-02-04,2026-02-04 01:45:00,C1045,Restaurant_12,Mohali,Sector 68,4,880,0.0,25,905,Cash,Restaurant App,Delivered,Shiprocket,RD078,8.3,50,41.0,True,4.0,
ORD01063,2026-06-20,2026-06-20 22:52:00,C0660,Restaurant_08,Mohali,Phase 7,3,1050,50.0,25,1025,Wallet,Restaurant App,Failed,Not Assigned,Not Assigned,1.7,50,,,,Address Issue
ORD02232,2026-04-10,2026-04-10 04:08:00,C0705,Restaurant_11,Mohali,Phase 3B2,2,560,20.0,50,590,Wallet,Restaurant App,Delivered,Shiprocket,RD002,1.9,50,19.0,True,5.0,
ORD01954,2026-03-13,2026-03-13 21:43:00,C0004,Restaurant_03,Mohali,Phase 3B2,2,800,75.0,25,750,Debit Card,Restaurant App,Delivered,Ola Logistics,RD076,3.0,45,27.0,True,5.0,
ORD01904,2026-01-15,2026-01-15 06:01:00,C0591,Restaurant_01,Mohali,Phase 5,3,750,0.0,40,790,Wallet,Website,Delivered,In-house Rider,RD082,3.0,40,20.0,True,4.0,
ORD03489,2026-06-01,2026-06-01 04:18:00,C0176,Restaurant_11,Panchkula,Sector 5,3,540,0.0,40,580,Wallet,Restaurant App,Delivered,Shadowfax,RD065,8.2,30,35.0,False,5.0,
ORD01879,2026-02-14,2026-02-14 02:03:00,C0611,Restaurant_24,Mohali,Sector 68,2,640,75.0,20,585,UPI,Website,Delivered,In-house Rider,RD064,3.6,30,30.0,True,4.0,
ORD02355,2026-05-27,2026-05-27 19:49:00,C0285,Restaurant_22,Panchkula,Sector 8,1,280,75.0,50,255,Credit Card,Website,Delivered,Shadowfax,RD034,3.0,40,30.0,True,4.0,
ORD00730,2026-04-17,2026-04-17 07:57:00,C0735,Restaurant_07,Panchkula,Sector 15,4,480,20.0,50,510,Debit Card,Restaurant App,Delivered,Shadowfax,RD076,7.9,50,44.0,True,5.0,
ORD01465,2026-04-04,2026-04-04 08:25:00,C0325,Restaurant_14,Panchkula,Sector 15,3,750,20.0,20,750,Wallet,Website,Cancelled,Not Assigned,Not Assigned,7.1,50,,,,Rider Unavailable
ORD01010,2026-04-13,2026-04-13 19:24:00,C1001,Restaurant_11,Mohali,Phase 5,3,840,0.0,40,880,UPI,Website,Delivered,Shadowfax,RD037,4.7,35,21.0,True,5.0,
ORD00550,2026-05-14,2026-05-14 04:14:00,C0723,Restaurant_02,Chandigarh,Sector 22,2,700,0.0,50,750,Debit Card,Website,Delivered,Shiprocket,RD104,4.8,40,85.0,False,4.0,
ORD01338,2026-04-07,2026-04-07 13:31:00,C1044,Restaurant_24,Chandigarh,Manimajra,5,1750,0.0,25,1775,Cash,Restaurant App,Delivered,Ola Logistics,RD148,3.4,45,34.0,True,4.0,
ORD00970,2026-06-09,2026-06-09 16:21:00,C1039,Restaurant_03,Chandigarh,Manimajra,5,1250,0.0,50,1300,Cash,Restaurant App,Delivered,In-house Rider,RD141,6.2,35,38.0,False,4.0,
ORD01360,2026-04-22,2026-04-22 07:00:00,C0968,Restaurant_07,Panchkula,Sector 5,4,600,30.0,50,620,Credit Card,Restaurant App,Delivered,Ola Logistics,RD029,5.0,45,21.0,True,5.0,
ORD01725,2026-02-25,2026-02-25 09:51:00,C0332,Restaurant_24,Mohali,Phase 5,3,450,100.0,25,375,Debit Card,Website,Failed,Not Assigned,Not Assigned,1.3,35,,,,Rider Unavailable
ORD03109,2026-03-10,2026-03-10 13:38:00,C0601,Restaurant_13,Chandigarh,Sector 35,4,720,0.0,25,745,UPI,Restaurant App,Delivered,Shadowfax,RD113,1.9,45,10.0,True,3.0,
ORD00111,2026-02-17,2026-02-17 21:52:00,C0537,Restaurant_20,Panchkula,Sector 5,4,1000,0.0,30,1030,Credit Card,Website,Failed,Not Assigned,Not Assigned,2.6,50,,,,Customer Cancelled
ORD00160,2026-05-29,2026-05-29 00:30:00,C0549,Restaurant_06,Panchkula,Sector 15,3,1050,100.0,20,970,Debit Card,Website,Delivered,Shiprocket,RD010,2.2,30,14.0,True,4.0,
ORD02937,2026-02-12,2026-02-12 01:04:00,C0681,Restaurant_07,Panchkula,Sector 15,2,360,50.0,50,360,Wallet,Restaurant App,Cancelled,Not Assigned,Not Assigned,0.9,40,,,,Address Issue
ORD00610,2026-01-11,2026-01-11 15:06:00,C0027,Restaurant_17,Panchkula,Sector 15,1,250,0.0,60,310,Cash,Website,Delivered,Shiprocket,RD047,6.6,30,28.0,True,5.0,
ORD00916,2026-05-28,2026-05-28 00:53:00,C0788,Restaurant_09,Chandigarh,Sector 17,3,660,0.0,20,680,Debit Card,Restaurant App,Delivered,Shiprocket,RD069,6.2,45,42.0,True,4.0,
ORD00292,2026-03-12,2026-03-12 14:12:00,C0338,Restaurant_03,Mohali,Phase 7,5,2000,30.0,25,1995,Debit Card,Website,Delivered,In-house Rider,RD061,6.1,45,33.0,True,5.0,
ORD02975,2026-06-12,2026-06-12 21:31:00,C0517,Restaurant_24,Mohali,Phase 3B2,1,320,30.0,20,310,UPI,Restaurant App,Delivered,Shadowfax,RD018,6.9,45,36.0,True,3.0,
ORD00746,2026-04-18,2026-04-18 03:08:00,C0576,Restaurant_03,Chandigarh,Manimajra,4,480,0.0,60,540,UPI,Website,Failed,Not Assigned,Not Assigned,6.5,35,,,,Address Issue
ORD03390,2026-05-06,2026-05-06 19:58:00,C0489,Restaurant_25,Mohali,Sector 68,3,1200,30.0,50,1220,Debit Card,Restaurant App,Delivered,In-house Rider,RD036,6.0,40,31.0,True,4.0,
ORD00776,2026-02-02,2026-02-02 11:51:00,C0506,Restaurant_19,Mohali,Phase 3B2,3,1050,0.0,50,1100,Credit Card,Website,Delivered,Ola Logistics,RD107,4.2,30,30.0,True,5.0,
ORD03305,2026-04-02,2026-04-02 00:37:00,C0858,Restaurant_15,Panchkula,Sector 8,5,600,20.0,60,640,Cash,Website,Delivered,In-house Rider,RD101,4.4,50,26.0,True,5.0,
ORD03071,2026-01-31,2026-01-31 20:41:00,C1015,Restaurant_04,Mohali,Phase 3B2,5,600,0.0,50,650,Debit Card,Restaurant App,Delivered,Shadowfax,RD147,2.3,35,20.0,True,3.0,
ORD02316,2026-05-26,2026-05-26 15:22:00,C0620,Restaurant_05,Chandigarh,Sector 34,1,250,0.0,30,280,Credit Card,Website,Delivered,Shiprocket,RD106,6.0,35,32.0,True,5.0,
ORD00578,2026-03-20,2026-03-20 17:38:00,C1174,Restaurant_09,Chandigarh,Sector 35,2,800,100.0,50,750,Credit Card,Website,Delivered,In-house Rider,RD046,5.2,45,28.0,True,5.0,
ORD01458,2026-05-14,2026-05-14 10:17:00,C0869,Restaurant_14,Mohali,Phase 7,5,600,100.0,30,530,Credit Card,Website,Delivered,Shiprocket,RD041,5.3,35,30.0,True,4.0,
ORD03236,2026-06-27,2026-06-27 18:41:00,C0931,Restaurant_07,Panchkula,Sector 11,3,750,0.0,50,800,Debit Card,Website,Delivered,Shadowfax,RD016,6.9,45,33.0,True,5.0,
ORD00264,2026-03-28,2026-03-28 16:46:00,C0107,Restaurant_01,Chandigarh,Manimajra,5,750,0.0,50,800,Wallet,Restaurant App,Cancelled,Not Assigned,Not Assigned,6.9,40,,,,Customer Cancelled
ORD01256,2026-02-27,2026-02-27 02:58:00,C0752,Restaurant_07,Chandigarh,Sector 34,5,750,,20,740,Wallet,Website,Failed,Not Assigned,Not Assigned,,35,,,,Restaurant Delay
ORD00303,2026-06-18,2026-06-18 03:37:00,C0805,Restaurant_25,Mohali,Phase 5,1,220,0.0,25,245,UPI,Website,Delivered,Ola Logistics,RD045,9.2,30,40.0,False,5.0,
ORD01772,2026-05-26,2026-05-26 19:09:00,C0713,Restaurant_21,Mohali,Phase 3B2,4,880,20.0,60,920,UPI,Website,Delivered,In-house Rider,RD139,6.0,50,33.0,True,1.0,
ORD02976,2026-05-14,2026-05-14 05:50:00,C1108,Restaurant_14,Panchkula,Sector 8,3,450,75.0,60,435,UPI,Restaurant App,Failed,Not Assigned,Not Assigned,1.0,30,,,,Rider Unavailable
ORD01200,2026-04-16,2026-04-16 02:46:00,C0589,Restaurant_24,Mohali,Phase 3B2,3,360,100.0,20,280,Debit Card,Restaurant App,Delivered,Shiprocket,RD079,2.6,45,27.0,True,5.0,
ORD03912,2026-01-16,2026-01-16 12:05:00,C1128,Restaurant_12,Chandigarh,Sector 35,5,2000,0.0,25,2025,Debit Card,Website,Cancelled,Not Assigned,Not Assigned,6.5,40,,,,Address Issue
ORD00150,2026-04-08,2026-04-08 00:49:00,C0628,Restaurant_18,Mohali,Phase 5,3,360,,25,385,Debit Card,Website,Delivered,Ola Logistics,RD075,,35,25.0,True,,
ORD00815,2026-06-08,2026-06-08 00:59:00,C1041,Restaurant_06,Panchkula,Sector 15,4,880,0.0,25,905,UPI,Restaurant App,Delivered,Ola Logistics,RD116,7.9,50,35.0,True,4.0,
ORD00072,2026-01-04,2026-01-04 02:44:00,C0895,Restaurant_16,Mohali,Phase 7,5,2000,75.0,25,1950,UPI,Restaurant App,Delivered,In-house Rider,RD086,4.4,50,24.0,True,4.0,
ORD03277,2026-03-21,2026-03-21 08:03:00,C1079,Restaurant_25,Chandigarh,Sector 34,3,840,30.0,40,850,UPI,Restaurant App,Delivered,In-house Rider,RD128,3.9,40,23.0,True,5.0,
ORD02504,2026-05-16,2026-05-16 05:39:00,C0871,Restaurant_10,Panchkula,Sector 5,1,120,20.0,60,160,Debit Card,Restaurant App,Cancelled,Not Assigned,Not Assigned,2.7,50,,,,Rider Unavailable
ORD00090,2026-02-13,2026-02-13 08:26:00,C1127,Restaurant_12,Mohali,Sector 68,3,750,0.0,25,775,Wallet,Restaurant App,Delivered,In-house Rider,RD094,2.8,40,24.0,True,4.0,
ORD00118,2026-06-22,2026-06-22 22:07:00,C0177,Restaurant_15,Panchkula,Sector 8,5,750,0.0,50,800,Debit Card,Restaurant App,Delivered,Shiprocket,RD014,9.8,35,48.0,False,5.0,
ORD01512,2026-03-03,2026-03-03 10:09:00,C0018,Restaurant_12,Panchkula,Sector 15,1,220,20.0,40,240,Credit Card,Website,Delivered,In-house Rider,RD049,7.7,50,38.0,True,5.0,
ORD02370,2026-02-17,2026-02-17 09:00:00,C0125,Restaurant_05,Panchkula,Sector 8,2,640,30.0,25,635,Debit Card,Website,Delivered,In-house Rider,RD139,9.5,45,49.0,False,3.0,
ORD03751,2026-05-02,2026-05-02 16:56:00,C0993,Restaurant_20,Mohali,Phase 3B2,5,900,50.0,60,910,Debit Card,Website,Delivered,Shadowfax,RD045,4.3,40,22.0,True,4.0,
ORD03566,2026-04-11,2026-04-11 00:42:00,C0559,Restaurant_04,Mohali,Phase 7,5,1400,0.0,60,1460,Debit Card,Website,Delivered,In-house Rider,RD091,4.0,40,27.0,True,5.0,
ORD00460,2026-04-04,2026-04-04 06:07:00,C0958,Restaurant_12,Mohali,Phase 3B2,4,600,100.0,50,550,Wallet,Restaurant App,Delivered,Shadowfax,RD146,1.6,30,10.0,True,4.0,
ORD02218,2026-01-04,2026-01-04 12:11:00,C0975,Restaurant_21,Panchkula,Sector 15,1,320,100.0,40,260,Debit Card,Restaurant App,Delivered,In-house Rider,RD052,2.8,40,17.0,True,5.0,
ORD03434,2026-06-02,2026-06-02 00:12:00,C0728,Restaurant_16,Chandigarh,Sector 35,2,560,20.0,60,600,Cash,Restaurant App,Delivered,In-house Rider,RD015,5.1,50,31.0,True,5.0,
ORD00242,2026-05-19,2026-05-19 02:51:00,C1149,Restaurant_04,Panchkula,Sector 5,4,480,0.0,40,520,Debit Card,Website,Delivered,In-house Rider,RD096,6.6,40,34.0,True,4.0,
ORD02747,2026-06-09,2026-06-09 22:44:00,C0924,Restaurant_10,Chandigarh,Sector 34,5,900,100.0,25,825,UPI,Restaurant App,Delivered,In-house Rider,RD100,2.7,50,30.0,True,5.0,
ORD00842,2026-06-23,2026-06-23 17:36:00,C0688,Restaurant_08,Mohali,Phase 7,5,900,0.0,25,925,UPI,Restaurant App,Delivered,Shiprocket,RD107,4.7,40,32.0,True,5.0,
ORD01938,2026-02-12,2026-02-12 12:55:00,C0460,Restaurant_21,Mohali,Phase 5,4,480,75.0,30,435,Cash,Restaurant App,Delivered,In-house Rider,RD055,6.7,35,36.0,False,3.0,
ORD00745,2026-01-31,2026-01-31 14:37:00,C0238,Restaurant_01,Panchkula,Sector 5,1,350,30.0,50,370,Cash,Website,Delivered,In-house Rider,RD147,5.5,35,28.0,True,5.0,
ORD02751,2026-06-23,2026-06-23 17:17:00,C1119,Restaurant_06,Chandigarh,Sector 34,3,540,100.0,30,470,Wallet,Website,Delivered,Shiprocket,RD028,3.7,50,34.0,True,4.0,
ORD03004,2026-05-06,2026-05-06 22:24:00,C0371,Restaurant_09,Chandigarh,Sector 22,1,280,100.0,30,210,Wallet,Website,Delivered,Shiprocket,RD053,6.7,35,27.0,True,4.0,
ORD02633,2026-03-29,2026-03-29 13:29:00,C1177,Restaurant_07,Panchkula,Sector 15,3,360,50.0,30,340,Credit Card,Website,Delivered,In-house Rider,RD108,6.7,40,35.0,True,3.0,
ORD03028,2026-05-07,2026-05-07 11:59:00,C0820,Restaurant_04,Mohali,Phase 7,1,280,50.0,50,280,UPI,Website,Delivered,In-house Rider,RD047,9.5,35,33.0,True,3.0,
ORD02741,2026-05-28,2026-05-28 06:11:00,C1151,Restaurant_18,Panchkula,Sector 5,4,1600,20.0,25,1605,Wallet,Website,Failed,Not Assigned,Not Assigned,0.5,35,,,,Payment Failed
ORD02319,2026-03-31,2026-03-31 12:36:00,C0123,Restaurant_10,Panchkula,Sector 5,3,750,100.0,20,670,UPI,Website,Delivered,In-house Rider,RD094,7.4,40,35.0,True,4.0,
ORD03184,2026-02-25,2026-02-25 16:00:00,C0377,Restaurant_14,Mohali,Phase 7,1,150,100.0,30,80,Cash,Website,Cancelled,Not Assigned,Not Assigned,5.5,35,,,,Rider Unavailable
ORD02644,2026-01-05,2026-01-05 22:54:00,C0162,Restaurant_13,Panchkula,Sector 15,2,300,50.0,50,300,Debit Card,Website,Delivered,In-house Rider,RD011,4.1,30,15.0,True,3.0,
ORD00786,2026-01-26,2026-01-26 02:43:00,C0699,Restaurant_23,Chandigarh,Sector 34,2,500,75.0,60,485,Debit Card,Restaurant App,Failed,Not Assigned,Not Assigned,3.0,40,,,,Rider Unavailable
ORD03299,2026-04-26,2026-04-26 18:20:00,C0455,Restaurant_10,Mohali,Sector 68,4,1400,20.0,25,1405,Credit Card,Restaurant App,Delivered,In-house Rider,RD131,7.1,35,34.0,True,5.0,
ORD00497,2026-04-25,2026-04-25 10:59:00,C1063,Restaurant_06,Chandigarh,Sector 17,4,600,0.0,50,650,Wallet,Restaurant App,Delivered,In-house Rider,RD103,3.8,45,25.0,True,2.0,
ORD01866,2026-01-08,2026-01-08 04:23:00,C0613,Restaurant_19,Panchkula,Sector 11,2,440,30.0,20,430,Credit Card,Website,Delivered,Shadowfax,RD110,5.6,30,42.0,False,5.0,
ORD01523,2026-01-19,2026-01-19 05:30:00,C0765,Restaurant_07,Mohali,Sector 68,2,500,30.0,50,520,Credit Card,Restaurant App,Delivered,In-house Rider,RD109,7.3,50,28.0,True,4.0,
ORD00221,2026-05-19,2026-05-19 09:52:00,C0276,Restaurant_11,Panchkula,Sector 11,2,640,0.0,20,660,Credit Card,Restaurant App,Delivered,Shadowfax,RD007,2.1,45,16.0,True,5.0,
ORD00405,2026-05-10,2026-05-10 09:30:00,C1195,Restaurant_10,Panchkula,Sector 11,3,1200,50.0,20,1170,Credit Card,Website,Delivered,Shadowfax,RD054,5.1,30,34.0,False,5.0,
ORD03268,2026-02-19,2026-02-19 13:12:00,C0516,Restaurant_09,Chandigarh,Sector 35,2,360,100.0,30,290,UPI,Website,Failed,Not Assigned,Not Assigned,4.1,45,,,,Payment Failed
ORD01361,2026-03-12,2026-03-12 14:31:00,C0564,Restaurant_16,Mohali,Sector 68,4,600,30.0,50,620,UPI,Restaurant App,Delivered,In-house Rider,RD052,6.8,30,46.0,False,3.0,
ORD02926,2026-06-20,2026-06-20 22:34:00,C0047,Restaurant_17,Chandigarh,Sector 17,1,350,0.0,40,390,Credit Card,Website,Delivered,Shadowfax,RD128,5.7,50,30.0,True,4.0,
ORD00921,2026-04-17,2026-04-17 11:53:00,C0262,Restaurant_15,Chandigarh,Sector 17,5,1250,0.0,40,1290,UPI,Website,Delivered,In-house Rider,RD049,3.3,50,26.0,True,5.0,
ORD03484,2026-03-20,2026-03-20 00:44:00,C0665,Restaurant_09,Chandigarh,Sector 22,4,1000,0.0,25,1025,UPI,Website,Delivered,In-house Rider,RD007,4.2,45,34.0,True,4.0,
ORD00985,2026-06-02,2026-06-02 13:08:00,C0714,Restaurant_07,Chandigarh,Sector 35,1,400,50.0,20,370,Wallet,Restaurant App,Delivered,In-house Rider,RD069,8.2,50,47.0,True,4.0,
ORD03755,2026-06-01,2026-06-01 04:03:00,C0921,Restaurant_14,Mohali,Phase 7,2,560,100.0,60,520,UPI,Website,Cancelled,Not Assigned,Not Assigned,3.5,40,,,,Customer Cancelled
ORD01334,2026-03-28,2026-03-28 14:42:00,C0644,Restaurant_05,Mohali,Phase 3B2,5,1250,30.0,20,1240,Credit Card,Restaurant App,Delivered,In-house Rider,RD061,8.4,45,39.0,True,4.0,
ORD01916,2026-02-18,2026-02-18 22:19:00,C0857,Restaurant_01,Panchkula,Sector 5,1,220,100.0,20,140,UPI,Restaurant App,Delivered,In-house Rider,RD079,5.5,45,26.0,True,4.0,
ORD03210,2026-01-11,2026-01-11 03:11:00,C1003,Restaurant_12,Panchkula,Sector 15,2,300,30.0,40,310,UPI,Website,Cancelled,Not Assigned,Not Assigned,4.3,40,,,,Address Issue
ORD00313,2026-01-25,2026-01-25 15:44:00,C0499,Restaurant_17,Mohali,Phase 7,5,1750,0.0,25,1775,Credit Card,Restaurant App,Failed,Not Assigned,Not Assigned,4.5,30,,,,Rider Unavailable
ORD03731,2026-06-03,2026-06-03 23:18:00,C0997,Restaurant_19,Panchkula,Sector 8,1,150,0.0,25,175,Cash,Website,Delivered,Shadowfax,RD137,7.1,40,36.0,True,4.0,
ORD02556,2026-03-08,2026-03-08 02:55:00,C0701,Restaurant_05,Mohali,Phase 7,5,750,20.0,40,770,Wallet,Website,Delivered,In-house Rider,RD150,3.1,30,23.0,True,5.0,
ORD03214,2026-06-13,2026-06-13 10:28:00,C0142,Restaurant_12,Mohali,Phase 3B2,2,640,75.0,50,615,Cash,Restaurant App,Delivered,In-house Rider,RD003,6.9,40,27.0,True,4.0,
ORD02442,2026-04-25,2026-04-25 01:16:00,C1013,Restaurant_13,Chandigarh,Sector 17,2,640,30.0,60,670,Wallet,Restaurant App,Delivered,Ola Logistics,RD016,3.5,30,23.0,True,5.0,
ORD03294,2026-06-04,2026-06-04 03:31:00,C0708,Restaurant_23,Panchkula,Sector 11,1,180,50.0,30,160,Debit Card,Restaurant App,Delivered,Shiprocket,RD097,5.2,35,17.0,True,4.0,
ORD02458,2026-02-02,2026-02-02 01:03:00,C0196,Restaurant_14,Chandigarh,Sector 17,2,560,30.0,50,580,Wallet,Restaurant App,Delivered,In-house Rider,RD022,4.6,35,41.0,False,5.0,
ORD00678,2026-01-26,2026-01-26 18:03:00,C1024,Restaurant_03,Mohali,Sector 68,4,480,0.0,60,540,Cash,Website,Delivered,In-house Rider,RD009,2.5,45,22.0,True,5.0,
ORD03001,2026-03-28,2026-03-28 18:50:00,C0839,Restaurant_25,Panchkula,Sector 15,2,240,0.0,60,300,Cash,Restaurant App,Delivered,Shadowfax,RD065,10.2,30,43.0,False,4.0,
ORD03886,2026-05-09,2026-05-09 22:48:00,C0445,Restaurant_22,Chandigarh,Manimajra,3,840,0.0,30,870,Wallet,Website,Delivered,Shiprocket,RD128,1.9,35,28.0,True,3.0,
ORD00329,2026-01-13,2026-01-13 18:25:00,C0348,Restaurant_12,Panchkula,Sector 11,1,350,50.0,25,325,Debit Card,Restaurant App,Delivered,In-house Rider,RD060,7.4,45,36.0,True,2.0,
ORD01037,2026-01-24,2026-01-24 15:42:00,C1074,Restaurant_06,Mohali,Phase 5,5,600,0.0,50,650,Wallet,Website,Failed,Not Assigned,Not Assigned,6.3,50,,,,Restaurant Delay
ORD02134,2026-04-08,2026-04-08 16:41:00,C0115,Restaurant_11,Panchkula,Sector 8,4,1280,100.0,20,1200,Credit Card,Restaurant App,Delivered,Shadowfax,RD063,3.6,35,17.0,True,5.0,
ORD02132,2026-02-18,2026-02-18 04:01:00,C1100,Restaurant_11,Mohali,Sector 68,1,150,,40,140,Cash,Website,Delivered,Ola Logistics,RD079,,30,32.0,False,,
ORD02255,2026-01-16,2026-01-16 21:07:00,C0441,Restaurant_03,Panchkula,Sector 11,4,1600,20.0,25,1605,Cash,Website,Delivered,Shadowfax,RD126,6.7,40,24.0,True,4.0,
ORD00104,2026-03-17,2026-03-17 01:12:00,C0847,Restaurant_15,Mohali,Phase 7,2,560,50.0,40,550,Wallet,Website,Delivered,In-house Rider,RD036,5.2,40,39.0,True,4.0,
ORD03267,2026-04-15,2026-04-15 21:20:00,C0870,Restaurant_20,Panchkula,Sector 11,2,440,20.0,40,460,Credit Card,Restaurant App,Delivered,Ola Logistics,RD060,6.6,30,22.0,True,5.0,
ORD00735,2026-03-09,2026-03-09 18:08:00,C0018,Restaurant_17,Mohali,Phase 3B2,4,480,50.0,40,470,Credit Card,Website,Delivered,Shadowfax,RD036,3.1,30,23.0,True,4.0,
ORD01205,2026-05-26,2026-05-26 11:11:00,C1054,Restaurant_12,Mohali,Sector 68,4,720,0.0,50,770,Debit Card,Restaurant App,Cancelled,Not Assigned,Not Assigned,7.1,40,,,,Restaurant Delay
ORD00695,2026-03-06,2026-03-06 17:39:00,C0762,Restaurant_25,Chandigarh,Sector 22,3,1200,100.0,20,1120,Cash,Website,Delivered,In-house Rider,RD081,5.8,35,38.0,False,5.0,
ORD03238,2026-05-04,2026-05-04 16:41:00,C1006,Restaurant_03,Panchkula,Sector 15,4,1120,50.0,30,1100,Wallet,Website,Delivered,Ola Logistics,RD013,2.4,30,22.0,True,5.0,
ORD00498,2026-04-03,2026-04-03 12:07:00,C1064,Restaurant_01,Mohali,Phase 7,5,1250,30.0,40,1260,Wallet,Restaurant App,Delivered,Shadowfax,RD047,2.4,30,19.0,True,1.0,
ORD01341,2026-04-07,2026-04-07 23:57:00,C0243,Restaurant_21,Chandigarh,Sector 17,5,1250,30.0,25,1245,Cash,Website,Delivered,Shadowfax,RD121,6.6,45,36.0,True,4.0,
ORD01166,2026-06-15,2026-06-15 06:07:00,C0882,Restaurant_13,Mohali,Phase 5,5,750,0.0,25,775,Credit Card,Restaurant App,Delivered,Shadowfax,RD004,5.4,50,27.0,True,4.0,
ORD01349,2026-03-22,2026-03-22 15:53:00,C0976,Restaurant_20,Mohali,Phase 3B2,4,1120,75.0,20,1065,Debit Card,Website,Delivered,Shadowfax,RD143,10.0,45,51.0,False,1.0,
ORD02376,2026-01-04,2026-01-04 21:16:00,C0227,Restaurant_07,Mohali,Phase 5,1,400,0.0,20,420,Debit Card,Restaurant App,Delivered,In-house Rider,RD017,5.4,40,26.0,True,5.0,
ORD03977,2026-04-19,2026-04-19 14:23:00,C0697,Restaurant_06,Mohali,Phase 3B2,4,1600,50.0,60,1610,Cash,Website,Delivered,In-house Rider,RD033,5.1,40,35.0,True,5.0,
ORD02709,2026-01-25,2026-01-25 10:53:00,C0573,Restaurant_09,Mohali,Phase 5,5,1250,20.0,20,1250,Cash,Restaurant App,Cancelled,Not Assigned,Not Assigned,6.4,30,,,,Payment Failed
ORD00347,2026-01-21,2026-01-21 20:40:00,C0126,Restaurant_18,Mohali,Phase 5,1,250,0.0,25,275,Wallet,Website,Delivered,Shadowfax,RD054,6.3,40,41.0,False,4.0,
ORD01853,2026-05-30,2026-05-30 17:54:00,C0235,Restaurant_07,Chandigarh,Sector 22,3,960,0.0,30,990,Wallet,Website,Delivered,In-house Rider,RD007,6.9,50,34.0,True,4.0,
ORD02259,2026-04-30,2026-04-30 09:51:00,C0559,Restaurant_22,Chandigarh,Sector 17,4,480,30.0,30,480,UPI,Restaurant App,Delivered,In-house Rider,RD086,4.1,40,25.0,True,5.0,
ORD02616,2026-01-05,2026-01-05 22:01:00,C1081,Restaurant_12,Chandigarh,Sector 34,5,1250,20.0,50,1280,Cash,Restaurant App,Delivered,Shadowfax,RD044,6.8,40,42.0,False,5.0,
ORD02191,2026-06-29,2026-06-29 22:50:00,C0033,Restaurant_24,Mohali,Phase 3B2,1,350,20.0,50,380,Debit Card,Restaurant App,Delivered,Ola Logistics,RD135,5.8,30,27.0,True,5.0,
ORD00515,2026-05-18,2026-05-18 02:14:00,C1044,Restaurant_09,Panchkula,Sector 11,2,360,0.0,25,385,Cash,Restaurant App,Delivered,In-house Rider,RD121,3.5,40,26.0,True,5.0,
ORD01029,2026-06-03,2026-06-03 22:38:00,C1043,Restaurant_19,Panchkula,Sector 8,5,1100,0.0,25,1125,Credit Card,Restaurant App,Delivered,Shadowfax,RD081,5.5,35,37.0,False,5.0,
ORD03117,2026-03-31,2026-03-31 11:14:00,C0538,Restaurant_19,Chandigarh,Sector 17,1,350,0.0,25,375,Credit Card,Website,Delivered,In-house Rider,RD123,6.4,35,34.0,True,5.0,
ORD00865,2026-04-11,2026-04-11 22:52:00,C0865,Restaurant_05,Mohali,Phase 3B2,5,1400,100.0,50,1350,Cash,Website,Delivered,In-house Rider,RD071,6.4,45,33.0,True,4.0,
ORD03354,2026-01-09,2026-01-09 05:04:00,C0971,Restaurant_13,Panchkula,Sector 15,3,660,20.0,50,690,Credit Card,Website,Delivered,In-house Rider,RD040,7.2,35,36.0,False,5.0,
ORD02940,2026-03-04,2026-03-04 10:52:00,C0683,Restaurant_19,Panchkula,Sector 11,4,720,0.0,20,740,Credit Card,Restaurant App,Delivered,In-house Rider,RD052,7.1,30,42.0,False,5.0,
ORD01227,2026-01-18,2026-01-18 06:20:00,C0916,Restaurant_14,Chandigarh,Sector 35,1,250,,25,275,Wallet,Website,Delivered,In-house Rider,RD030,,30,23.0,True,,
ORD02863,2026-06-22,2026-06-22 12:35:00,C0033,Restaurant_24,Mohali,Phase 7,2,800,50.0,25,775,Wallet,Website,Delivered,Ola Logistics,RD033,4.1,40,30.0,True,3.0,
ORD03479,2026-05-18,2026-05-18 16:13:00,C0656,Restaurant_14,Panchkula,Sector 5,5,900,0.0,40,940,Debit Card,Website,Delivered,In-house Rider,RD150,5.7,40,26.0,True,4.0,
ORD00564,2026-06-03,2026-06-03 17:06:00,C0494,Restaurant_19,Mohali,Phase 5,3,450,0.0,40,490,Debit Card,Website,Cancelled,Not Assigned,Not Assigned,1.8,50,,,,Rider Unavailable
ORD03403,2026-02-04,2026-02-04 18:56:00,C0938,Restaurant_07,Chandigarh,Sector 17,4,1120,100.0,60,1080,Wallet,Website,Delivered,In-house Rider,RD127,3.9,35,23.0,True,4.0,
ORD02420,2026-01-02,2026-01-02 15:20:00,C0673,Restaurant_25,Chandigarh,Manimajra,4,720,0.0,40,760,Credit Card,Restaurant App,Delivered,In-house Rider,RD122,5.1,35,31.0,True,5.0,
ORD03230,2026-02-12,2026-02-12 09:43:00,C0822,Restaurant_25,Mohali,Phase 7,1,180,20.0,60,220,Wallet,Restaurant App,Delivered,Shiprocket,RD123,5.4,35,42.0,False,4.0,
ORD01012,2026-01-11,2026-01-11 10:27:00,C0122,Restaurant_02,Panchkula,Sector 11,1,120,20.0,25,125,Credit Card,Website,Delivered,Shadowfax,RD133,9.0,40,38.0,True,4.0,
ORD01304,2026-02-10,2026-02-10 02:21:00,C0331,Restaurant_06,Chandigarh,Sector 35,3,1200,20.0,60,1240,Cash,Restaurant App,Delivered,Ola Logistics,RD101,6.1,40,36.0,True,5.0,
ORD00891,2026-01-22,2026-01-22 12:22:00,C1032,Restaurant_22,Mohali,Phase 3B2,2,440,0.0,60,500,UPI,Restaurant App,Delivered,In-house Rider,RD035,2.6,50,28.0,True,4.0,
ORD03689,2026-04-25,2026-04-25 23:19:00,C0366,Restaurant_02,Panchkula,Sector 8,3,840,50.0,20,810,Wallet,Website,Delivered,Shadowfax,RD060,2.1,35,31.0,True,5.0,
ORD01262,2026-06-04,2026-06-04 18:31:00,C0407,Restaurant_18,Chandigarh,Sector 22,3,1050,20.0,20,1050,Credit Card,Website,Delivered,In-house Rider,RD074,0.8,45,10.0,True,,
ORD02732,2026-04-06,2026-04-06 19:43:00,C0481,Restaurant_10,Panchkula,Sector 15,2,440,100.0,25,365,Debit Card,Restaurant App,Delivered,In-house Rider,RD017,4.6,40,19.0,True,5.0,
ORD03346,2026-02-21,2026-02-21 16:00:00,C0574,Restaurant_16,Mohali,Sector 68,2,700,100.0,60,660,Wallet,Restaurant App,Delivered,Shadowfax,RD063,4.9,40,31.0,True,5.0,
ORD00633,2026-01-21,2026-01-21 07:27:00,C0319,Restaurant_03,Chandigarh,Sector 17,1,150,0.0,25,175,UPI,Website,Delivered,Shiprocket,RD094,6.4,35,38.0,False,4.0,
ORD00195,2026-06-02,2026-06-02 07:28:00,C1141,Restaurant_22,Mohali,Phase 5,3,450,100.0,40,390,Cash,Restaurant App,Delivered,In-house Rider,RD053,3.9,30,26.0,True,4.0,
ORD00514,2026-03-13,2026-03-13 18:51:00,C0597,Restaurant_12,Chandigarh,Sector 17,5,750,0.0,60,810,UPI,Restaurant App,Delivered,In-house Rider,RD096,3.8,45,27.0,True,5.0,
ORD01639,2026-03-12,2026-03-12 21:34:00,C0483,Restaurant_17,Panchkula,Sector 5,4,1000,20.0,30,1010,Wallet,Restaurant App,Delivered,Shadowfax,RD075,1.7,35,19.0,True,5.0,
ORD01456,2026-02-21,2026-02-21 01:11:00,C0854,Restaurant_06,Panchkula,Sector 15,4,880,0.0,30,910,UPI,Website,Cancelled,Not Assigned,Not Assigned,6.4,35,,,,Restaurant Delay
ORD00210,2026-01-04,2026-01-04 23:08:00,C0320,Restaurant_15,Chandigarh,Manimajra,3,750,30.0,40,760,Credit Card,Restaurant App,Delivered,Shadowfax,RD083,4.1,35,31.0,True,5.0,
ORD03049,2026-01-01,2026-01-01 23:59:00,C0010,Restaurant_04,Chandigarh,Sector 35,1,220,50.0,25,195,Credit Card,Restaurant App,Delivered,Shiprocket,RD111,4.8,40,18.0,True,4.0,
ORD01187,2026-01-23,2026-01-23 06:57:00,C0195,Restaurant_16,Mohali,Phase 5,3,540,20.0,30,550,Cash,Restaurant App,Delivered,Shadowfax,RD144,7.7,30,39.0,False,5.0,
ORD00636,2026-04-04,2026-04-04 11:30:00,C0114,Restaurant_22,Chandigarh,Sector 35,5,1100,0.0,40,1140,Cash,Website,Delivered,In-house Rider,RD011,1.9,50,22.0,True,5.0,
ORD03501,2026-03-31,2026-03-31 16:41:00,C0462,Restaurant_06,Mohali,Phase 3B2,4,880,0.0,50,930,Credit Card,Restaurant App,Delivered,In-house Rider,RD097,4.7,35,22.0,True,4.0,
ORD03620,2026-01-19,2026-01-19 15:34:00,C0095,Restaurant_06,Panchkula,Sector 11,3,1050,0.0,60,1110,Debit Card,Restaurant App,Delivered,In-house Rider,RD058,4.9,50,31.0,True,4.0,
ORD00088,2026-03-19,2026-03-19 09:18:00,C1091,Restaurant_17,Panchkula,Sector 5,5,600,50.0,60,610,Wallet,Website,Delivered,In-house Rider,RD067,5.6,50,33.0,True,4.0,
ORD01370,2026-02-18,2026-02-18 01:58:00,C0156,Restaurant_12,Mohali,Phase 5,2,700,0.0,25,725,Credit Card,Restaurant App,Delivered,Ola Logistics,RD051,7.0,45,25.0,True,5.0,
ORD03541,2026-01-07,2026-01-07 19:52:00,C0698,Restaurant_13,Panchkula,Sector 5,1,150,0.0,50,200,Credit Card,Website,Delivered,In-house Rider,RD042,6.5,30,44.0,False,2.0,
ORD03959,2026-02-11,2026-02-11 13:33:00,C0975,Restaurant_22,Chandigarh,Manimajra,1,280,0.0,60,340,Debit Card,Restaurant App,Delivered,Shiprocket,RD017,1.5,45,13.0,True,5.0,
ORD02958,2026-05-25,2026-05-25 15:49:00,C0638,Restaurant_19,Chandigarh,Sector 35,3,840,20.0,40,860,Debit Card,Restaurant App,Delivered,Shadowfax,RD122,5.1,40,33.0,True,2.0,
ORD00191,2026-05-20,2026-05-20 13:54:00,C0824,Restaurant_09,Mohali,Phase 7,3,540,0.0,50,590,Wallet,Restaurant App,Delivered,In-house Rider,RD078,6.2,35,31.0,True,3.0,
ORD00179,2026-01-27,2026-01-27 22:31:00,C1149,Restaurant_04,Panchkula,Sector 8,4,1120,50.0,60,1130,Cash,Website,Delivered,In-house Rider,RD087,5.8,50,31.0,True,5.0,
ORD02605,2026-06-14,2026-06-14 00:34:00,C0730,Restaurant_19,Chandigarh,Sector 34,4,1600,50.0,25,1575,Cash,Restaurant App,Failed,Not Assigned,Not Assigned,6.2,35,,,,Rider Unavailable
ORD02589,2026-04-25,2026-04-25 15:48:00,C0344,Restaurant_03,Chandigarh,Sector 17,4,1280,50.0,60,1290,Debit Card,Restaurant App,Cancelled,Not Assigned,Not Assigned,1.8,50,,,,Address Issue
ORD02024,2026-03-31,2026-03-31 04:07:00,C0847,Restaurant_08,Panchkula,Sector 5,3,1050,75.0,40,1015,Debit Card,Website,Cancelled,Not Assigned,Not Assigned,1.9,50,,,,Rider Unavailable
ORD02104,2026-04-12,2026-04-12 21:56:00,C0434,Restaurant_08,Panchkula,Sector 5,5,2000,20.0,25,2005,Credit Card,Website,Delivered,In-house Rider,RD001,8.0,40,30.0,True,2.0,
ORD03780,2026-03-10,2026-03-10 00:38:00,C0910,Restaurant_10,Panchkula,Sector 8,2,800,0.0,30,830,Cash,Website,Delivered,In-house Rider,RD080,4.4,45,28.0,True,4.0,
ORD03461,2026-04-21,2026-04-21 02:18:00,C0341,Restaurant_12,Panchkula,Sector 11,5,600,0.0,25,625,UPI,Restaurant App,Delivered,In-house Rider,RD033,2.5,40,29.0,True,5.0,
ORD02793,2026-05-13,2026-05-13 09:21:00,C0440,Restaurant_12,Panchkula,Sector 5,3,1050,0.0,20,1070,Credit Card,Website,Delivered,In-house Rider,RD040,3.5,40,23.0,True,5.0,
ORD03322,2026-02-04,2026-02-04 19:59:00,C0143,Restaurant_22,Panchkula,Sector 8,4,480,75.0,30,435,Cash,Website,Delivered,In-house Rider,RD028,6.2,45,36.0,True,5.0,
ORD01129,2026-02-05,2026-02-05 19:21:00,C0047,Restaurant_21,Mohali,Sector 68,4,1000,50.0,50,1000,Credit Card,Website,Delivered,Shadowfax,RD059,4.8,45,31.0,True,2.0,
ORD03068,2026-01-18,2026-01-18 00:47:00,C0143,Restaurant_18,Mohali,Sector 68,3,450,30.0,40,460,UPI,Website,Delivered,Ola Logistics,RD023,5.0,40,42.0,False,5.0,
ORD03146,2026-06-11,2026-06-11 11:47:00,C0128,Restaurant_07,Mohali,Phase 3B2,1,350,50.0,60,360,Credit Card,Restaurant App,Delivered,In-house Rider,RD105,1.7,40,27.0,True,4.0,
ORD01813,2026-04-20,2026-04-20 17:04:00,C0914,Restaurant_23,Panchkula,Sector 15,1,250,100.0,50,200,Debit Card,Website,Delivered,In-house Rider,RD139,5.2,50,29.0,True,5.0,
ORD02560,2026-02-15,2026-02-15 20:25:00,C0638,Restaurant_13,Panchkula,Sector 5,5,600,0.0,50,650,Credit Card,Website,Delivered,In-house Rider,RD024,6.9,40,37.0,True,2.0,
ORD03553,2026-05-19,2026-05-19 14:54:00,C0651,Restaurant_09,Panchkula,Sector 11,2,300,20.0,25,305,UPI,Restaurant App,Delivered,Shadowfax,RD005,3.5,40,12.0,True,4.0,
ORD03745,2026-05-25,2026-05-25 23:45:00,C0801,Restaurant_21,Chandigarh,Sector 34,1,250,0.0,30,280,Credit Card,Website,Delivered,In-house Rider,RD108,3.8,30,16.0,True,3.0,
ORD01753,2026-04-17,2026-04-17 21:21:00,C0961,Restaurant_20,Panchkula,Sector 8,4,1600,30.0,20,1590,Wallet,Restaurant App,Delivered,Shadowfax,RD136,10.2,35,46.0,False,4.0,
ORD00472,2026-04-03,2026-04-03 04:27:00,C0236,Restaurant_01,Panchkula,Sector 15,1,280,,40,320,Debit Card,Website,Cancelled,Not Assigned,Not Assigned,,35,,,,Customer Cancelled
ORD00399,2026-05-04,2026-05-04 01:41:00,C0465,Restaurant_19,Panchkula,Sector 11,4,1000,20.0,30,1010,UPI,Website,Delivered,In-house Rider,RD125,5.0,30,33.0,False,5.0,
ORD00036,2026-05-14,2026-05-14 19:42:00,C1153,Restaurant_19,Mohali,Phase 3B2,2,800,100.0,20,720,Debit Card,Restaurant App,Delivered,In-house Rider,RD120,7.0,40,46.0,False,5.0,
ORD02254,2026-01-26,2026-01-26 04:20:00,C0076,Restaurant_20,Chandigarh,Sector 22,4,1280,30.0,30,1280,UPI,Restaurant App,Delivered,Ola Logistics,RD078,6.5,35,43.0,False,5.0,
ORD02657,2026-02-12,2026-02-12 22:10:00,C0696,Restaurant_19,Mohali,Phase 3B2,2,700,75.0,20,645,Debit Card,Website,Delivered,In-house Rider,RD056,8.6,50,38.0,True,1.0,
ORD00253,2026-01-25,2026-01-25 18:10:00,C0629,Restaurant_03,Mohali,Phase 3B2,5,900,50.0,30,880,Cash,Website,Delivered,In-house Rider,RD043,7.0,50,43.0,True,4.0,
ORD02656,2026-03-16,2026-03-16 22:52:00,C0182,Restaurant_20,Panchkula,Sector 5,2,640,100.0,20,560,Debit Card,Restaurant App,Delivered,In-house Rider,RD082,7.0,45,42.0,True,2.0,
ORD01068,2026-05-20,2026-05-20 21:10:00,C0704,Restaurant_01,Chandigarh,Sector 22,5,2000,100.0,20,1920,Wallet,Website,Delivered,Ola Logistics,RD086,2.1,30,14.0,True,5.0,
ORD01286,2026-02-26,2026-02-26 22:35:00,C0353,Restaurant_07,Mohali,Sector 68,5,1600,50.0,25,1575,Debit Card,Restaurant App,Delivered,Shadowfax,RD131,7.6,45,41.0,True,4.0,
ORD03221,2026-05-15,2026-05-15 13:05:00,C0085,Restaurant_13,Panchkula,Sector 15,3,960,75.0,25,910,Debit Card,Website,Delivered,In-house Rider,RD035,2.2,35,19.0,True,3.0,
ORD02478,2026-04-23,2026-04-23 17:05:00,C0803,Restaurant_01,Panchkula,Sector 15,5,900,0.0,30,930,Debit Card,Website,Delivered,Ola Logistics,RD099,8.9,40,39.0,True,5.0,
ORD02941,2026-04-15,2026-04-15 20:58:00,C0112,Restaurant_07,Panchkula,Sector 11,2,500,50.0,25,475,Cash,Restaurant App,Delivered,In-house Rider,RD075,6.0,50,28.0,True,4.0,
ORD01876,2026-03-30,2026-03-30 19:20:00,C0982,Restaurant_08,Mohali,Phase 5,4,1000,20.0,20,1000,UPI,Website,Delivered,Ola Logistics,RD029,3.6,40,25.0,True,5.0,
ORD00229,2026-03-30,2026-03-30 14:09:00,C0092,Restaurant_02,Panchkula,Sector 15,4,1400,20.0,40,1420,UPI,Website,Delivered,Shadowfax,RD150,4.4,40,29.0,True,3.0,
ORD03052,2026-03-06,2026-03-06 10:27:00,C0795,Restaurant_25,Mohali,Phase 3B2,2,240,75.0,25,190,Debit Card,Restaurant App,Delivered,In-house Rider,RD002,4.0,30,18.0,True,4.0,
ORD01749,2026-05-20,2026-05-20 03:55:00,C0913,Restaurant_03,Mohali,Sector 68,4,1120,50.0,60,1130,Credit Card,Website,Delivered,Shiprocket,RD025,4.1,45,27.0,True,5.0,
ORD03078,2026-01-04,2026-01-04 01:35:00,C0705,Restaurant_02,Mohali,Phase 5,2,560,50.0,50,560,Cash,Restaurant App,Delivered,In-house Rider,RD127,9.1,40,44.0,False,5.0,
ORD03958,2026-01-27,2026-01-27 05:34:00,C1006,Restaurant_22,Chandigarh,Sector 34,2,360,0.0,30,390,Wallet,Website,Failed,Not Assigned,Not Assigned,4.9,40,,,,Payment Failed
ORD01645,2026-06-20,2026-06-20 00:08:00,C0527,Restaurant_22,Mohali,Phase 3B2,5,750,0.0,25,775,Credit Card,Website,Delivered,In-house Rider,RD082,0.8,35,10.0,True,5.0,
ORD03994,2026-03-20,2026-03-20 20:24:00,C0060,Restaurant_02,Mohali,Phase 7,4,1400,0.0,50,1450,UPI,Website,Delivered,In-house Rider,RD033,8.0,30,34.0,False,4.0,
ORD03798,2026-02-21,2026-02-21 10:18:00,C1015,Restaurant_16,Chandigarh,Sector 17,5,1750,100.0,25,1675,Cash,Website,Cancelled,Not Assigned,Not Assigned,4.6,35,,,,Rider Unavailable
ORD01610,2026-02-21,2026-02-21 19:44:00,C0062,Restaurant_12,Mohali,Phase 3B2,2,800,0.0,25,825,UPI,Restaurant App,Cancelled,Not Assigned,Not Assigned,1.4,30,,,,Customer Cancelled
ORD02776,2026-05-22,2026-05-22 15:52:00,C0181,Restaurant_18,Mohali,Phase 5,3,1200,50.0,40,1190,Wallet,Website,Delivered,Shiprocket,RD119,2.6,30,15.0,True,5.0,
ORD02367,2026-06-25,2026-06-25 20:25:00,C0658,Restaurant_21,Panchkula,Sector 5,1,180,20.0,30,190,Debit Card,Restaurant App,Delivered,In-house Rider,RD122,6.7,35,29.0,True,4.0,
ORD00630,2026-01-01,2026-01-01 16:46:00,C0580,Restaurant_25,Panchkula,Sector 15,5,1400,0.0,50,1450,Wallet,Restaurant App,Delivered,In-house Rider,RD119,5.8,30,30.0,True,4.0,
ORD00926,2026-04-07,2026-04-07 01:35:00,C0832,Restaurant_12,Panchkula,Sector 15,3,960,0.0,60,1020,Wallet,Website,Delivered,Shadowfax,RD031,8.4,35,50.0,False,5.0,
ORD02942,2026-06-16,2026-06-16 08:20:00,C0245,Restaurant_14,Panchkula,Sector 15,2,440,50.0,50,440,UPI,Restaurant App,Delivered,Ola Logistics,RD011,6.5,45,36.0,True,3.0,
ORD01020,2026-05-03,2026-05-03 13:01:00,C1138,Restaurant_01,Panchkula,Sector 5,3,360,0.0,25,385,Credit Card,Website,Delivered,Ola Logistics,RD082,1.7,45,19.0,True,5.0,
ORD03844,2026-06-19,2026-06-19 06:59:00,C0247,Restaurant_02,Panchkula,Sector 15,2,800,50.0,30,780,Debit Card,Website,Delivered,In-house Rider,RD034,4.6,50,27.0,True,5.0,
ORD02083,2026-04-27,2026-04-27 09:08:00,C0297,Restaurant_25,Mohali,Phase 7,5,1100,20.0,20,1100,Wallet,Restaurant App,Failed,Not Assigned,Not Assigned,2.9,50,,,,Restaurant Delay
ORD03385,2026-04-04,2026-04-04 13:27:00,C0349,Restaurant_01,Mohali,Phase 7,3,840,0.0,25,865,Wallet,Website,Delivered,In-house Rider,RD094,5.8,50,27.0,True,1.0,
ORD01787,2026-01-22,2026-01-22 15:20:00,C0018,Restaurant_15,Mohali,Phase 5,3,660,0.0,50,710,Wallet,Website,Delivered,Ola Logistics,RD111,6.1,30,110.0,False,5.0,
ORD02124,2026-02-17,2026-02-17 08:57:00,C0266,Restaurant_02,Chandigarh,Sector 22,4,1280,0.0,25,1305,Wallet,Restaurant App,Failed,Not Assigned,Not Assigned,1.7,45,,,,Restaurant Delay
ORD02222,2026-04-15,2026-04-15 14:43:00,C0388,Restaurant_12,Chandigarh,Sector 34,3,1200,30.0,40,1210,Credit Card,Restaurant App,Delivered,In-house Rider,RD128,3.1,35,11.0,True,5.0,
ORD03827,2026-06-18,2026-06-18 14:19:00,C0243,Restaurant_21,Chandigarh,Sector 17,4,1000,100.0,25,7500,Credit Card,Restaurant App,Delivered,In-house Rider,RD119,4.1,35,19.0,True,5.0,
ORD01076,2026-02-04,2026-02-04 20:19:00,C0654,Restaurant_07,Chandigarh,Sector 35,5,1400,0.0,30,1430,Cash,Website,Cancelled,Not Assigned,Not Assigned,2.8,50,,,,Address Issue
ORD02950,2026-02-26,2026-02-26 12:46:00,C0986,Restaurant_19,Mohali,Phase 3B2,3,960,50.0,60,970,Credit Card,Website,Cancelled,Not Assigned,Not Assigned,5.7,30,,,,Payment Failed
ORD03770,2026-03-01,2026-03-01 14:59:00,C0101,Restaurant_17,Chandigarh,Sector 22,2,800,30.0,60,830,UPI,Website,Delivered,In-house Rider,RD069,7.9,30,40.0,False,5.0,
ORD03836,2026-01-25,2026-01-25 04:08:00,C0342,Restaurant_23,Panchkula,Sector 5,3,840,0.0,20,860,Wallet,Website,Delivered,In-house Rider,RD129,6.6,30,25.0,True,5.0,
ORD03904,2026-06-22,2026-06-22 20:25:00,C1044,Restaurant_08,Chandigarh,Sector 34,3,360,30.0,30,360,UPI,Website,Delivered,In-house Rider,RD103,5.8,40,42.0,False,4.0,
ORD02796,2026-06-24,2026-06-24 17:06:00,C0837,Restaurant_04,Chandigarh,Sector 17,4,1000,0.0,40,1040,Wallet,Restaurant App,Delivered,In-house Rider,RD027,0.8,45,14.0,True,5.0,
ORD01245,2026-06-05,2026-06-05 09:03:00,C0367,Restaurant_12,Mohali,Phase 3B2,5,1400,0.0,30,1430,Debit Card,Website,Failed,Not Assigned,Not Assigned,5.5,30,,,,Rider Unavailable
ORD03848,2026-03-03,2026-03-03 07:11:00,C0203,Restaurant_07,Panchkula,Sector 5,3,660,0.0,50,710,Credit Card,Website,Delivered,Ola Logistics,RD017,7.0,50,24.0,True,4.0,
ORD00509,2026-03-11,2026-03-11 07:05:00,C0290,Restaurant_04,Chandigarh,Manimajra,1,250,20.0,20,250,UPI,Website,Delivered,In-house Rider,RD044,8.2,35,44.0,False,5.0,
ORD00711,2026-06-28,2026-06-28 15:08:00,C0513,Restaurant_23,Panchkula,Sector 11,5,750,20.0,30,760,Debit Card,Website,Cancelled,Not Assigned,Not Assigned,5.2,40,,,,Customer Cancelled
ORD03711,2026-04-08,2026-04-08 07:47:00,C0995,Restaurant_01,Panchkula,Sector 15,3,1050,0.0,25,1075,Credit Card,Website,Delivered,Shadowfax,RD085,3.5,35,30.0,True,2.0,
ORD00608,2026-05-21,2026-05-21 04:20:00,C0503,Restaurant_17,Panchkula,Sector 5,4,600,0.0,20,620,Debit Card,Restaurant App,Delivered,In-house Rider,RD084,3.4,35,28.0,True,3.0,
ORD00388,2026-06-18,2026-06-18 12:18:00,C0658,Restaurant_10,Chandigarh,Sector 35,3,1200,75.0,20,1145,Wallet,Restaurant App,Cancelled,Not Assigned,Not Assigned,4.9,35,,,,Address Issue
ORD03166,2026-02-26,2026-02-26 12:09:00,C0826,Restaurant_20,Panchkula,Sector 15,5,1100,20.0,30,1110,Debit Card,Restaurant App,Delivered,Shadowfax,RD026,2.0,35,16.0,True,4.0,
ORD00868,2026-01-22,2026-01-22 22:49:00,C0026,Restaurant_11,Panchkula,Sector 8,2,300,50.0,60,310,Cash,Restaurant App,Delivered,Shiprocket,RD120,6.3,50,25.0,True,4.0,
ORD02800,2026-05-08,2026-05-08 05:47:00,C0243,Restaurant_10,Mohali,Phase 3B2,2,360,50.0,40,350,Credit Card,Website,Delivered,In-house Rider,RD047,6.5,30,32.0,False,4.0,
ORD00912,2026-01-28,2026-01-28 17:52:00,C0612,Restaurant_07,Chandigarh,Sector 34,1,250,0.0,50,300,Debit Card,Website,Delivered,Shiprocket,RD021,7.5,40,46.0,False,5.0,
ORD01922,2026-02-19,2026-02-19 11:42:00,C0061,Restaurant_08,Panchkula,Sector 8,1,250,20.0,60,290,UPI,Website,Delivered,Shadowfax,RD023,2.5,30,24.0,True,5.0,
ORD00149,2026-01-23,2026-01-23 09:25:00,C1037,Restaurant_06,Chandigarh,Sector 22,1,150,100.0,30,80,Credit Card,Restaurant App,Delivered,In-house Rider,RD051,5.0,35,29.0,True,4.0,
ORD00754,2026-03-24,2026-03-24 10:48:00,C0615,Restaurant_25,Chandigarh,Sector 34,5,750,75.0,50,725,Debit Card,Restaurant App,Delivered,Shadowfax,RD029,2.8,40,22.0,True,5.0,
ORD02451,2026-06-12,2026-06-12 23:10:00,C0309,Restaurant_14,Panchkula,Sector 15,2,240,0.0,25,265,Debit Card,Website,Delivered,Ola Logistics,RD072,8.5,30,41.0,False,5.0,
ORD01274,2026-03-16,2026-03-16 10:01:00,C1054,Restaurant_08,Mohali,Sector 68,2,440,75.0,30,395,Credit Card,Website,Delivered,Shadowfax,RD024,4.5,40,22.0,True,3.0,
ORD00341,2026-02-27,2026-02-27 13:01:00,C0825,Restaurant_05,Panchkula,Sector 15,3,960,0.0,40,1000,Debit Card,Website,Delivered,In-house Rider,RD099,9.2,40,43.0,False,5.0,
ORD03636,2026-04-23,2026-04-23 08:57:00,C0229,Restaurant_04,Chandigarh,Manimajra,1,280,30.0,40,290,Wallet,Restaurant App,Delivered,In-house Rider,RD082,0.8,30,22.0,True,4.0,
ORD03036,2026-04-25,2026-04-25 13:52:00,C0224,Restaurant_14,Chandigarh,Sector 17,1,180,20.0,40,200,Credit Card,Website,Delivered,Shiprocket,RD030,4.1,40,33.0,True,5.0,
ORD02249,2026-04-15,2026-04-15 03:42:00,C0568,Restaurant_02,Mohali,Phase 5,3,750,0.0,25,775,Wallet,Restaurant App,Delivered,In-house Rider,RD140,5.4,30,25.0,True,5.0,
ORD01116,2026-06-13,2026-06-13 02:53:00,C0051,Restaurant_10,Mohali,Phase 3B2,5,1100,0.0,30,1130,Wallet,Restaurant App,Failed,Not Assigned,Not Assigned,1.0,35,,,,Payment Failed
ORD02781,2026-02-21,2026-02-21 09:17:00,C0642,Restaurant_20,Panchkula,Sector 11,4,880,0.0,25,905,Wallet,Website,Delivered,In-house Rider,RD062,5.0,35,32.0,True,3.0,
ORD00541,2026-04-16,2026-04-16 18:57:00,C0945,Restaurant_11,Chandigarh,Sector 17,3,840,30.0,50,860,Debit Card,Website,Delivered,In-house Rider,RD004,6.5,40,36.0,True,4.0,
ORD02740,2026-01-29,2026-01-29 13:33:00,C0428,Restaurant_23,Mohali,Phase 7,4,1280,75.0,25,1230,Wallet,Restaurant App,Delivered,Shiprocket,RD017,8.2,45,49.0,False,5.0,
ORD01467,2026-06-07,2026-06-07 02:57:00,C0472,Restaurant_09,Panchkula,Sector 5,3,840,0.0,40,880,Debit Card,Restaurant App,Delivered,In-house Rider,RD001,8.7,30,38.0,False,5.0,
ORD02658,2026-05-10,2026-05-10 22:12:00,C1092,Restaurant_02,Panchkula,Sector 8,3,360,20.0,60,400,Debit Card,Restaurant App,Failed,Not Assigned,Not Assigned,1.0,50,,,,Address Issue
ORD03979,2026-03-12,2026-03-12 10:37:00,C0675,Restaurant_04,Panchkula,Sector 11,2,500,100.0,40,440,Wallet,Website,Delivered,In-house Rider,RD062,6.4,50,39.0,True,4.0,
ORD00956,2026-05-21,2026-05-21 16:41:00,C1111,Restaurant_16,Mohali,Sector 68,1,400,75.0,25,350,UPI,Restaurant App,Delivered,Ola Logistics,RD006,5.3,40,23.0,True,4.0,
ORD00281,2026-02-12,2026-02-12 00:39:00,C0532,Restaurant_07,Chandigarh,Sector 22,1,150,100.0,50,100,UPI,Restaurant App,Delivered,In-house Rider,RD005,6.3,35,45.0,False,5.0,
ORD02459,2026-05-24,2026-05-24 14:59:00,C0391,Restaurant_18,Chandigarh,Sector 17,5,750,0.0,40,790,Wallet,Website,Delivered,In-house Rider,RD060,6.4,35,35.0,True,5.0,
ORD00511,2026-01-16,2026-01-16 18:19:00,C0763,Restaurant_13,Panchkula,Sector 8,2,240,0.0,40,280,Credit Card,Website,Delivered,Shadowfax,RD126,5.1,35,31.0,True,5.0,
ORD02650,2026-01-09,2026-01-09 00:36:00,C0258,Restaurant_14,Mohali,Sector 68,4,1400,0.0,60,1460,Wallet,Restaurant App,Cancelled,Not Assigned,Not Assigned,3.4,30,,,,Payment Failed
ORD01593,2026-05-30,2026-05-30 04:26:00,C1173,Restaurant_07,Mohali,Phase 5,4,880,0.0,40,920,Cash,Website,Failed,Not Assigned,Not Assigned,7.2,30,,,,Customer Cancelled
ORD02606,2026-04-01,2026-04-01 08:02:00,C0416,Restaurant_02,Panchkula,Sector 11,2,360,0.0,60,420,Debit Card,Restaurant App,Delivered,Shadowfax,RD098,1.2,50,10.0,True,4.0,
ORD01515,2026-02-16,2026-02-16 14:21:00,C0349,Restaurant_23,Mohali,Phase 7,2,360,0.0,25,385,Wallet,Website,Failed,Not Assigned,Not Assigned,6.6,35,,,,Rider Unavailable
ORD00688,2026-06-10,2026-06-10 17:38:00,C0406,Restaurant_24,Panchkula,Sector 5,2,800,30.0,20,790,Cash,Website,Delivered,In-house Rider,RD126,4.3,30,22.0,True,4.0,
ORD00336,2026-02-09,2026-02-09 17:16:00,C0287,Restaurant_02,Panchkula,Sector 8,1,320,75.0,40,285,Credit Card,Restaurant App,Delivered,In-house Rider,RD120,5.2,30,29.0,True,5.0,
ORD00643,2026-02-13,2026-02-13 00:54:00,C1049,Restaurant_17,Chandigarh,Sector 22,4,1000,20.0,50,1030,Credit Card,Website,Cancelled,Not Assigned,Not Assigned,0.4,50,,,,Restaurant Delay
ORD02363,2026-01-15,2026-01-15 18:32:00,C0091,Restaurant_22,Panchkula,Sector 15,4,1120,50.0,50,1120,Debit Card,Restaurant App,Delivered,In-house Rider,RD055,4.4,30,76.0,False,5.0,
ORD02028,2026-01-16,2026-01-16 07:36:00,C0046,Restaurant_11,Mohali,Sector 68,3,360,20.0,60,400,Credit Card,Website,Failed,Not Assigned,Not Assigned,1.9,45,,,,Payment Failed
ORD00783,2026-02-07,2026-02-07 22:11:00,C0262,Restaurant_20,Panchkula,Sector 8,4,1400,0.0,30,1430,UPI,Restaurant App,Delivered,In-house Rider,RD041,3.0,35,23.0,True,5.0,
ORD03551,2026-04-27,2026-04-27 08:07:00,C0444,Restaurant_17,Panchkula,Sector 11,3,540,50.0,20,510,Debit Card,Website,Cancelled,Not Assigned,Not Assigned,4.6,45,,,,Address Issue
ORD03916,2026-06-11,2026-06-11 17:53:00,C0174,Restaurant_03,Panchkula,Sector 15,1,250,0.0,40,290,UPI,Website,Delivered,In-house Rider,RD107,3.7,30,30.0,True,3.0,
ORD00622,2026-02-27,2026-02-27 12:37:00,C1095,Restaurant_10,Panchkula,Sector 15,2,300,100.0,50,250,UPI,Restaurant App,Delivered,In-house Rider,RD035,4.2,30,28.0,True,3.0,
ORD03323,2026-06-13,2026-06-13 08:55:00,C0924,Restaurant_24,Mohali,Sector 68,2,640,0.0,20,660,Wallet,Website,Delivered,In-house Rider,RD017,1.5,40,30.0,True,4.0,
ORD03766,2026-05-03,2026-05-03 16:03:00,C0511,Restaurant_18,Chandigarh,Sector 17,2,440,100.0,20,360,Credit Card,Restaurant App,Cancelled,Not Assigned,Not Assigned,2.4,40,,,,Customer Cancelled
ORD02141,2026-03-30,2026-03-30 04:00:00,C0420,Restaurant_23,Panchkula,Sector 15,1,120,75.0,60,105,Wallet,Restaurant App,Cancelled,Not Assigned,Not Assigned,2.8,35,,,,Restaurant Delay
ORD00835,2026-01-25,2026-01-25 05:13:00,C0062,Restaurant_22,Mohali,Phase 5,1,180,50.0,30,160,Wallet,Website,Delivered,In-house Rider,RD055,4.0,40,22.0,True,4.0,
ORD02641,2026-04-12,2026-04-12 20:04:00,C0919,Restaurant_14,Chandigarh,Sector 35,5,600,100.0,40,540,Cash,Restaurant App,Delivered,Ola Logistics,RD109,7.8,40,42.0,False,4.0,
ORD03963,2026-03-06,2026-03-06 05:16:00,C0919,Restaurant_05,Panchkula,Sector 11,1,220,30.0,40,230,UPI,Restaurant App,Delivered,Ola Logistics,RD079,4.3,45,29.0,True,5.0,
ORD02044,2026-03-14,2026-03-14 09:51:00,C0771,Restaurant_08,Chandigarh,Sector 22,2,800,50.0,30,780,Cash,Website,Delivered,Shadowfax,RD100,7.5,50,33.0,True,5.0,
ORD01451,2026-01-12,2026-01-12 04:07:00,C0080,Restaurant_13,Mohali,Phase 7,2,700,0.0,25,725,Debit Card,Website,Delivered,Ola Logistics,RD045,5.8,35,32.0,True,1.0,
ORD00395,2026-06-13,2026-06-13 00:02:00,C0204,Restaurant_04,Chandigarh,Sector 35,1,120,0.0,50,170,Cash,Restaurant App,Cancelled,Not Assigned,Not Assigned,2.0,50,,,,Restaurant Delay
ORD00846,2026-01-06,2026-01-06 09:01:00,C0551,Restaurant_19,Panchkula,Sector 15,4,480,30.0,25,475,UPI,Website,Delivered,Shadowfax,RD055,5.9,35,31.0,True,5.0,
ORD03118,2026-05-02,2026-05-02 07:46:00,C1109,Restaurant_20,Mohali,Phase 3B2,5,1250,0.0,30,1280,Wallet,Website,Failed,Not Assigned,Not Assigned,3.7,45,,,,Customer Cancelled
ORD02624,2026-01-19,2026-01-19 20:08:00,C0524,Restaurant_17,Panchkula,Sector 8,2,500,100.0,60,460,Cash,Restaurant App,Delivered,In-house Rider,RD051,3.4,40,29.0,True,3.0,
ORD02622,2026-05-23,2026-05-23 23:19:00,C0377,Restaurant_10,Mohali,Phase 7,3,1050,0.0,40,1090,Wallet,Restaurant App,Delivered,Shadowfax,RD134,7.2,30,42.0,False,5.0,
ORD03842,2026-04-03,2026-04-03 19:58:00,C0571,Restaurant_20,Mohali,Phase 3B2,5,1750,30.0,50,1770,Credit Card,Website,Cancelled,Not Assigned,Not Assigned,0.1,30,,,,Payment Failed
ORD03351,2026-01-27,2026-01-27 11:10:00,C0225,Restaurant_15,Chandigarh,Sector 17,3,1050,75.0,30,1005,Wallet,Website,Delivered,Ola Logistics,RD137,5.1,35,28.0,True,5.0,
ORD02784,2026-06-22,2026-06-22 08:17:00,C0663,Restaurant_19,Panchkula,Sector 8,2,300,20.0,20,300,Wallet,Website,Delivered,In-house Rider,RD132,4.4,30,36.0,False,4.0,
ORD03776,2026-04-15,2026-04-15 23:29:00,C0922,Restaurant_04,Mohali,Phase 3B2,5,900,100.0,50,850,Debit Card,Website,Delivered,Shadowfax,RD036,6.0,40,30.0,True,4.0,
ORD01762,2026-04-10,2026-04-10 23:11:00,C0967,Restaurant_24,Chandigarh,Sector 22,4,1000,100.0,60,960,Cash,Restaurant App,Delivered,Shadowfax,RD146,7.7,40,30.0,True,5.0,
ORD02328,2026-04-01,2026-04-01 10:32:00,C0070,Restaurant_23,Chandigarh,Sector 34,2,560,0.0,20,580,Wallet,Website,Delivered,In-house Rider,RD057,6.4,40,33.0,True,5.0,
ORD00338,2026-02-14,2026-02-14 03:05:00,C0975,Restaurant_12,Mohali,Sector 68,2,560,30.0,40,570,Cash,Restaurant App,Failed,Not Assigned,Not Assigned,3.9,45,,,,Customer Cancelled
ORD02276,2026-05-11,2026-05-11 08:53:00,C1090,Restaurant_17,Panchkula,Sector 11,2,440,0.0,20,460,Debit Card,Website,Delivered,Ola Logistics,RD045,0.8,40,10.0,True,4.0,
ORD02057,2026-05-04,2026-05-04 04:48:00,C0601,Restaurant_17,Chandigarh,Manimajra,3,1200,20.0,60,1240,Wallet,Restaurant App,Delivered,In-house Rider,RD005,2.0,40,15.0,True,5.0,
ORD01110,2026-03-22,2026-03-22 22:42:00,C0746,Restaurant_24,Chandigarh,Sector 34,2,700,0.0,40,740,Debit Card,Restaurant App,Delivered,In-house Rider,RD094,4.6,45,30.0,True,4.0,
ORD03715,2026-03-09,2026-03-09 23:28:00,C0557,Restaurant_09,Chandigarh,Sector 22,3,1200,0.0,60,1260,Debit Card,Website,Delivered,In-house Rider,RD051,5.2,50,23.0,True,5.0,
ORD00294,2026-01-19,2026-01-19 15:36:00,C0955,Restaurant_12,Chandigarh,Sector 35,2,300,20.0,40,320,Wallet,Website,Delivered,In-house Rider,RD009,6.7,50,35.0,True,5.0,
ORD02117,2026-01-24,2026-01-24 18:04:00,C0318,Restaurant_17,Chandigarh,Sector 22,1,400,75.0,40,365,Wallet,Restaurant App,Cancelled,Not Assigned,Not Assigned,2.8,30,,,,Customer Cancelled
ORD02206,2026-01-25,2026-01-25 08:20:00,C0897,Restaurant_01,Mohali,Sector 68,2,800,0.0,30,830,Wallet,Website,Failed,Not Assigned,Not Assigned,3.6,50,,,,Restaurant Delay
ORD03169,2026-01-30,2026-01-30 01:30:00,C1158,Restaurant_22,Chandigarh,Sector 17,1,350,20.0,60,390,Wallet,Website,Delivered,In-house Rider,RD093,6.1,45,34.0,True,5.0,
ORD03414,2026-05-21,2026-05-21 06:02:00,C0943,Restaurant_07,Mohali,Sector 68,5,1250,30.0,30,1250,Credit Card,Restaurant App,Delivered,Shadowfax,RD058,3.4,45,19.0,True,5.0,
ORD03194,2026-05-20,2026-05-20 22:34:00,C0998,Restaurant_01,Panchkula,Sector 5,1,180,75.0,50,155,Cash,Restaurant App,Delivered,In-house Rider,RD132,5.9,40,46.0,False,5.0,
ORD03229,2026-06-17,2026-06-17 12:06:00,C0827,Restaurant_07,Mohali,Phase 7,3,360,0.0,60,420,Cash,Website,Delivered,Shiprocket,RD101,5.6,35,36.0,False,5.0,
ORD03718,2026-06-21,2026-06-21 19:47:00,C0530,Restaurant_03,Chandigarh,Sector 22,1,180,0.0,20,200,Wallet,Website,Cancelled,Not Assigned,Not Assigned,7.2,30,,,,Restaurant Delay
ORD03857,2026-03-27,2026-03-27 10:12:00,C0760,Restaurant_09,Mohali,Phase 5,5,1600,100.0,20,1520,Credit Card,Restaurant App,Delivered,Shadowfax,RD025,4.9,45,87.0,False,5.0,
ORD02073,2026-01-15,2026-01-15 19:15:00,C0273,Restaurant_22,Panchkula,Sector 5,4,480,20.0,25,485,Debit Card,Restaurant App,Cancelled,Not Assigned,Not Assigned,1.3,40,,,,Restaurant Delay
ORD02682,2026-06-20,2026-06-20 06:05:00,C0279,Restaurant_20,Panchkula,Sector 11,4,1000,0.0,25,1025,Cash,Restaurant App,Cancelled,Not Assigned,Not Assigned,4.0,30,,,,Rider Unavailable
ORD00471,2026-05-17,2026-05-17 11:52:00,C0010,Restaurant_22,Panchkula,Sector 11,3,1050,20.0,40,1070,Wallet,Website,Delivered,In-house Rider,RD142,1.5,45,20.0,True,5.0,
ORD00558,2026-02-13,2026-02-13 05:21:00,C1148,Restaurant_08,Mohali,Phase 7,4,720,0.0,25,745,UPI,Restaurant App,Delivered,Shadowfax,RD085,7.2,30,42.0,False,4.0,
ORD02039,2026-05-26,2026-05-26 05:29:00,C0074,Restaurant_05,Chandigarh,Sector 17,5,1750,75.0,40,1715,Credit Card,Restaurant App,Delivered,In-house Rider,RD063,6.2,30,33.0,False,5.0,
ORD02342,2026-02-10,2026-02-10 18:34:00,C1044,Restaurant_11,Panchkula,Sector 5,1,120,0.0,40,160,Wallet,Restaurant App,Delivered,Ola Logistics,RD053,4.9,40,28.0,True,4.0,
ORD02821,2026-03-07,2026-03-07 12:58:00,C0755,Restaurant_13,Mohali,Phase 7,5,1100,30.0,50,1120,Credit Card,Website,Delivered,In-house Rider,RD024,5.8,35,29.0,True,5.0,
ORD03801,2026-06-18,2026-06-18 14:12:00,C0772,Restaurant_12,Chandigarh,Sector 35,3,1050,100.0,25,975,Wallet,Restaurant App,Delivered,In-house Rider,RD066,8.3,40,43.0,False,5.0,
ORD01263,2026-06-03,2026-06-03 07:24:00,C0010,Restaurant_08,Panchkula,Sector 5,3,960,0.0,40,1000,UPI,Restaurant App,Delivered,In-house Rider,RD110,4.2,40,28.0,True,5.0,
ORD03895,2026-04-26,2026-04-26 00:42:00,C0261,Restaurant_08,Chandigarh,Sector 35,3,450,20.0,50,480,Cash,Website,Delivered,In-house Rider,RD095,3.7,35,29.0,True,4.0,
ORD03237,2026-03-02,2026-03-02 02:13:00,C0455,Restaurant_05,Mohali,Phase 5,4,1600,100.0,60,1560,Wallet,Website,Delivered,Shadowfax,RD082,7.7,30,36.0,False,5.0,
ORD01023,2026-04-30,2026-04-30 08:07:00,C0992,Restaurant_10,Panchkula,Sector 8,4,1000,0.0,50,1050,UPI,Website,Delivered,In-house Rider,RD072,6.3,45,37.0,True,5.0,
ORD00121,2026-02-08,2026-02-08 13:18:00,C0644,Restaurant_11,Panchkula,Sector 15,3,660,100.0,25,585,UPI,Website,Failed,Not Assigned,Not Assigned,3.7,40,,,,Payment Failed
ORD00906,2026-05-03,2026-05-03 20:38:00,C0046,Restaurant_18,Chandigarh,Sector 35,4,600,0.0,20,620,Cash,Restaurant App,Delivered,In-house Rider,RD035,7.7,35,43.0,False,4.0,
ORD01307,2026-03-11,2026-03-11 18:10:00,C1053,Restaurant_10,Mohali,Phase 5,2,500,0.0,40,540,Debit Card,Website,Cancelled,Not Assigned,Not Assigned,4.7,45,,,,Rider Unavailable
ORD01389,2026-04-17,2026-04-17 02:37:00,C1171,Restaurant_21,Mohali,Sector 68,1,320,0.0,60,380,Credit Card,Website,Delivered,Shiprocket,RD001,5.9,50,31.0,True,5.0,
ORD01335,2026-05-22,2026-05-22 01:50:00,C1025,Restaurant_17,Chandigarh,Sector 17,2,360,0.0,50,410,Wallet,Website,Cancelled,Not Assigned,Not Assigned,7.4,50,,,,Payment Failed
ORD02559,2026-04-26,2026-04-26 23:17:00,C0790,Restaurant_04,Panchkula,Sector 8,4,1120,50.0,50,1120,Cash,Restaurant App,Delivered,In-house Rider,RD017,5.0,40,37.0,True,5.0,
ORD02228,2026-01-25,2026-01-25 22:31:00,C0098,Restaurant_20,Mohali,Sector 68,1,250,75.0,30,205,Wallet,Restaurant App,Delivered,Ola Logistics,RD072,3.0,30,23.0,True,4.0,
ORD01936,2026-05-09,2026-05-09 14:46:00,C0251,Restaurant_03,Mohali,Phase 5,1,220,0.0,30,250,Credit Card,Restaurant App,Delivered,In-house Rider,RD133,5.5,40,45.0,False,5.0,
ORD01094,2026-03-11,2026-03-11 14:11:00,C0618,Restaurant_11,Mohali,Sector 68,3,840,0.0,25,865,Cash,Website,Delivered,Ola Logistics,RD061,5.0,40,37.0,True,4.0,
ORD01560,2026-03-24,2026-03-24 21:18:00,C0290,Restaurant_16,Mohali,Phase 3B2,4,1000,0.0,60,1060,Credit Card,Restaurant App,Delivered,Shadowfax,RD146,1.6,50,10.0,True,4.0,
ORD03232,2026-01-19,2026-01-19 23:47:00,C0158,Restaurant_02,Mohali,Phase 3B2,3,450,0.0,40,490,Debit Card,Restaurant App,Delivered,In-house Rider,RD122,5.4,45,32.0,True,4.0,
ORD00816,2026-02-02,2026-02-02 07:29:00,C0373,Restaurant_04,Panchkula,Sector 15,3,540,100.0,40,480,Cash,Website,Delivered,In-house Rider,RD054,6.8,30,37.0,False,4.0,
ORD03943,2026-02-28,2026-02-28 05:04:00,C0646,Restaurant_20,Panchkula,Sector 8,4,1000,50.0,20,970,UPI,Restaurant App,Delivered,Shadowfax,RD054,11.1,50,46.0,True,5.0,
ORD00864,2026-01-20,2026-01-20 05:28:00,C0887,Restaurant_04,Mohali,Phase 5,3,360,30.0,25,355,Wallet,Restaurant App,Delivered,In-house Rider,RD113,6.7,40,37.0,True,5.0,
ORD01083,2026-04-15,2026-04-15 15:49:00,C0492,Restaurant_07,Mohali,Phase 5,1,150,0.0,40,190,UPI,Restaurant App,Delivered,Shadowfax,RD076,5.4,35,28.0,True,5.0,
ORD01209,2026-04-16,2026-04-16 08:06:00,C0617,Restaurant_03,Chandigarh,Sector 22,3,1050,0.0,60,1110,UPI,Website,Delivered,In-house Rider,RD126,5.6,50,36.0,True,4.0,
ORD03992,2026-05-27,2026-05-27 05:09:00,C0735,Restaurant_16,Mohali,Phase 5,5,1250,100.0,20,1170,Wallet,Restaurant App,Delivered,Ola Logistics,RD058,4.6,50,21.0,True,5.0,
ORD01290,2026-01-15,2026-01-15 13:45:00,C0159,Restaurant_17,Panchkula,Sector 15,5,1100,100.0,60,1060,Debit Card,Restaurant App,Delivered,In-house Rider,RD060,8.7,30,48.0,False,4.0,
ORD01858,2026-04-08,2026-04-08 18:25:00,C0128,Restaurant_17,Mohali,Phase 3B2,4,1400,100.0,20,1320,Credit Card,Website,Failed,Not Assigned,Not Assigned,0.6,50,,,,Restaurant Delay
ORD00096,2026-05-15,2026-05-15 13:29:00,C0112,Restaurant_13,Chandigarh,Sector 17,1,180,0.0,40,220,Cash,Website,Delivered,Shadowfax,RD049,8.4,30,33.0,False,5.0,
ORD03774,2026-03-03,2026-03-03 11:06:00,C1036,Restaurant_05,Panchkula,Sector 8,3,1200,0.0,50,1250,UPI,Website,Delivered,In-house Rider,RD090,2.5,45,14.0,True,5.0,
ORD02429,2026-02-17,2026-02-17 05:55:00,C0298,Restaurant_21,Panchkula,Sector 8,1,180,50.0,40,170,Cash,Website,Delivered,Shadowfax,RD042,5.6,30,38.0,False,4.0,
ORD00605,2026-06-01,2026-06-01 07:22:00,C0588,Restaurant_21,Mohali,Phase 5,4,600,0.0,20,620,UPI,Restaurant App,Delivered,Shadowfax,RD093,7.4,40,31.0,True,1.0,
ORD03832,2026-04-18,2026-04-18 03:16:00,C0468,Restaurant_17,Chandigarh,Manimajra,5,1400,20.0,60,1440,Cash,Website,Delivered,Shadowfax,RD046,8.0,50,39.0,True,4.0,
ORD02115,2026-01-22,2026-01-22 15:39:00,C0463,Restaurant_07,Panchkula,Sector 15,5,600,0.0,25,625,Cash,Restaurant App,Delivered,In-house Rider,RD005,1.0,45,14.0,True,3.0,
ORD00551,2026-02-04,2026-02-04 19:09:00,C0635,Restaurant_02,Chandigarh,Sector 34,4,1120,0.0,25,1145,UPI,Website,Failed,Not Assigned,Not Assigned,3.7,50,,,,Address Issue
ORD03220,2026-05-08,2026-05-08 12:32:00,C0476,Restaurant_05,Mohali,Phase 3B2,4,480,75.0,60,465,Wallet,Restaurant App,Delivered,Shiprocket,RD090,4.7,40,22.0,True,4.0,
ORD02300,2026-06-12,2026-06-12 15:08:00,C1106,Restaurant_23,Chandigarh,Sector 17,1,120,,50,150,Wallet,Restaurant App,Delivered,Shadowfax,RD039,,40,107.0,False,,
ORD00476,2026-02-05,2026-02-05 23:30:00,C0643,Restaurant_10,Chandigarh,Sector 17,1,280,75.0,30,235,UPI,Website,Delivered,In-house Rider,RD149,3.5,50,19.0,True,2.0,
ORD01500,2026-05-29,2026-05-29 16:33:00,C0897,Restaurant_09,Panchkula,Sector 5,1,350,20.0,40,370,Cash,Restaurant App,Cancelled,Not Assigned,Not Assigned,6.7,35,,,,Customer Cancelled
ORD00213,2026-03-28,2026-03-28 17:28:00,C1145,Restaurant_06,Chandigarh,Sector 22,3,660,100.0,25,585,Debit Card,Website,Delivered,In-house Rider,RD147,8.8,40,35.0,True,4.0,
ORD03513,2026-04-04,2026-04-04 07:55:00,C0539,Restaurant_06,Panchkula,Sector 8,5,600,0.0,25,625,Cash,Website,Delivered,In-house Rider,RD067,2.5,35,23.0,True,4.0,
ORD03697,2026-02-09,2026-02-09 02:50:00,C0043,Restaurant_02,Chandigarh,Sector 35,4,1600,75.0,60,1585,UPI,Restaurant App,Delivered,Shadowfax,RD073,4.5,30,19.0,True,5.0,
ORD01589,2026-01-27,2026-01-27 21:46:00,C0092,Restaurant_07,Mohali,Sector 68,2,300,20.0,25,305,Cash,Website,Cancelled,Not Assigned,Not Assigned,7.2,35,,,,Restaurant Delay
ORD02025,2026-03-22,2026-03-22 19:40:00,C1091,Restaurant_19,Panchkula,Sector 15,5,1250,0.0,30,1280,UPI,Restaurant App,Delivered,In-house Rider,RD119,4.8,30,16.0,True,4.0,
ORD02379,2026-02-13,2026-02-13 22:49:00,C0232,Restaurant_23,Panchkula,Sector 11,3,750,0.0,50,800,Credit Card,Website,Delivered,In-house Rider,RD095,6.7,50,31.0,True,4.0,
ORD02481,2026-04-26,2026-04-26 03:32:00,C0914,Restaurant_18,Panchkula,Sector 15,3,960,0.0,20,980,Debit Card,Website,Failed,Not Assigned,Not Assigned,7.9,50,,,,Address Issue
ORD00277,2026-05-13,2026-05-13 03:48:00,C0184,Restaurant_16,Panchkula,Sector 5,4,1400,30.0,20,1390,Credit Card,Website,Failed,Not Assigned,Not Assigned,1.7,35,,,,Payment Failed
ORD00506,2026-02-06,2026-02-06 21:53:00,C0268,Restaurant_13,Chandigarh,Manimajra,4,880,0.0,25,905,Credit Card,Website,Delivered,In-house Rider,RD147,3.9,45,33.0,True,3.0,
ORD01336,2026-01-28,2026-01-28 08:12:00,C1134,Restaurant_04,Panchkula,Sector 15,5,1750,30.0,25,1745,UPI,Restaurant App,Delivered,In-house Rider,RD049,5.9,30,27.0,True,5.0,
ORD03608,2026-05-29,2026-05-29 19:58:00,C0043,Restaurant_01,Mohali,Sector 68,3,450,75.0,30,405,Wallet,Restaurant App,Delivered,In-house Rider,RD068,4.2,30,25.0,True,1.0,
ORD02340,2026-02-05,2026-02-05 23:13:00,C0813,Restaurant_18,Panchkula,Sector 11,4,1120,0.0,50,1170,Credit Card,Restaurant App,Failed,Not Assigned,Not Assigned,3.4,35,,,,Address Issue
ORD00902,2026-05-26,2026-05-26 10:39:00,C1037,Restaurant_09,Chandigarh,Sector 22,1,350,0.0,30,380,Wallet,Restaurant App,Delivered,In-house Rider,RD059,6.1,50,32.0,True,4.0,
ORD00449,2026-04-03,2026-04-03 01:51:00,C0372,Restaurant_03,Panchkula,Sector 11,4,1000,50.0,25,975,Cash,Restaurant App,Delivered,Ola Logistics,RD011,4.9,50,28.0,True,5.0,
ORD01410,2026-02-27,2026-02-27 17:27:00,C0223,Restaurant_17,Panchkula,Sector 8,2,440,0.0,60,500,Debit Card,Restaurant App,Delivered,In-house Rider,RD063,5.2,30,33.0,False,4.0,
ORD02535,2026-03-06,2026-03-06 22:43:00,C0048,Restaurant_19,Mohali,Phase 7,5,600,20.0,20,600,Debit Card,Restaurant App,Delivered,In-house Rider,RD101,1.6,40,17.0,True,5.0,
ORD00990,2026-03-09,2026-03-09 22:16:00,C1190,Restaurant_25,Mohali,Sector 68,2,560,50.0,50,560,Debit Card,Restaurant App,Delivered,In-house Rider,RD025,5.1,30,27.0,True,5.0,
ORD00304,2026-04-11,2026-04-11 20:55:00,C0057,Restaurant_24,Panchkula,Sector 8,1,150,100.0,30,80,Debit Card,Restaurant App,Delivered,In-house Rider,RD055,2.6,30,26.0,True,4.0,
ORD03560,2026-05-23,2026-05-23 18:42:00,C0209,Restaurant_12,Mohali,Phase 3B2,3,360,0.0,60,420,Credit Card,Website,Delivered,Shadowfax,RD065,2.3,35,23.0,True,5.0,
ORD03701,2026-02-08,2026-02-08 17:41:00,C0141,Restaurant_03,Mohali,Phase 5,2,700,20.0,20,700,Credit Card,Restaurant App,Failed,Not Assigned,Not Assigned,6.2,40,,,,Rider Unavailable
ORD03875,2026-06-13,2026-06-13 21:38:00,C0318,Restaurant_25,Mohali,Phase 3B2,1,320,0.0,50,370,UPI,Restaurant App,Cancelled,Not Assigned,Not Assigned,7.1,50,,,,Customer Cancelled
ORD02989,2026-03-06,2026-03-06 19:51:00,C0887,Restaurant_02,Mohali,Phase 7,1,120,0.0,20,140,Credit Card,Restaurant App,Delivered,In-house Rider,RD116,6.3,45,27.0,True,5.0,
ORD01997,2026-02-20,2026-02-20 01:32:00,C1159,Restaurant_06,Chandigarh,Manimajra,2,500,50.0,40,490,Debit Card,Website,Delivered,Shadowfax,RD070,5.7,45,34.0,True,5.0,
ORD02116,2026-05-17,2026-05-17 07:54:00,C0667,Restaurant_10,Mohali,Phase 5,4,880,0.0,30,910,Credit Card,Website,Delivered,In-house Rider,RD054,6.0,45,33.0,True,5.0,
ORD02068,2026-03-19,2026-03-19 04:54:00,C0786,Restaurant_21,Chandigarh,Sector 22,3,450,0.0,50,500,UPI,Website,Delivered,In-house Rider,RD094,3.9,30,25.0,True,2.0,
ORD01902,2026-04-16,2026-04-16 09:36:00,C0719,Restaurant_22,Chandigarh,Sector 34,5,2000,0.0,50,2050,Credit Card,Restaurant App,Delivered,Shadowfax,RD133,2.3,35,25.0,True,4.0,
ORD00325,2026-02-18,2026-02-18 23:02:00,C0699,Restaurant_20,Panchkula,Sector 11,3,1050,75.0,20,995,Debit Card,Website,Delivered,In-house Rider,RD027,4.7,50,34.0,True,4.0,
ORD03333,2026-04-25,2026-04-25 04:19:00,C1016,Restaurant_21,Mohali,Phase 7,2,640,0.0,20,660,Wallet,Restaurant App,Failed,Not Assigned,Not Assigned,6.4,40,,,,Restaurant Delay
ORD03833,2026-03-03,2026-03-03 11:00:00,C0581,Restaurant_03,Chandigarh,Sector 35,4,1000,0.0,25,1025,UPI,Restaurant App,Failed,Not Assigned,Not Assigned,7.2,40,,,,Payment Failed
ORD01434,2026-03-28,2026-03-28 11:46:00,C1127,Restaurant_08,Mohali,Sector 68,4,1000,100.0,50,950,Wallet,Restaurant App,Delivered,In-house Rider,RD009,1.3,50,31.0,True,4.0,
ORD03473,2026-04-14,2026-04-14 09:08:00,C0409,Restaurant_20,Chandigarh,Sector 34,3,360,0.0,25,385,Credit Card,Restaurant App,Delivered,Ola Logistics,RD055,1.9,45,19.0,True,4.0,
ORD01474,2026-05-12,2026-05-12 16:01:00,C1043,Restaurant_17,Mohali,Phase 7,3,960,100.0,30,890,Wallet,Restaurant App,Delivered,Ola Logistics,RD027,4.8,40,33.0,True,4.0,
ORD02103,2026-02-13,2026-02-13 21:46:00,C0695,Restaurant_04,Chandigarh,Sector 22,4,480,30.0,40,490,Debit Card,Restaurant App,Delivered,Shiprocket,RD049,4.2,50,23.0,True,4.0,
ORD03012,2026-02-15,2026-02-15 00:41:00,C0808,Restaurant_13,Mohali,Phase 3B2,3,960,30.0,60,990,Debit Card,Restaurant App,Delivered,In-house Rider,RD012,7.0,45,47.0,False,4.0,
ORD02980,2026-06-08,2026-06-08 23:15:00,C0458,Restaurant_25,Mohali,Phase 3B2,1,280,100.0,50,230,Wallet,Website,Cancelled,Not Assigned,Not Assigned,1.1,35,,,,Rider Unavailable
ORD03880,2026-01-09,2026-01-09 14:30:00,C0295,Restaurant_11,Panchkula,Sector 8,2,300,20.0,30,310,Wallet,Website,Delivered,Shadowfax,RD015,3.6,40,25.0,True,4.0,
ORD00151,2026-01-02,2026-01-02 21:57:00,C0636,Restaurant_22,Chandigarh,Manimajra,3,660,20.0,30,670,Wallet,Restaurant App,Cancelled,Not Assigned,Not Assigned,3.3,45,,,,Address Issue
ORD03651,2026-01-20,2026-01-20 17:03:00,C0045,Restaurant_24,Chandigarh,Manimajra,1,180,0.0,50,230,Cash,Restaurant App,Delivered,Shadowfax,RD061,5.7,35,23.0,True,5.0,
ORD03867,2026-01-26,2026-01-26 14:37:00,C1131,Restaurant_24,Chandigarh,Manimajra,4,1600,100.0,30,1530,UPI,Restaurant App,Delivered,In-house Rider,RD085,2.9,50,11.0,True,5.0,
ORD01122,2026-03-22,2026-03-22 13:24:00,C0916,Restaurant_22,Chandigarh,Sector 34,3,840,30.0,25,835,Debit Card,Website,Delivered,In-house Rider,RD076,4.2,45,26.0,True,4.0,
ORD03898,2026-04-24,2026-04-24 14:25:00,C0142,Restaurant_05,Chandigarh,Sector 34,1,250,0.0,30,280,Credit Card,Restaurant App,Delivered,In-house Rider,RD055,3.3,30,28.0,True,5.0,
ORD01131,2026-06-15,2026-06-15 09:24:00,C0189,Restaurant_03,Panchkula,Sector 5,5,1750,20.0,50,1780,Wallet,Website,Failed,Not Assigned,Not Assigned,6.2,40,,,,Customer Cancelled
ORD02792,2026-06-23,2026-06-23 19:37:00,C0440,Restaurant_11,Mohali,Phase 7,4,1120,0.0,30,1150,UPI,Website,Delivered,Shiprocket,RD144,4.5,40,19.0,True,3.0,
ORD03683,2026-03-16,2026-03-16 21:37:00,C0817,Restaurant_08,Mohali,Phase 5,3,540,0.0,60,600,UPI,Restaurant App,Delivered,Shiprocket,RD102,6.9,50,40.0,True,5.0,
ORD02798,2026-01-31,2026-01-31 04:22:00,C0091,Restaurant_03,Mohali,Phase 5,4,1600,100.0,50,1550,Debit Card,Restaurant App,Delivered,Ola Logistics,RD045,4.4,30,31.0,False,5.0,
ORD02804,2026-01-13,2026-01-13 14:10:00,C0208,Restaurant_05,Chandigarh,Manimajra,2,560,30.0,20,550,Debit Card,Restaurant App,Cancelled,Not Assigned,Not Assigned,0.4,50,,,,Restaurant Delay
ORD01049,2026-03-11,2026-03-11 03:08:00,C0410,Restaurant_02,Panchkula,Sector 15,3,450,50.0,25,425,UPI,Restaurant App,Delivered,In-house Rider,RD039,7.2,35,30.0,True,4.0,
ORD00812,2026-05-14,2026-05-14 10:31:00,C0251,Restaurant_22,Mohali,Sector 68,3,750,75.0,20,695,Debit Card,Restaurant App,Delivered,In-house Rider,RD007,9.5,50,43.0,True,5.0,
ORD02710,2026-04-13,2026-04-13 13:40:00,C0428,Restaurant_25,Panchkula,Sector 5,4,1400,20.0,40,1420,Credit Card,Website,Failed,Not Assigned,Not Assigned,3.0,30,,,,Rider Unavailable
ORD01558,2026-01-04,2026-01-04 18:40:00,C1162,Restaurant_02,Chandigarh,Sector 34,5,1250,100.0,30,1180,UPI,Restaurant App,Delivered,Shiprocket,RD008,5.9,30,27.0,True,5.0,
ORD01064,2026-06-07,2026-06-07 14:10:00,C0194,Restaurant_12,Panchkula,Sector 8,2,500,0.0,60,560,Credit Card,Restaurant App,Delivered,In-house Rider,RD020,5.6,35,21.0,True,1.0,
ORD03155,2026-02-06,2026-02-06 05:55:00,C0265,Restaurant_16,Chandigarh,Sector 22,1,180,20.0,25,185,Credit Card,Restaurant App,Delivered,In-house Rider,RD142,2.8,45,28.0,True,5.0,
ORD02304,2026-02-11,2026-02-11 09:58:00,C0393,Restaurant_21,Panchkula,Sector 8,5,900,50.0,50,900,UPI,Website,Delivered,Shadowfax,RD016,4.5,35,27.0,True,5.0,
ORD02983,2026-02-16,2026-02-16 14:17:00,C0212,Restaurant_17,Panchkula,Sector 8,1,250,0.0,40,290,Debit Card,Restaurant App,Cancelled,Not Assigned,Not Assigned,7.6,30,,,,Payment Failed
ORD00870,2026-06-23,2026-06-23 19:53:00,C0968,Restaurant_13,Panchkula,Sector 8,3,1050,,40,1090,Cash,Website,Cancelled,Not Assigned,Not Assigned,,40,,,,Customer Cancelled
ORD03849,2026-03-14,2026-03-14 16:23:00,C0529,Restaurant_20,Mohali,Phase 3B2,4,1400,0.0,50,1450,Cash,Restaurant App,Delivered,Shiprocket,RD111,4.4,40,34.0,True,4.0,
ORD00893,2026-02-05,2026-02-05 11:03:00,C0735,Restaurant_22,Panchkula,Sector 11,3,660,30.0,25,655,Wallet,Website,Delivered,Shiprocket,RD033,6.9,40,34.0,True,5.0,
ORD02922,2026-05-12,2026-05-12 14:35:00,C0127,Restaurant_08,Panchkula,Sector 11,1,280,100.0,40,220,Credit Card,Website,Delivered,In-house Rider,RD018,6.5,40,29.0,True,5.0,
ORD02662,2026-03-11,2026-03-11 09:51:00,C0524,Restaurant_14,Panchkula,Sector 11,3,840,75.0,40,805,Cash,Restaurant App,Cancelled,Not Assigned,Not Assigned,5.1,50,,,,Restaurant Delay
ORD01404,2026-05-30,2026-05-30 09:23:00,C0010,Restaurant_13,Mohali,Phase 3B2,2,240,0.0,30,270,Cash,Restaurant App,Delivered,In-house Rider,RD128,4.6,40,33.0,True,1.0,
ORD01101,2026-05-24,2026-05-24 10:43:00,C0972,Restaurant_01,Panchkula,Sector 8,3,360,75.0,40,325,Credit Card,Restaurant App,Delivered,In-house Rider,RD123,4.5,45,30.0,True,5.0,
ORD02437,2026-05-02,2026-05-02 22:36:00,C0181,Restaurant_09,Chandigarh,Sector 35,4,1600,100.0,20,1520,Cash,Restaurant App,Delivered,Shadowfax,RD081,2.4,45,24.0,True,5.0,
ORD02985,2026-04-17,2026-04-17 05:58:00,C0327,Restaurant_11,Mohali,Phase 7,3,1050,0.0,20,1070,UPI,Website,Cancelled,Not Assigned,Not Assigned,3.9,40,,,,Customer Cancelled
ORD02455,2026-05-17,2026-05-17 14:40:00,C0375,Restaurant_15,Mohali,Phase 3B2,2,640,0.0,40,680,Debit Card,Website,Delivered,In-house Rider,RD091,7.3,50,41.0,True,5.0,
ORD01316,2026-01-11,2026-01-11 23:02:00,C1063,Restaurant_15,Chandigarh,Sector 22,3,1050,0.0,50,1100,Credit Card,Restaurant App,Delivered,Shiprocket,RD068,9.4,50,53.0,False,5.0,
ORD02843,2026-05-16,2026-05-16 21:09:00,C1028,Restaurant_14,Panchkula,Sector 11,2,800,30.0,25,795,Wallet,Restaurant App,Delivered,In-house Rider,RD137,2.8,35,27.0,True,2.0,
ORD02764,2026-06-03,2026-06-03 01:44:00,C1088,Restaurant_01,Panchkula,Sector 8,1,150,50.0,30,130,Cash,Restaurant App,Delivered,Shadowfax,RD046,6.0,45,28.0,True,5.0,
ORD01135,2026-01-01,2026-01-01 06:50:00,C0532,Restaurant_15,Mohali,Sector 68,4,1280,0.0,50,1330,Credit Card,Website,Delivered,In-house Rider,RD019,8.6,50,47.0,True,5.0,
ORD01649,2026-01-07,2026-01-07 20:08:00,C0173,Restaurant_06,Panchkula,Sector 11,2,700,30.0,20,690,Debit Card,Website,Delivered,In-house Rider,RD084,1.5,35,23.0,True,5.0,
ORD01024,2026-04-06,2026-04-06 09:18:00,C1106,Restaurant_06,Chandigarh,Manimajra,1,350,30.0,20,340,Cash,Website,Delivered,Shadowfax,RD096,1.2,35,14.0,True,4.0,
ORD03104,2026-02-15,2026-02-15 19:28:00,C0273,Restaurant_06,Mohali,Phase 3B2,5,600,20.0,30,610,Debit Card,Restaurant App,Failed,Not Assigned,Not Assigned,5.5,35,,,,Customer Cancelled
ORD03744,2026-01-19,2026-01-19 13:21:00,C0444,Restaurant_03,Panchkula,Sector 11,3,450,0.0,50,500,Wallet,Website,Delivered,Ola Logistics,RD133,8.0,30,38.0,False,5.0,
ORD00247,2026-06-14,2026-06-14 10:43:00,C0964,Restaurant_19,Panchkula,Sector 5,1,250,50.0,50,250,Cash,Website,Delivered,Shadowfax,RD030,4.0,35,22.0,True,5.0,
ORD00146,2026-02-08,2026-02-08 09:34:00,C0553,Restaurant_17,Panchkula,Sector 11,1,220,50.0,40,210,Wallet,Restaurant App,Delivered,In-house Rider,RD139,6.6,45,34.0,True,5.0,
ORD00796,2026-01-02,2026-01-02 16:18:00,C0423,Restaurant_05,Panchkula,Sector 11,2,700,75.0,30,655,Wallet,Website,Delivered,Shadowfax,RD145,1.7,30,26.0,True,5.0,
ORD03201,2026-03-17,2026-03-17 04:54:00,C0586,Restaurant_04,Mohali,Sector 68,4,1000,0.0,40,1040,Cash,Website,Delivered,In-house Rider,RD071,2.6,45,28.0,True,4.0,
ORD00590,2026-06-02,2026-06-02 08:50:00,C0706,Restaurant_21,Mohali,Phase 5,4,720,100.0,20,640,Debit Card,Restaurant App,Delivered,In-house Rider,RD148,8.8,30,31.0,False,5.0,
ORD02671,2026-02-05,2026-02-05 09:28:00,C0257,Restaurant_23,Panchkula,Sector 8,3,1200,0.0,25,1225,UPI,Website,Delivered,In-house Rider,RD137,10.1,30,88.0,False,5.0,
ORD00074,2026-03-08,2026-03-08 02:59:00,C0283,Restaurant_20,Panchkula,Sector 5,3,1200,0.0,30,1230,Wallet,Website,Delivered,In-house Rider,RD119,8.5,35,38.0,False,5.0,
ORD00461,2026-05-21,2026-05-21 22:06:00,C0259,Restaurant_10,Chandigarh,Sector 17,4,1120,100.0,50,1070,Wallet,Restaurant App,Failed,Not Assigned,Not Assigned,7.1,45,,,,Rider Unavailable
ORD00487,2026-03-11,2026-03-11 22:17:00,C1187,Restaurant_10,Chandigarh,Sector 34,3,960,20.0,30,970,UPI,Website,Delivered,In-house Rider,RD074,3.0,45,25.0,True,3.0,
ORD00447,2026-01-21,2026-01-21 17:58:00,C0375,Restaurant_04,Panchkula,Sector 8,2,300,30.0,20,290,UPI,Restaurant App,Delivered,Shadowfax,RD146,3.8,40,25.0,True,5.0,
ORD02139,2026-05-29,2026-05-29 01:41:00,C0497,Restaurant_02,Panchkula,Sector 15,4,1120,0.0,30,1150,Cash,Restaurant App,Delivered,In-house Rider,RD075,9.3,35,40.0,False,4.0,
ORD01230,2026-02-25,2026-02-25 00:13:00,C0806,Restaurant_25,Mohali,Sector 68,4,480,30.0,25,475,Credit Card,Restaurant App,Delivered,Ola Logistics,RD135,2.5,30,20.0,True,4.0,
ORD00493,2026-03-30,2026-03-30 00:03:00,C1033,Restaurant_12,Mohali,Sector 68,4,1000,75.0,20,945,Credit Card,Website,Delivered,In-house Rider,RD053,7.1,50,38.0,True,4.0,
ORD00171,2026-04-06,2026-04-06 14:35:00,C0299,Restaurant_17,Mohali,Phase 7,5,1250,20.0,40,1270,Debit Card,Website,Delivered,Ola Logistics,RD119,5.4,30,36.0,False,5.0,
ORD03866,2026-02-04,2026-02-04 03:24:00,C1021,Restaurant_05,Chandigarh,Sector 35,5,1400,,20,1370,UPI,Website,Delivered,In-house Rider,RD011,,30,35.0,False,,
ORD02105,2026-05-08,2026-05-08 10:27:00,C0839,Restaurant_20,Panchkula,Sector 5,1,150,100.0,20,80,Cash,Restaurant App,Delivered,In-house Rider,RD047,1.1,30,16.0,True,5.0,
ORD02453,2026-05-10,2026-05-10 12:51:00,C0037,Restaurant_11,Mohali,Phase 5,4,880,20.0,50,910,UPI,Website,Delivered,In-house Rider,RD139,4.0,40,26.0,True,5.0,
ORD01266,2026-06-04,2026-06-04 04:53:00,C0811,Restaurant_24,Panchkula,Sector 15,1,400,20.0,30,410,Cash,Website,Delivered,In-house Rider,RD122,4.1,35,21.0,True,5.0,
ORD02648,2026-01-18,2026-01-18 00:21:00,C0930,Restaurant_24,Chandigarh,Sector 22,2,440,30.0,40,450,Wallet,Restaurant App,Delivered,In-house Rider,RD027,6.8,30,107.0,False,3.0,
ORD01016,2026-04-13,2026-04-13 02:22:00,C1064,Restaurant_13,Mohali,Phase 5,2,560,30.0,20,550,Wallet,Website,Delivered,Ola Logistics,RD005,4.6,30,45.0,False,5.0,
ORD03419,2026-03-16,2026-03-16 15:41:00,C0190,Restaurant_12,Panchkula,Sector 15,2,700,100.0,30,630,Credit Card,Restaurant App,Delivered,Ola Logistics,RD135,3.4,30,16.0,True,4.0,
ORD00098,2026-04-30,2026-04-30 16:17:00,C1072,Restaurant_10,Mohali,Phase 7,4,600,50.0,20,570,Debit Card,Website,Delivered,In-house Rider,RD105,2.7,45,22.0,True,5.0,
ORD02875,2026-03-13,2026-03-13 11:14:00,C0852,Restaurant_18,Chandigarh,Sector 35,3,540,30.0,60,570,Debit Card,Restaurant App,Delivered,In-house Rider,RD107,4.5,45,27.0,True,2.0,
ORD03189,2026-04-20,2026-04-20 03:37:00,C0007,Restaurant_19,Mohali,Phase 3B2,3,360,20.0,50,390,Debit Card,Restaurant App,Failed,Not Assigned,Not Assigned,4.2,35,,,,Address Issue
ORD03274,2026-05-15,2026-05-15 22:33:00,C1160,Restaurant_05,Mohali,Phase 3B2,2,800,20.0,25,805,Debit Card,Website,Cancelled,Not Assigned,Not Assigned,4.9,45,,,,Address Issue
ORD03878,2026-06-17,2026-06-17 14:56:00,C0709,Restaurant_12,Chandigarh,Sector 22,2,300,0.0,30,330,Credit Card,Website,Delivered,Ola Logistics,RD109,7.4,40,36.0,True,4.0,
ORD02528,2026-01-03,2026-01-03 14:02:00,C0556,Restaurant_07,Mohali,Phase 3B2,5,1750,100.0,60,1710,Debit Card,Restaurant App,Delivered,In-house Rider,RD107,6.4,45,27.0,True,5.0,
ORD02372,2026-03-27,2026-03-27 11:26:00,C0117,Restaurant_12,Chandigarh,Sector 34,5,1400,50.0,40,1390,UPI,Restaurant App,Failed,Not Assigned,Not Assigned,4.0,45,,,,Customer Cancelled
ORD01218,2026-01-21,2026-01-21 16:34:00,C0612,Restaurant_02,Panchkula,Sector 5,3,360,100.0,60,320,UPI,Restaurant App,Delivered,In-house Rider,RD106,8.5,30,45.0,False,4.0,
ORD01773,2026-01-24,2026-01-24 21:01:00,C0104,Restaurant_02,Panchkula,Sector 15,3,360,30.0,30,360,Credit Card,Restaurant App,Delivered,Shadowfax,RD036,2.7,50,18.0,True,4.0,
ORD01468,2026-03-19,2026-03-19 13:13:00,C0403,Restaurant_24,Mohali,Sector 68,3,750,0.0,30,780,Cash,Website,Delivered,Shadowfax,RD096,2.8,50,20.0,True,3.0,
ORD01750,2026-03-03,2026-03-03 20:48:00,C0654,Restaurant_12,Panchkula,Sector 8,3,960,0.0,60,1020,Cash,Website,Delivered,In-house Rider,RD015,3.7,35,27.0,True,5.0,
ORD03794,2026-02-23,2026-02-23 17:19:00,C0040,Restaurant_17,Mohali,Phase 3B2,1,250,100.0,25,175,Cash,Website,Delivered,Shadowfax,RD036,7.1,50,36.0,True,4.0,
ORD01479,2026-05-17,2026-05-17 05:09:00,C0976,Restaurant_11,Panchkula,Sector 11,4,1600,0.0,20,1620,Wallet,Website,Delivered,In-house Rider,RD050,5.5,50,35.0,True,5.0,
ORD03601,2026-05-27,2026-05-27 15:28:00,C0496,Restaurant_17,Chandigarh,Sector 22,1,400,0.0,40,440,Credit Card,Restaurant App,Delivered,Shiprocket,RD146,8.1,40,43.0,False,4.0,
ORD03781,2026-03-19,2026-03-19 06:10:00,C0949,Restaurant_14,Mohali,Phase 7,5,1750,100.0,30,1680,UPI,Website,Delivered,Shadowfax,RD102,6.0,45,28.0,True,5.0,
ORD03623,2026-03-08,2026-03-08 21:22:00,C0300,Restaurant_08,Mohali,Phase 7,3,1200,50.0,60,1210,Debit Card,Website,Delivered,Shadowfax,RD097,4.3,40,32.0,True,3.0,
ORD01891,2026-03-20,2026-03-20 22:41:00,C0609,Restaurant_18,Panchkula,Sector 11,4,1600,0.0,50,1650,Wallet,Website,Delivered,In-house Rider,RD111,1.0,40,17.0,True,3.0,
ORD00099,2026-05-11,2026-05-11 15:56:00,C0700,Restaurant_19,Chandigarh,Manimajra,3,960,0.0,30,990,Cash,Restaurant App,Delivered,In-house Rider,RD052,3.4,35,25.0,True,5.0,
ORD03141,2026-04-26,2026-04-26 18:01:00,C0631,Restaurant_19,Chandigarh,Sector 17,3,750,0.0,50,800,Wallet,Restaurant App,Delivered,In-house Rider,RD131,6.7,50,40.0,True,1.0,
ORD02473,2026-04-12,2026-04-12 02:53:00,C1192,Restaurant_10,Chandigarh,Sector 35,5,1100,0.0,60,1160,Credit Card,Restaurant App,Delivered,Shiprocket,RD125,0.8,30,17.0,True,4.0,
ORD02345,2026-05-21,2026-05-21 19:56:00,C0454,Restaurant_09,Mohali,Phase 3B2,2,700,0.0,50,750,Credit Card,Restaurant App,Delivered,In-house Rider,RD083,7.1,50,39.0,True,5.0,
ORD02786,2026-04-03,2026-04-03 01:50:00,C0782,Restaurant_09,Chandigarh,Sector 22,3,1050,0.0,50,1100,Debit Card,Website,Failed,Not Assigned,Not Assigned,2.7,45,,,,Rider Unavailable
ORD00348,2026-04-17,2026-04-17 02:02:00,C0215,Restaurant_10,Panchkula,Sector 8,2,240,30.0,50,260,Cash,Website,Cancelled,Not Assigned,Not Assigned,7.3,30,,,,Customer Cancelled
ORD02951,2026-06-19,2026-06-19 09:54:00,C1111,Restaurant_11,Panchkula,Sector 11,2,440,100.0,30,370,Wallet,Website,Delivered,Shiprocket,RD054,4.8,50,38.0,True,5.0,
ORD00602,2026-03-21,2026-03-21 21:40:00,C0046,Restaurant_17,Chandigarh,Sector 22,1,250,20.0,25,255,Cash,Website,Delivered,In-house Rider,RD018,4.0,35,32.0,True,3.0,
ORD03048,2026-03-18,2026-03-18 16:05:00,C0589,Restaurant_16,Panchkula,Sector 11,4,600,100.0,60,560,UPI,Website,Delivered,Shiprocket,RD012,2.6,40,21.0,True,,
ORD03222,2026-04-15,2026-04-15 04:39:00,C1071,Restaurant_01,Chandigarh,Sector 35,3,1050,0.0,25,1075,Wallet,Restaurant App,Delivered,Shadowfax,RD123,1.9,35,17.0,True,4.0,
ORD00396,2026-04-20,2026-04-20 05:09:00,C0797,Restaurant_12,Panchkula,Sector 8,2,640,75.0,30,595,Wallet,Website,Failed,Not Assigned,Not Assigned,6.0,35,,,,Rider Unavailable
ORD00427,2026-06-25,2026-06-25 13:37:00,C0369,Restaurant_25,Chandigarh,Manimajra,1,350,20.0,40,370,Cash,Website,Delivered,In-house Rider,RD032,2.5,35,19.0,True,5.0,
ORD00022,2026-04-10,2026-04-10 02:57:00,C0723,Restaurant_10,Panchkula,Sector 5,2,700,0.0,25,725,Debit Card,Restaurant App,Delivered,In-house Rider,RD091,7.0,30,34.0,False,4.0,
ORD01584,2026-03-12,2026-03-12 08:51:00,C0356,Restaurant_07,Chandigarh,Sector 35,4,480,50.0,30,460,UPI,Restaurant App,Delivered,Shadowfax,RD106,3.9,30,37.0,False,5.0,
ORD03598,2026-03-10,2026-03-10 06:03:00,C0175,Restaurant_06,Mohali,Phase 5,2,640,0.0,60,700,Cash,Restaurant App,Delivered,In-house Rider,RD006,2.8,50,11.0,True,5.0,
ORD03604,2026-03-22,2026-03-22 14:32:00,C1138,Restaurant_08,Chandigarh,Sector 17,4,600,50.0,50,600,Debit Card,Website,Delivered,In-house Rider,RD051,1.6,40,24.0,True,5.0,
ORD01039,2026-01-15,2026-01-15 04:04:00,C0214,Restaurant_02,Chandigarh,Sector 35,2,360,30.0,20,350,Cash,Restaurant App,Delivered,In-house Rider,RD070,0.8,35,24.0,True,1.0,
ORD02301,2026-02-15,2026-02-15 12:41:00,C0544,Restaurant_03,Chandigarh,Sector 34,1,280,0.0,40,320,Wallet,Website,Delivered,Ola Logistics,RD123,2.6,40,14.0,True,4.0,
ORD02287,2026-04-30,2026-04-30 01:27:00,C0866,Restaurant_10,Mohali,Sector 68,4,1120,30.0,50,1140,Credit Card,Restaurant App,Failed,Not Assigned,Not Assigned,8.0,45,,,,Restaurant Delay
ORD01865,2026-02-05,2026-02-05 22:49:00,C0920,Restaurant_05,Mohali,Phase 7,5,1600,30.0,20,1590,UPI,Restaurant App,Delivered,Shiprocket,RD016,4.6,45,23.0,True,4.0,
ORD01145,2026-03-31,2026-03-31 16:50:00,C1182,Restaurant_11,Mohali,Phase 7,1,120,20.0,25,125,Credit Card,Website,Failed,Not Assigned,Not Assigned,6.5,40,,,,Rider Unavailable
ORD00845,2026-05-21,2026-05-21 09:54:00,C0694,Restaurant_15,Chandigarh,Manimajra,5,1250,75.0,25,1200,UPI,Website,Delivered,In-house Rider,RD096,6.8,50,39.0,True,2.0,
ORD03358,2026-05-20,2026-05-20 20:06:00,C0782,Restaurant_18,Chandigarh,Sector 17,3,960,0.0,20,980,Cash,Restaurant App,Delivered,In-house Rider,RD076,7.3,40,43.0,False,1.0,
ORD02894,2026-03-04,2026-03-04 18:09:00,C0612,Restaurant_22,Mohali,Phase 5,2,360,75.0,60,345,Credit Card,Restaurant App,Delivered,In-house Rider,RD008,1.4,40,23.0,True,5.0,
ORD02603,2026-05-18,2026-05-18 20:32:00,C1055,Restaurant_13,Mohali,Phase 7,3,1050,0.0,30,1080,Cash,Restaurant App,Delivered,Shadowfax,RD141,5.7,35,18.0,True,5.0,
ORD01221,2026-02-16,2026-02-16 23:18:00,C0785,Restaurant_06,Mohali,Phase 7,2,640,50.0,50,640,Credit Card,Website,Delivered,In-house Rider,RD007,4.6,45,28.0,True,5.0,
ORD03418,2026-01-02,2026-01-02 22:47:00,C1193,Restaurant_03,Chandigarh,Sector 34,1,350,20.0,30,360,Credit Card,Restaurant App,Delivered,Shadowfax,RD014,4.9,50,26.0,True,4.0,
ORD02594,2026-01-13,2026-01-13 02:26:00,C0323,Restaurant_19,Panchkula,Sector 8,3,540,30.0,50,560,Debit Card,Restaurant App,Delivered,In-house Rider,RD070,3.3,45,17.0,True,4.0,
ORD00251,2026-05-18,2026-05-18 21:18:00,C0141,Restaurant_20,Mohali,Phase 5,2,500,30.0,60,530,Cash,Website,Delivered,Shiprocket,RD060,5.4,45,24.0,True,5.0,
ORD00740,2026-03-19,2026-03-19 19:00:00,C0280,Restaurant_05,Mohali,Sector 68,4,720,20.0,20,720,UPI,Restaurant App,Cancelled,Not Assigned,Not Assigned,7.1,35,,,,Customer Cancelled
ORD00965,2026-04-29,2026-04-29 23:10:00,C0598,Restaurant_21,Chandigarh,Manimajra,5,900,0.0,20,920,Credit Card,Restaurant App,Delivered,Shadowfax,RD039,7.2,45,34.0,True,5.0,
ORD01670,2026-01-29,2026-01-29 05:27:00,C0537,Restaurant_08,Chandigarh,Manimajra,3,750,30.0,50,770,UPI,Restaurant App,Delivered,Ola Logistics,RD014,3.9,50,32.0,True,4.0,
ORD02247,2026-05-04,2026-05-04 08:05:00,C0582,Restaurant_11,Mohali,Phase 5,2,500,0.0,60,560,Wallet,Restaurant App,Delivered,In-house Rider,RD059,8.8,30,46.0,False,5.0,
ORD03485,2026-06-11,2026-06-11 10:23:00,C1054,Restaurant_18,Chandigarh,Sector 35,4,880,100.0,50,830,UPI,Website,Delivered,In-house Rider,RD046,3.7,35,30.0,True,5.0,
ORD01510,2026-04-16,2026-04-16 07:20:00,C0240,Restaurant_23,Chandigarh,Sector 17,1,150,30.0,40,160,Credit Card,Restaurant App,Delivered,In-house Rider,RD115,8.4,30,31.0,False,5.0,
ORD03503,2026-04-03,2026-04-03 20:56:00,C0151,Restaurant_18,Mohali,Phase 5,4,480,0.0,40,520,Credit Card,Website,Delivered,Ola Logistics,RD094,5.9,35,35.0,True,5.0,
ORD02946,2026-01-21,2026-01-21 09:32:00,C0521,Restaurant_01,Panchkula,Sector 5,4,880,0.0,30,910,Debit Card,Restaurant App,Delivered,Shadowfax,RD096,5.5,50,43.0,True,5.0,
ORD03206,2026-04-07,2026-04-07 20:02:00,C0781,Restaurant_02,Chandigarh,Sector 35,5,900,100.0,50,850,Cash,Restaurant App,Delivered,Shadowfax,RD013,7.1,45,30.0,True,4.0,
ORD03737,2026-04-29,2026-04-29 19:05:00,C0183,Restaurant_10,Panchkula,Sector 8,3,360,20.0,40,380,UPI,Restaurant App,Delivered,In-house Rider,RD015,6.4,45,40.0,True,5.0,
ORD01315,2026-03-08,2026-03-08 02:51:00,C0932,Restaurant_23,Panchkula,Sector 15,4,1600,100.0,20,1520,Cash,Website,Delivered,In-house Rider,RD107,7.4,40,36.0,True,5.0,
ORD03038,2026-03-31,2026-03-31 08:54:00,C0047,Restaurant_22,Panchkula,Sector 15,1,180,75.0,30,135,Credit Card,Restaurant App,Cancelled,Not Assigned,Not Assigned,6.8,45,,,,Restaurant Delay
ORD01847,2026-02-11,2026-02-11 04:54:00,C0398,Restaurant_12,Mohali,Phase 7,2,440,75.0,50,415,Credit Card,Website,Delivered,In-house Rider,RD099,4.0,45,30.0,True,5.0,
ORD03089,2026-04-01,2026-04-01 12:51:00,C0892,Restaurant_18,Chandigarh,Sector 34,2,360,75.0,20,305,UPI,Restaurant App,Delivered,In-house Rider,RD082,3.4,45,29.0,True,5.0,
ORD01183,2026-06-21,2026-06-21 05:05:00,C0490,Restaurant_15,Panchkula,Sector 11,1,350,50.0,60,360,Credit Card,Website,Delivered,In-house Rider,RD139,0.8,35,22.0,True,3.0,
ORD00244,2026-06-07,2026-06-07 06:08:00,C0702,Restaurant_08,Chandigarh,Sector 34,1,400,75.0,30,355,Cash,Restaurant App,Delivered,Shadowfax,RD023,3.8,35,11.0,True,5.0,
ORD00067,2026-06-21,2026-06-21 05:15:00,C0779,Restaurant_23,Chandigarh,Sector 35,3,660,75.0,40,625,Credit Card,Website,Delivered,Ola Logistics,RD017,3.4,40,28.0,True,5.0,
ORD00659,2026-02-13,2026-02-13 06:24:00,C0025,Restaurant_17,Mohali,Phase 7,2,440,50.0,20,410,UPI,Restaurant App,Delivered,In-house Rider,RD106,5.4,35,30.0,True,5.0,
ORD00934,2026-01-27,2026-01-27 16:49:00,C0851,Restaurant_10,Panchkula,Sector 11,1,350,0.0,20,370,Credit Card,Website,Cancelled,Not Assigned,Not Assigned,3.5,30,,,,Restaurant Delay
ORD02408,2026-01-19,2026-01-19 01:17:00,C1033,Restaurant_22,Panchkula,Sector 15,4,600,75.0,20,545,Cash,Website,Failed,Not Assigned,Not Assigned,2.7,40,,,,Restaurant Delay
ORD02144,2026-06-21,2026-06-21 16:37:00,C0335,Restaurant_14,Mohali,Phase 3B2,2,240,100.0,30,170,Credit Card,Restaurant App,Failed,Not Assigned,Not Assigned,4.1,45,,,,Customer Cancelled
ORD01656,2026-01-22,2026-01-22 14:21:00,C1086,Restaurant_11,Panchkula,Sector 15,3,1050,0.0,60,1110,UPI,Website,Delivered,Ola Logistics,RD042,2.8,45,20.0,True,5.0,
ORD01529,2026-02-05,2026-02-05 09:30:00,C1179,Restaurant_12,Panchkula,Sector 5,5,1250,30.0,60,1280,Debit Card,Website,Delivered,In-house Rider,RD029,5.1,40,40.0,True,4.0,
ORD01497,2026-02-07,2026-02-07 14:20:00,C0276,Restaurant_24,Mohali,Phase 5,1,280,0.0,30,310,Wallet,Website,Cancelled,Not Assigned,Not Assigned,1.0,30,,,,Payment Failed
ORD03957,2026-05-11,2026-05-11 01:38:00,C0338,Restaurant_12,Chandigarh,Sector 22,2,560,50.0,60,570,Cash,Website,Delivered,Shadowfax,RD068,9.8,30,49.0,False,4.0,
ORD03650,2026-06-02,2026-06-02 17:23:00,C0654,Restaurant_25,Mohali,Phase 3B2,1,250,75.0,40,215,UPI,Website,Delivered,Shadowfax,RD053,7.6,40,40.0,True,5.0,
ORD03975,2026-05-08,2026-05-08 20:44:00,C0158,Restaurant_23,Chandigarh,Sector 22,5,1100,50.0,25,1075,Debit Card,Restaurant App,Delivered,In-house Rider,RD080,11.6,45,54.0,False,4.0,
ORD02570,2026-02-15,2026-02-15 08:29:00,C1171,Restaurant_07,Mohali,Sector 68,1,150,50.0,40,140,Credit Card,Website,Cancelled,Not Assigned,Not Assigned,4.1,30,,,,Address Issue
ORD01345,2026-05-22,2026-05-22 01:53:00,C0792,Restaurant_03,Chandigarh,Sector 22,3,750,20.0,20,750,UPI,Restaurant App,Delivered,In-house Rider,RD141,4.5,50,10.0,True,5.0,
ORD01555,2026-01-25,2026-01-25 18:54:00,C1197,Restaurant_15,Chandigarh,Sector 34,1,400,20.0,30,410,Debit Card,Website,Delivered,In-house Rider,RD126,6.2,50,31.0,True,4.0,
ORD01433,2026-06-27,2026-06-27 05:22:00,C0008,Restaurant_21,Chandigarh,Sector 34,3,360,50.0,60,370,Cash,Restaurant App,Delivered,Ola Logistics,RD100,2.2,40,24.0,True,4.0,
ORD03023,2026-04-21,2026-04-21 01:31:00,C0164,Restaurant_23,Panchkula,Sector 15,2,700,100.0,60,660,UPI,Restaurant App,Delivered,Shadowfax,RD115,3.5,30,35.0,False,3.0,
ORD02714,2026-04-02,2026-04-02 11:30:00,C0256,Restaurant_05,Chandigarh,Sector 17,4,1600,0.0,20,1620,Debit Card,Restaurant App,Failed,Not Assigned,Not Assigned,2.3,50,,,,Restaurant Delay
ORD00362,2026-01-05,2026-01-05 10:01:00,C0607,Restaurant_17,Mohali,Phase 7,2,700,50.0,60,710,Debit Card,Website,Delivered,In-house Rider,RD112,6.2,30,31.0,False,4.0,
ORD01457,2026-02-16,2026-02-16 13:40:00,C0841,Restaurant_17,Chandigarh,Manimajra,3,1200,0.0,50,1250,Debit Card,Website,Delivered,In-house Rider,RD144,5.2,40,26.0,True,5.0,
ORD03504,2026-02-05,2026-02-05 12:14:00,C0390,Restaurant_20,Mohali,Phase 3B2,3,540,50.0,30,520,Debit Card,Restaurant App,Delivered,Shadowfax,RD055,2.8,30,18.0,True,4.0,
ORD00485,2026-05-22,2026-05-22 22:39:00,C0757,Restaurant_05,Chandigarh,Sector 34,5,1600,50.0,30,1580,UPI,Restaurant App,Delivered,Shadowfax,RD060,3.8,35,26.0,True,5.0,
ORD03224,2026-04-15,2026-04-15 14:35:00,C1052,Restaurant_23,Panchkula,Sector 8,3,960,0.0,60,1020,UPI,Restaurant App,Delivered,Ola Logistics,RD118,5.4,45,17.0,True,5.0,
ORD03400,2026-02-08,2026-02-08 04:39:00,C0472,Restaurant_02,Mohali,Phase 5,4,480,100.0,25,405,Wallet,Restaurant App,Delivered,Shadowfax,RD071,4.7,30,31.0,False,3.0,
ORD03329,2026-02-28,2026-02-28 17:32:00,C0781,Restaurant_02,Mohali,Phase 5,1,120,0.0,60,180,Credit Card,Website,Delivered,Shiprocket,RD146,9.1,35,40.0,False,5.0,
ORD02360,2026-04-22,2026-04-22 21:02:00,C0658,Restaurant_03,Chandigarh,Sector 17,4,880,20.0,60,920,UPI,Restaurant App,Delivered,In-house Rider,RD140,3.7,40,30.0,True,4.0,
ORD03736,2026-06-01,2026-06-01 09:10:00,C0863,Restaurant_14,Chandigarh,Sector 35,4,480,50.0,25,455,UPI,Website,Delivered,In-house Rider,RD066,4.0,40,28.0,True,5.0,
ORD03377,2026-03-20,2026-03-20 01:44:00,C0158,Restaurant_19,Chandigarh,Sector 34,3,750,20.0,30,760,Credit Card,Website,Delivered,Ola Logistics,RD062,7.4,50,38.0,True,5.0,
ORD01809,2026-04-25,2026-04-25 11:38:00,C0985,Restaurant_12,Chandigarh,Manimajra,2,640,20.0,60,680,Credit Card,Website,Delivered,Shadowfax,RD132,5.3,40,29.0,True,4.0,
ORD02891,2026-06-12,2026-06-12 01:09:00,C0522,Restaurant_08,Mohali,Sector 68,2,560,30.0,60,590,Debit Card,Restaurant App,Delivered,Ola Logistics,RD145,1.2,35,11.0,True,5.0,
ORD02462,2026-01-08,2026-01-08 17:55:00,C0930,Restaurant_20,Chandigarh,Sector 35,2,500,0.0,50,550,Debit Card,Website,Delivered,Ola Logistics,RD060,4.0,45,24.0,True,4.0,
ORD01158,2026-06-02,2026-06-02 20:31:00,C0202,Restaurant_02,Panchkula,Sector 5,5,1400,75.0,25,1350,Credit Card,Restaurant App,Failed,Not Assigned,Not Assigned,2.4,40,,,,Address Issue
ORD02080,2026-04-29,2026-04-29 00:58:00,C1110,Restaurant_16,Chandigarh,Sector 17,2,240,0.0,50,290,UPI,Website,Failed,Not Assigned,Not Assigned,4.2,30,,,,Restaurant Delay
ORD00766,2026-05-30,2026-05-30 18:57:00,C0358,Restaurant_23,Panchkula,Sector 15,2,300,50.0,50,300,Wallet,Website,Delivered,In-house Rider,RD112,4.6,50,29.0,True,4.0,
ORD01807,2026-01-08,2026-01-08 18:53:00,C0465,Restaurant_20,Panchkula,Sector 5,3,660,30.0,40,670,Wallet,Website,Delivered,Shadowfax,RD023,4.1,35,34.0,True,5.0,
ORD02507,2026-03-27,2026-03-27 12:39:00,C0380,Restaurant_23,Mohali,Phase 3B2,4,880,0.0,25,905,Credit Card,Website,Delivered,Shadowfax,RD080,2.6,35,18.0,True,4.0,
ORD01186,2026-05-30,2026-05-30 14:32:00,C0383,Restaurant_13,Chandigarh,Sector 17,5,1250,,60,1235,Wallet,Website,Delivered,In-house Rider,RD144,,30,35.0,False,,
ORD02388,2026-05-08,2026-05-08 17:11:00,C0078,Restaurant_16,Panchkula,Sector 8,1,180,0.0,25,205,Debit Card,Restaurant App,Delivered,Shadowfax,RD046,2.1,35,13.0,True,3.0,
ORD00287,2026-01-30,2026-01-30 08:13:00,C0736,Restaurant_12,Panchkula,Sector 11,4,1400,50.0,60,1410,Credit Card,Restaurant App,Delivered,In-house Rider,RD125,3.2,30,23.0,True,5.0,
ORD03321,2026-05-01,2026-05-01 09:05:00,C0681,Restaurant_21,Mohali,Phase 7,5,1600,0.0,40,1640,Cash,Website,Cancelled,Not Assigned,Not Assigned,1.9,45,,,,Rider Unavailable
ORD03984,2026-01-31,2026-01-31 18:19:00,C0184,Restaurant_13,Mohali,Phase 3B2,4,1000,30.0,60,1030,Debit Card,Website,Delivered,In-house Rider,RD083,4.7,35,27.0,True,4.0,
ORD00950,2026-03-31,2026-03-31 16:45:00,C0703,Restaurant_23,Chandigarh,Sector 22,1,250,75.0,30,205,Credit Card,Restaurant App,Delivered,In-house Rider,RD070,2.3,45,29.0,True,5.0,
ORD01604,2026-04-17,2026-04-17 17:59:00,C0560,Restaurant_10,Mohali,Phase 3B2,4,880,75.0,50,855,Cash,Website,Delivered,Ola Logistics,RD094,4.4,35,29.0,True,1.0,
ORD00140,2026-03-30,2026-03-30 11:47:00,C0120,Restaurant_23,Mohali,Phase 3B2,5,2000,20.0,40,2020,Credit Card,Website,Delivered,In-house Rider,RD079,5.5,40,25.0,True,5.0,
ORD00849,2026-04-13,2026-04-13 17:45:00,C0555,Restaurant_10,Panchkula,Sector 15,3,450,0.0,20,470,UPI,Website,Cancelled,Not Assigned,Not Assigned,2.8,40,,,,Address Issue
ORD01688,2026-06-04,2026-06-04 12:14:00,C1059,Restaurant_24,Chandigarh,Sector 17,2,640,20.0,30,650,UPI,Restaurant App,Delivered,Ola Logistics,RD015,5.7,35,33.0,True,5.0,
ORD03074,2026-03-23,2026-03-23 21:55:00,C0994,Restaurant_03,Chandigarh,Sector 17,5,1600,100.0,50,1550,Cash,Restaurant App,Delivered,Shiprocket,RD106,3.0,40,16.0,True,4.0,
ORD01761,2026-01-03,2026-01-03 23:05:00,C0525,Restaurant_14,Chandigarh,Sector 35,5,1100,30.0,40,1110,Debit Card,Restaurant App,Delivered,Shadowfax,RD132,4.9,50,18.0,True,5.0,
ORD03280,2026-01-10,2026-01-10 02:00:00,C0442,Restaurant_13,Mohali,Sector 68,5,1750,30.0,40,1760,Wallet,Website,Delivered,Shadowfax,RD078,6.8,35,24.0,True,5.0,
ORD01966,2026-02-14,2026-02-14 21:47:00,C0175,Restaurant_09,Chandigarh,Manimajra,1,400,50.0,40,390,Debit Card,Restaurant App,Cancelled,Not Assigned,Not Assigned,7.6,40,,,,Rider Unavailable
ORD03702,2026-01-23,2026-01-23 18:15:00,C1120,Restaurant_19,Mohali,Phase 5,5,900,30.0,20,890,UPI,Restaurant App,Failed,Not Assigned,Not Assigned,5.6,40,,,,Restaurant Delay
ORD01139,2026-01-09,2026-01-09 03:28:00,C0860,Restaurant_09,Mohali,Sector 68,2,240,0.0,50,290,UPI,Website,Delivered,Shiprocket,RD023,5.9,45,75.0,False,5.0,
ORD02949,2026-03-27,2026-03-27 03:56:00,C0152,Restaurant_07,Mohali,Phase 5,1,350,0.0,60,410,Credit Card,Website,Cancelled,Not Assigned,Not Assigned,2.9,40,,,,Payment Failed
ORD02780,2026-04-08,2026-04-08 23:45:00,C0719,Restaurant_04,Panchkula,Sector 8,2,800,0.0,50,850,Credit Card,Restaurant App,Delivered,In-house Rider,RD102,6.2,50,26.0,True,3.0,
ORD03846,2026-01-07,2026-01-07 10:21:00,C0996,Restaurant_21,Panchkula,Sector 11,2,360,30.0,25,355,Credit Card,Restaurant App,Delivered,In-house Rider,RD115,10.6,45,49.0,False,5.0,
ORD02313,2026-01-05,2026-01-05 16:25:00,C0957,Restaurant_22,Panchkula,Sector 8,4,880,75.0,30,835,Credit Card,Restaurant App,Failed,Not Assigned,Not Assigned,7.7,40,,,,Address Issue
ORD02323,2026-05-08,2026-05-08 14:50:00,C0624,Restaurant_04,Mohali,Phase 7,4,1400,75.0,60,1385,Credit Card,Restaurant App,Delivered,Shadowfax,RD068,2.0,50,25.0,True,5.0,
ORD01944,2026-01-04,2026-01-04 22:18:00,C0445,Restaurant_05,Panchkula,Sector 5,3,1200,0.0,60,1260,Credit Card,Website,Delivered,Shadowfax,RD125,11.1,50,36.0,True,4.0,
ORD03143,2026-05-06,2026-05-06 18:53:00,C0745,Restaurant_21,Panchkula,Sector 8,2,500,75.0,25,450,Credit Card,Restaurant App,Delivered,Shadowfax,RD026,2.8,50,28.0,True,3.0,
ORD01665,2026-03-06,2026-03-06 01:44:00,C1075,Restaurant_11,Panchkula,Sector 15,3,1050,0.0,60,1110,Wallet,Restaurant App,Delivered,Shadowfax,RD092,6.5,35,35.0,True,4.0,
ORD00445,2026-05-13,2026-05-13 00:25:00,C0919,Restaurant_21,Mohali,Phase 3B2,1,350,20.0,60,390,Debit Card,Website,Cancelled,Not Assigned,Not Assigned,1.3,35,,,,Address Issue
ORD02088,2026-03-25,2026-03-25 08:37:00,C0563,Restaurant_06,Chandigarh,Sector 35,3,1050,100.0,20,970,Debit Card,Restaurant App,Delivered,In-house Rider,RD048,4.0,40,28.0,True,5.0,
ORD01123,2026-01-12,2026-01-12 03:49:00,C1020,Restaurant_23,Mohali,Phase 5,1,120,75.0,30,80,Wallet,Restaurant App,Delivered,Shadowfax,RD131,5.9,35,31.0,True,5.0,
ORD01265,2026-03-02,2026-03-02 00:02:00,C0312,Restaurant_13,Panchkula,Sector 8,1,150,0.0,20,170,Credit Card,Restaurant App,Delivered,In-house Rider,RD143,7.8,50,40.0,True,4.0,
ORD02070,2026-04-10,2026-04-10 13:43:00,C0295,Restaurant_10,Mohali,Phase 5,3,540,30.0,25,535,Wallet,Restaurant App,Delivered,Shiprocket,RD075,1.9,30,24.0,True,5.0,
ORD02754,2026-06-04,2026-06-04 03:26:00,C0253,Restaurant_10,Mohali,Phase 7,2,700,20.0,20,700,Debit Card,Website,Delivered,In-house Rider,RD132,6.4,35,50.0,False,4.0,
ORD01439,2026-01-05,2026-01-05 23:25:00,C0434,Restaurant_03,Chandigarh,Manimajra,1,280,0.0,60,340,Wallet,Restaurant App,Delivered,In-house Rider,RD013,3.9,50,28.0,True,3.0,
ORD02566,2026-02-02,2026-02-02 08:17:00,C1013,Restaurant_12,Mohali,Phase 5,1,180,0.0,25,205,UPI,Restaurant App,Delivered,Shadowfax,RD059,6.6,35,38.0,False,5.0,
ORD01174,2026-01-26,2026-01-26 16:46:00,C0550,Restaurant_18,Chandigarh,Sector 22,3,840,0.0,60,900,Cash,Restaurant App,Delivered,Shadowfax,RD087,5.6,50,27.0,True,1.0,
ORD01850,2026-02-08,2026-02-08 22:34:00,C0463,Restaurant_03,Panchkula,Sector 15,2,640,20.0,25,645,Credit Card,Restaurant App,Cancelled,Not Assigned,Not Assigned,4.0,40,,,,Customer Cancelled
ORD01672,2026-02-02,2026-02-02 13:49:00,C0213,Restaurant_16,Panchkula,Sector 5,3,1200,100.0,30,1130,Wallet,Restaurant App,Delivered,In-house Rider,RD011,6.3,50,41.0,True,5.0,
ORD00355,2026-04-05,2026-04-05 18:07:00,C0958,Restaurant_06,Mohali,Phase 7,5,600,20.0,60,640,Credit Card,Website,Delivered,Shadowfax,RD014,7.5,40,112.0,False,4.0,
ORD02346,2026-02-06,2026-02-06 07:34:00,C0552,Restaurant_04,Chandigarh,Sector 35,5,2000,0.0,40,2040,Wallet,Restaurant App,Failed,Not Assigned,Not Assigned,6.8,35,,,,Customer Cancelled
ORD01941,2026-06-22,2026-06-22 02:57:00,C0925,Restaurant_23,Chandigarh,Sector 35,2,700,100.0,40,640,Credit Card,Website,Delivered,In-house Rider,RD034,3.6,40,21.0,True,5.0,
ORD01077,2026-02-21,2026-02-21 22:59:00,C0532,Restaurant_09,Panchkula,Sector 8,5,750,0.0,20,770,Wallet,Restaurant App,Cancelled,Not Assigned,Not Assigned,2.0,45,,,,Payment Failed
ORD02888,2026-05-30,2026-05-30 10:51:00,C0074,Restaurant_20,Mohali,Phase 3B2,1,320,100.0,50,270,Wallet,Restaurant App,Delivered,In-house Rider,RD008,5.6,30,29.0,True,3.0,
ORD03271,2026-05-28,2026-05-28 22:59:00,C1143,Restaurant_15,Mohali,Phase 5,3,540,0.0,60,600,Credit Card,Website,Delivered,Shadowfax,RD112,5.0,45,29.0,True,2.0,
ORD02973,2026-05-13,2026-05-13 02:02:00,C0042,Restaurant_08,Mohali,Phase 5,2,700,50.0,20,670,Wallet,Restaurant App,Cancelled,Not Assigned,Not Assigned,6.0,35,,,,Customer Cancelled
ORD02171,2026-06-21,2026-06-21 13:20:00,C0828,Restaurant_15,Panchkula,Sector 5,4,720,30.0,40,730,Credit Card,Restaurant App,Delivered,In-house Rider,RD012,4.9,50,25.0,True,5.0,
ORD01228,2026-06-11,2026-06-11 23:32:00,C0494,Restaurant_13,Panchkula,Sector 8,3,360,50.0,20,330,Debit Card,Website,Delivered,In-house Rider,RD025,3.7,40,30.0,True,5.0,
ORD01092,2026-05-07,2026-05-07 14:22:00,C1001,Restaurant_05,Panchkula,Sector 8,5,2000,20.0,25,2005,Wallet,Restaurant App,Delivered,Ola Logistics,RD097,1.1,40,16.0,True,5.0,
ORD03296,2026-03-28,2026-03-28 10:55:00,C0910,Restaurant_05,Panchkula,Sector 11,2,800,0.0,60,860,Wallet,Restaurant App,Delivered,Shiprocket,RD027,3.9,40,28.0,True,4.0,
ORD01152,2026-05-05,2026-05-05 00:27:00,C0736,Restaurant_16,Chandigarh,Sector 34,1,320,20.0,30,330,Wallet,Restaurant App,Delivered,Shadowfax,RD150,5.6,50,37.0,True,5.0,
ORD03728,2026-01-16,2026-01-16 20:59:00,C0372,Restaurant_05,Chandigarh,Sector 34,2,240,50.0,40,230,Cash,Website,Cancelled,Not Assigned,Not Assigned,0.3,30,,,,Rider Unavailable
ORD01863,2026-03-15,2026-03-15 06:35:00,C0912,Restaurant_14,Mohali,Phase 7,3,1050,50.0,50,1050,Cash,Restaurant App,Delivered,Ola Logistics,RD058,5.3,50,38.0,True,4.0,
ORD03212,2026-01-29,2026-01-29 11:01:00,C0475,Restaurant_11,Panchkula,Sector 11,2,560,20.0,30,570,Wallet,Website,Delivered,In-house Rider,RD066,5.6,35,24.0,True,5.0,
ORD00418,2026-06-21,2026-06-21 03:25:00,C0324,Restaurant_14,Mohali,Sector 68,1,350,30.0,60,380,UPI,Restaurant App,Delivered,Shadowfax,RD124,1.6,50,26.0,True,4.0,
ORD00967,2026-02-07,2026-02-07 09:55:00,C0059,Restaurant_02,Panchkula,Sector 5,4,1280,30.0,60,1310,Credit Card,Website,Delivered,In-house Rider,RD146,9.3,35,51.0,False,5.0,
ORD01243,2026-06-11,2026-06-11 10:28:00,C0903,Restaurant_05,Panchkula,Sector 5,1,180,75.0,50,155,UPI,Website,Delivered,In-house Rider,RD044,3.7,50,33.0,True,5.0,
ORD01571,2026-05-06,2026-05-06 21:38:00,C0763,Restaurant_02,Mohali,Phase 5,4,1600,75.0,60,1585,UPI,Website,Delivered,In-house Rider,RD002,0.8,50,21.0,True,5.0,
ORD01867,2026-05-05,2026-05-05 08:39:00,C0803,Restaurant_17,Panchkula,Sector 11,5,1250,100.0,50,1200,Debit Card,Website,Delivered,In-house Rider,RD040,6.4,50,34.0,True,4.0,
ORD00158,2026-03-31,2026-03-31 06:15:00,C0506,Restaurant_22,Panchkula,Sector 11,4,880,75.0,50,855,Credit Card,Website,Delivered,In-house Rider,RD126,7.8,35,29.0,True,2.0,
ORD03167,2026-01-09,2026-01-09 15:53:00,C1079,Restaurant_06,Panchkula,Sector 8,2,240,0.0,50,290,Wallet,Restaurant App,Cancelled,Not Assigned,Not Assigned,2.8,45,,,,Restaurant Delay
ORD03328,2026-01-05,2026-01-05 23:23:00,C0072,Restaurant_02,Panchkula,Sector 11,4,600,30.0,25,595,Cash,Website,Delivered,In-house Rider,RD005,6.2,45,74.0,False,2.0,
ORD03664,2026-01-17,2026-01-17 17:04:00,C0289,Restaurant_04,Mohali,Phase 5,3,750,100.0,40,690,Wallet,Restaurant App,Delivered,Shiprocket,RD125,5.7,45,26.0,True,3.0,
ORD03716,2026-04-06,2026-04-06 01:48:00,C0946,Restaurant_21,Panchkula,Sector 11,3,960,100.0,20,880,Cash,Restaurant App,Delivered,In-house Rider,RD111,3.9,35,17.0,True,4.0,
ORD01763,2026-01-31,2026-01-31 07:26:00,C0579,Restaurant_17,Mohali,Sector 68,5,1400,75.0,60,1385,Credit Card,Restaurant App,Delivered,Shadowfax,RD110,2.3,50,14.0,True,4.0,
ORD03112,2026-04-29,2026-04-29 19:35:00,C1152,Restaurant_17,Chandigarh,Sector 34,2,560,0.0,25,585,Credit Card,Restaurant App,Failed,Not Assigned,Not Assigned,4.9,30,,,,Restaurant Delay
ORD01155,2026-04-18,2026-04-18 15:18:00,C0235,Restaurant_17,Chandigarh,Sector 35,3,660,0.0,25,685,UPI,Restaurant App,Delivered,Shadowfax,RD123,3.2,35,25.0,True,5.0,
ORD01279,2026-01-03,2026-01-03 10:38:00,C0116,Restaurant_09,Mohali,Sector 68,3,1200,50.0,40,1190,Wallet,Restaurant App,Delivered,In-house Rider,RD056,7.4,35,52.0,False,5.0,
ORD02238,2026-04-16,2026-04-16 04:26:00,C0476,Restaurant_23,Panchkula,Sector 11,1,150,50.0,25,125,Debit Card,Website,Delivered,In-house Rider,RD068,10.3,50,44.0,True,5.0,
ORD03804,2026-01-05,2026-01-05 14:51:00,C1018,Restaurant_13,Panchkula,Sector 5,2,560,75.0,25,510,UPI,Restaurant App,Delivered,Shadowfax,RD098,5.7,40,28.0,True,4.0,
ORD02638,2026-01-03,2026-01-03 16:43:00,C0710,Restaurant_02,Chandigarh,Sector 35,1,180,0.0,25,205,Debit Card,Restaurant App,Delivered,Ola Logistics,RD079,4.0,35,25.0,True,4.0,
ORD01427,2026-01-12,2026-01-12 21:23:00,C0014,Restaurant_07,Chandigarh,Sector 35,3,750,50.0,40,740,Cash,Website,Delivered,Ola Logistics,RD038,6.2,30,42.0,False,2.0,
ORD00761,2026-01-18,2026-01-18 08:33:00,C1028,Restaurant_10,Chandigarh,Sector 22,5,750,0.0,30,780,Wallet,Website,Delivered,In-house Rider,RD121,3.0,50,19.0,True,5.0,
ORD03111,2026-03-03,2026-03-03 13:31:00,C0631,Restaurant_24,Mohali,Phase 3B2,3,450,75.0,40,415,Wallet,Restaurant App,Delivered,In-house Rider,RD096,5.7,45,41.0,True,4.0,
ORD00243,2026-01-07,2026-01-07 21:26:00,C0166,Restaurant_15,Mohali,Sector 68,4,1120,0.0,60,1180,Credit Card,Website,Cancelled,Not Assigned,Not Assigned,3.5,50,,,,Rider Unavailable
ORD00885,2026-03-13,2026-03-13 23:40:00,C0906,Restaurant_05,Mohali,Sector 68,4,880,0.0,20,900,Debit Card,Website,Delivered,In-house Rider,RD083,4.2,40,35.0,True,5.0,
ORD03426,2026-03-16,2026-03-16 23:55:00,C0054,Restaurant_03,Panchkula,Sector 15,4,600,50.0,50,600,Credit Card,Website,Cancelled,Not Assigned,Not Assigned,7.1,40,,,,Payment Failed
ORD00621,2026-06-04,2026-06-04 10:31:00,C0349,Restaurant_23,Panchkula,Sector 8,1,120,100.0,25,80,UPI,Website,Failed,Not Assigned,Not Assigned,3.5,40,,,,Address Issue
ORD02699,2026-05-04,2026-05-04 20:57:00,C0701,Restaurant_07,Chandigarh,Sector 17,4,1600,75.0,40,1565,Debit Card,Restaurant App,Delivered,Ola Logistics,RD006,7.7,35,38.0,False,2.0,
ORD03607,2026-03-22,2026-03-22 19:50:00,C1117,Restaurant_20,Panchkula,Sector 11,3,450,0.0,40,490,UPI,Restaurant App,Delivered,In-house Rider,RD042,4.1,40,18.0,True,4.0,
ORD02552,2026-06-06,2026-06-06 15:01:00,C0837,Restaurant_10,Chandigarh,Sector 34,2,440,100.0,50,390,Cash,Website,Delivered,In-house Rider,RD032,3.6,40,31.0,True,3.0,
ORD02971,2026-05-22,2026-05-22 23:29:00,C0889,Restaurant_25,Panchkula,Sector 5,5,2000,0.0,25,2025,Cash,Restaurant App,Delivered,In-house Rider,RD112,5.9,40,31.0,True,5.0,
ORD02208,2026-01-06,2026-01-06 17:13:00,C1010,Restaurant_13,Panchkula,Sector 15,3,540,100.0,20,460,Debit Card,Restaurant App,Delivered,Shadowfax,RD011,5.6,40,33.0,True,4.0,
ORD03467,2026-02-12,2026-02-12 06:25:00,C0613,Restaurant_04,Panchkula,Sector 15,4,600,30.0,20,590,Cash,Website,Delivered,In-house Rider,RD121,6.8,45,37.0,True,4.0,
ORD02931,2026-01-12,2026-01-12 12:39:00,C0464,Restaurant_13,Chandigarh,Sector 34,2,440,0.0,30,470,Cash,Website,Delivered,In-house Rider,RD004,5.6,30,24.0,True,5.0,
ORD00538,2026-06-25,2026-06-25 22:14:00,C0855,Restaurant_12,Mohali,Phase 7,5,900,30.0,60,930,UPI,Restaurant App,Delivered,In-house Rider,RD093,9.1,30,42.0,False,3.0,
ORD03768,2026-01-19,2026-01-19 00:53:00,C0746,Restaurant_13,Chandigarh,Sector 35,2,440,30.0,25,435,Credit Card,Website,Delivered,Shadowfax,RD046,4.7,35,23.0,True,4.0,
ORD02289,2026-04-19,2026-04-19 19:32:00,C0034,Restaurant_08,Mohali,Phase 7,5,1100,20.0,25,1105,Cash,Restaurant App,Delivered,In-house Rider,RD101,4.9,40,20.0,True,3.0,
ORD00014,2026-04-07,2026-04-07 16:16:00,C0780,Restaurant_02,Chandigarh,Manimajra,3,450,30.0,20,440,Wallet,Website,Delivered,Shiprocket,RD129,2.9,40,30.0,True,2.0,
ORD01682,2026-03-13,2026-03-13 11:32:00,C0857,Restaurant_10,Chandigarh,Sector 17,4,880,0.0,25,905,Debit Card,Website,Delivered,Shiprocket,RD080,3.9,35,24.0,True,4.0,
ORD02524,2026-02-06,2026-02-06 14:11:00,C0648,Restaurant_13,Mohali,Phase 7,1,220,50.0,40,210,Debit Card,Restaurant App,Delivered,In-house Rider,RD026,0.8,45,29.0,True,4.0,
ORD00741,2026-02-22,2026-02-22 11:17:00,C0102,Restaurant_11,Mohali,Phase 7,1,350,30.0,20,340,UPI,Website,Failed,Not Assigned,Not Assigned,7.9,50,,,,Customer Cancelled
ORD01401,2026-01-31,2026-01-31 02:16:00,C0458,Restaurant_04,Mohali,Sector 68,1,350,0.0,60,410,Credit Card,Restaurant App,Delivered,Shadowfax,RD037,6.8,35,34.0,True,5.0,
ORD02977,2026-06-16,2026-06-16 19:34:00,C0507,Restaurant_10,Chandigarh,Sector 17,4,480,50.0,25,455,Cash,Restaurant App,Delivered,In-house Rider,RD045,4.6,30,29.0,True,4.0,
ORD03387,2026-05-23,2026-05-23 06:11:00,C0455,Restaurant_15,Panchkula,Sector 15,2,440,75.0,20,385,Credit Card,Restaurant App,Delivered,In-house Rider,RD029,8.3,30,30.0,True,5.0,
ORD01386,2026-06-04,2026-06-04 02:47:00,C0908,Restaurant_18,Chandigarh,Sector 34,4,720,75.0,60,705,UPI,Website,Delivered,Ola Logistics,RD138,8.8,45,45.0,True,5.0,
ORD03663,2026-06-12,2026-06-12 21:38:00,C0787,Restaurant_17,Mohali,Phase 7,4,880,20.0,40,900,Credit Card,Restaurant App,Delivered,Shadowfax,RD102,5.1,45,26.0,True,4.0,
ORD03393,2026-06-05,2026-06-05 16:49:00,C0003,Restaurant_01,Mohali,Phase 3B2,3,840,75.0,50,815,UPI,Restaurant App,Delivered,In-house Rider,RD044,8.9,50,46.0,True,4.0,
ORD02844,2026-03-15,2026-03-15 06:57:00,C0857,Restaurant_06,Mohali,Sector 68,5,1250,75.0,60,1235,Cash,Restaurant App,Cancelled,Not Assigned,Not Assigned,2.1,30,,,,Rider Unavailable
ORD02262,2026-02-06,2026-02-06 03:22:00,C0507,Restaurant_08,Chandigarh,Sector 35,3,450,0.0,25,475,Cash,Restaurant App,Delivered,Shadowfax,RD033,2.8,50,22.0,True,5.0,
ORD01697,2026-05-04,2026-05-04 04:45:00,C1159,Restaurant_06,Mohali,Phase 7,1,350,30.0,60,380,UPI,Website,Delivered,Shadowfax,RD078,5.6,40,27.0,True,5.0,
ORD03637,2026-03-19,2026-03-19 04:31:00,C0120,Restaurant_21,Panchkula,Sector 11,3,360,0.0,60,420,Wallet,Website,Failed,Not Assigned,Not Assigned,3.3,45,,,,Customer Cancelled
ORD02404,2026-02-10,2026-02-10 19:38:00,C0444,Restaurant_02,Panchkula,Sector 5,3,750,100.0,20,670,Cash,Website,Delivered,In-house Rider,RD127,6.0,45,38.0,True,4.0,
ORD03107,2026-03-03,2026-03-03 07:12:00,C0062,Restaurant_25,Mohali,Phase 3B2,1,280,30.0,30,280,Wallet,Restaurant App,Delivered,In-house Rider,RD037,2.7,30,16.0,True,5.0,
ORD00335,2026-04-07,2026-04-07 20:02:00,C0007,Restaurant_04,Mohali,Phase 3B2,4,1120,100.0,30,1050,Credit Card,Restaurant App,Delivered,Shadowfax,RD128,5.5,40,75.0,False,4.0,
ORD02737,2026-05-18,2026-05-18 04:36:00,C0371,Restaurant_17,Chandigarh,Sector 22,3,540,0.0,40,580,Cash,Website,Delivered,Shadowfax,RD009,0.8,50,31.0,True,4.0,
ORD03449,2026-06-19,2026-06-19 08:29:00,C0625,Restaurant_20,Panchkula,Sector 15,2,500,20.0,50,530,Cash,Restaurant App,Delivered,In-house Rider,RD054,8.1,40,43.0,False,5.0,
ORD00185,2026-04-24,2026-04-24 19:39:00,C1008,Restaurant_20,Panchkula,Sector 5,4,880,100.0,30,810,Debit Card,Website,Delivered,In-house Rider,RD150,8.0,45,38.0,True,5.0,
ORD00824,2026-03-21,2026-03-21 14:30:00,C0308,Restaurant_13,Panchkula,Sector 11,3,660,0.0,50,710,Cash,Website,Cancelled,Not Assigned,Not Assigned,0.3,30,,,,Rider Unavailable
ORD03496,2026-03-17,2026-03-17 12:50:00,C0122,Restaurant_23,Chandigarh,Sector 22,3,1050,0.0,40,1090,Credit Card,Website,Delivered,In-house Rider,RD134,1.1,30,16.0,True,5.0,
ORD02990,2026-06-05,2026-06-05 10:14:00,C0293,Restaurant_05,Chandigarh,Sector 22,3,450,,40,415,Cash,Website,Cancelled,Not Assigned,Not Assigned,,40,,,,Rider Unavailable
ORD03398,2026-04-30,2026-04-30 04:34:00,C0956,Restaurant_03,Chandigarh,Sector 34,1,180,30.0,30,180,Credit Card,Website,Delivered,In-house Rider,RD113,1.5,45,21.0,True,5.0,
ORD03050,2026-03-03,2026-03-03 05:34:00,C0764,Restaurant_25,Chandigarh,Sector 34,4,1400,50.0,60,1410,UPI,Website,Delivered,Shadowfax,RD013,3.0,50,32.0,True,4.0,
ORD02236,2026-03-30,2026-03-30 03:20:00,C0304,Restaurant_21,Chandigarh,Manimajra,3,660,75.0,30,615,Wallet,Website,Delivered,In-house Rider,RD076,5.6,40,33.0,True,4.0,
ORD00942,2026-01-09,2026-01-09 23:45:00,C0216,Restaurant_08,Panchkula,Sector 8,4,1280,75.0,30,1235,Credit Card,Restaurant App,Delivered,In-house Rider,RD006,7.0,40,40.0,True,5.0,
ORD00285,2026-06-29,2026-06-29 10:46:00,C0832,Restaurant_24,Mohali,Phase 3B2,3,750,0.0,30,780,Credit Card,Website,Cancelled,Not Assigned,Not Assigned,0.1,50,,,,Rider Unavailable
ORD03464,2026-05-21,2026-05-21 23:11:00,C0882,Restaurant_24,Panchkula,Sector 11,5,2000,50.0,20,1970,Cash,Website,Delivered,In-house Rider,RD118,8.1,45,45.0,True,5.0,
ORD02948,2026-05-28,2026-05-28 14:22:00,C0313,Restaurant_11,Chandigarh,Manimajra,2,500,20.0,20,500,Debit Card,Restaurant App,Delivered,Shadowfax,RD117,3.0,45,20.0,True,4.0,
ORD03968,2026-02-20,2026-02-20 15:05:00,C0645,Restaurant_19,Chandigarh,Sector 17,2,560,0.0,60,620,Cash,Website,Delivered,In-house Rider,RD070,5.1,40,30.0,True,5.0,
ORD00166,2026-03-27,2026-03-27 02:11:00,C0131,Restaurant_04,Panchkula,Sector 5,4,880,50.0,50,880,Cash,Restaurant App,Delivered,Shadowfax,RD029,2.6,35,26.0,True,4.0,
ORD02396,2026-01-15,2026-01-15 04:01:00,C1092,Restaurant_17,Mohali,Phase 7,1,400,50.0,20,370,Debit Card,Website,Cancelled,Not Assigned,Not Assigned,1.0,50,,,,Customer Cancelled
ORD02347,2026-01-28,2026-01-28 03:12:00,C0493,Restaurant_12,Mohali,Phase 3B2,1,280,0.0,60,340,Cash,Restaurant App,Delivered,Ola Logistics,RD099,7.5,40,52.0,False,4.0,
ORD02584,2026-06-10,2026-06-10 16:27:00,C0753,Restaurant_01,Panchkula,Sector 11,3,1050,0.0,20,1070,Credit Card,Website,Cancelled,Not Assigned,Not Assigned,3.9,40,,,,Payment Failed
ORD02278,2026-04-11,2026-04-11 21:53:00,C0660,Restaurant_19,Panchkula,Sector 11,4,1120,30.0,25,1115,UPI,Website,Failed,Not Assigned,Not Assigned,3.7,50,,,,Address Issue
ORD01852,2026-04-01,2026-04-01 05:15:00,C0095,Restaurant_13,Mohali,Phase 3B2,4,720,50.0,50,720,Cash,Website,Delivered,Shiprocket,RD101,7.8,45,31.0,True,2.0,
ORD01719,2026-01-21,2026-01-21 08:37:00,C1177,Restaurant_04,Mohali,Phase 3B2,3,540,0.0,50,590,Cash,Website,Delivered,Shiprocket,RD140,8.2,45,44.0,True,5.0,
ORD00042,2026-06-13,2026-06-13 00:22:00,C1060,Restaurant_01,Mohali,Phase 5,3,1200,30.0,60,1230,Wallet,Website,Delivered,In-house Rider,RD053,2.4,30,23.0,True,5.0,
ORD02917,2026-06-20,2026-06-20 19:35:00,C0108,Restaurant_03,Panchkula,Sector 5,4,600,75.0,60,585,Credit Card,Website,Delivered,Ola Logistics,RD069,4.8,50,39.0,True,4.0,
ORD02797,2026-05-23,2026-05-23 00:38:00,C1137,Restaurant_17,Chandigarh,Manimajra,2,360,75.0,25,310,UPI,Website,Delivered,Shadowfax,RD115,5.0,50,34.0,True,4.0,
ORD00780,2026-03-10,2026-03-10 03:43:00,C0357,Restaurant_23,Panchkula,Sector 15,2,240,50.0,20,210,Wallet,Website,Cancelled,Not Assigned,Not Assigned,4.9,45,,,,Restaurant Delay
ORD01887,2026-05-27,2026-05-27 22:18:00,C1013,Restaurant_21,Panchkula,Sector 5,5,750,100.0,60,710,UPI,Website,Delivered,In-house Rider,RD007,2.4,45,24.0,True,5.0,
ORD03660,2026-02-13,2026-02-13 16:54:00,C0654,Restaurant_11,Chandigarh,Manimajra,3,450,20.0,20,450,UPI,Restaurant App,Delivered,Ola Logistics,RD028,2.4,30,20.0,True,5.0,
ORD03616,2026-02-22,2026-02-22 09:12:00,C0871,Restaurant_23,Mohali,Phase 7,2,560,50.0,40,550,UPI,Website,Delivered,In-house Rider,RD125,6.5,50,37.0,True,2.0,
ORD02495,2026-06-19,2026-06-19 17:41:00,C0660,Restaurant_12,Panchkula,Sector 11,3,660,0.0,30,690,UPI,Restaurant App,Delivered,In-house Rider,RD131,7.2,40,33.0,True,4.0,
ORD03520,2026-05-31,2026-05-31 22:22:00,C0492,Restaurant_23,Mohali,Phase 7,5,900,30.0,40,910,UPI,Website,Delivered,In-house Rider,RD103,5.6,40,30.0,True,4.0,
ORD02398,2026-03-03,2026-03-03 05:55:00,C0657,Restaurant_21,Panchkula,Sector 11,2,300,100.0,50,250,Cash,Website,Delivered,Ola Logistics,RD088,2.3,30,28.0,True,5.0,
ORD02094,2026-02-28,2026-02-28 23:18:00,C0042,Restaurant_16,Mohali,Phase 7,3,660,30.0,20,650,Credit Card,Restaurant App,Delivered,In-house Rider,RD119,3.3,30,30.0,True,5.0,
ORD03942,2026-02-11,2026-02-11 10:02:00,C0746,Restaurant_17,Panchkula,Sector 11,5,600,30.0,40,610,Wallet,Website,Delivered,Shiprocket,RD104,4.4,35,25.0,True,4.0,
ORD03974,2026-04-03,2026-04-03 22:47:00,C0434,Restaurant_06,Chandigarh,Sector 35,3,1200,0.0,25,1225,Debit Card,Restaurant App,Delivered,Shadowfax,RD062,4.9,30,38.0,False,3.0,
ORD02157,2026-04-07,2026-04-07 19:36:00,C0386,Restaurant_20,Panchkula,Sector 5,5,1400,30.0,40,1410,UPI,Website,Delivered,In-house Rider,RD104,5.9,35,32.0,True,4.0,
ORD03690,2026-03-25,2026-03-25 03:06:00,C0375,Restaurant_19,Mohali,Phase 3B2,2,800,20.0,25,805,Credit Card,Website,Delivered,Shadowfax,RD135,5.7,40,42.0,False,5.0,
ORD01686,2026-04-17,2026-04-17 10:07:00,C0750,Restaurant_08,Panchkula,Sector 11,1,400,30.0,40,410,Cash,Restaurant App,Delivered,In-house Rider,RD077,2.6,45,17.0,True,2.0,
ORD00030,2026-06-08,2026-06-08 03:59:00,C0172,Restaurant_06,Panchkula,Sector 15,2,360,75.0,20,305,Wallet,Website,Delivered,In-house Rider,RD062,10.3,45,48.0,False,3.0,
ORD00182,2026-05-26,2026-05-26 14:50:00,C0621,Restaurant_21,Chandigarh,Sector 34,3,750,75.0,25,700,Wallet,Website,Cancelled,Not Assigned,Not Assigned,1.1,45,,,,Restaurant Delay
ORD02670,2026-02-25,2026-02-25 13:23:00,C0738,Restaurant_14,Panchkula,Sector 5,5,1750,50.0,40,1740,Debit Card,Restaurant App,Failed,Not Assigned,Not Assigned,5.2,50,,,,Rider Unavailable
ORD03492,2026-01-17,2026-01-17 20:14:00,C0036,Restaurant_07,Mohali,Phase 3B2,3,1200,,30,1230,Credit Card,Website,Delivered,Ola Logistics,RD056,,50,29.0,True,,
ORD00635,2026-01-08,2026-01-08 02:04:00,C0836,Restaurant_12,Mohali,Phase 3B2,3,960,30.0,20,950,Wallet,Website,Delivered,In-house Rider,RD047,3.3,45,20.0,True,5.0,
ORD03868,2026-02-15,2026-02-15 14:43:00,C0681,Restaurant_16,Chandigarh,Sector 17,1,280,0.0,20,300,Wallet,Restaurant App,Delivered,Ola Logistics,RD063,8.2,50,30.0,True,4.0,
ORD00105,2026-05-23,2026-05-23 17:53:00,C0935,Restaurant_02,Mohali,Phase 7,3,1200,20.0,20,1200,Credit Card,Restaurant App,Delivered,Shadowfax,RD096,8.1,35,37.0,False,5.0,
ORD00061,2026-04-20,2026-04-20 07:06:00,C1101,Restaurant_21,Mohali,Sector 68,5,1400,0.0,25,1425,Cash,Website,Delivered,In-house Rider,RD017,6.6,50,50.0,True,5.0,
ORD02707,2026-05-27,2026-05-27 09:48:00,C0768,Restaurant_02,Panchkula,Sector 8,3,1200,100.0,60,1160,Credit Card,Restaurant App,Delivered,In-house Rider,RD072,5.4,50,31.0,True,5.0,
ORD01108,2026-06-04,2026-06-04 19:49:00,C0577,Restaurant_18,Panchkula,Sector 5,1,280,0.0,25,305,Wallet,Website,Delivered,In-house Rider,RD056,7.6,30,33.0,False,5.0,
ORD00491,2026-05-06,2026-05-06 06:43:00,C0789,Restaurant_19,Chandigarh,Sector 22,1,280,100.0,20,200,UPI,Restaurant App,Delivered,In-house Rider,RD002,6.1,45,30.0,True,1.0,
ORD00316,2026-05-27,2026-05-27 09:20:00,C0993,Restaurant_17,Chandigarh,Sector 17,5,1250,0.0,60,1310,UPI,Website,Delivered,Shadowfax,RD123,6.0,40,33.0,True,4.0,
ORD01475,2026-02-02,2026-02-02 12:44:00,C0388,Restaurant_08,Chandigarh,Manimajra,4,480,0.0,50,530,Credit Card,Restaurant App,Cancelled,Not Assigned,Not Assigned,7.0,45,,,,Customer Cancelled
ORD02033,2026-02-16,2026-02-16 17:24:00,C0424,Restaurant_15,Panchkula,Sector 8,5,1400,30.0,50,1420,Credit Card,Restaurant App,Cancelled,Not Assigned,Not Assigned,3.2,40,,,,Restaurant Delay
ORD00382,2026-05-11,2026-05-11 07:15:00,C0165,Restaurant_07,Panchkula,Sector 8,3,660,20.0,25,665,Cash,Website,Failed,Not Assigned,Not Assigned,3.0,45,,,,Address Issue
ORD00423,2026-02-10,2026-02-10 16:58:00,C0313,Restaurant_16,Mohali,Phase 7,2,300,20.0,30,310,UPI,Website,Delivered,Shadowfax,RD104,4.4,35,32.0,True,5.0,
ORD03569,2026-06-24,2026-06-24 22:43:00,C0019,Restaurant_13,Chandigarh,Sector 35,4,1000,100.0,40,940,Cash,Restaurant App,Delivered,Ola Logistics,RD065,5.2,50,30.0,True,4.0,
ORD03949,2026-01-28,2026-01-28 14:46:00,C0885,Restaurant_04,Panchkula,Sector 11,4,1600,0.0,30,1630,Cash,Website,Delivered,In-house Rider,RD067,6.4,50,29.0,True,4.0,
ORD03812,2026-04-17,2026-04-17 15:43:00,C0517,Restaurant_24,Chandigarh,Sector 17,4,1280,100.0,50,1230,Cash,Restaurant App,Delivered,Shiprocket,RD128,8.1,40,44.0,False,4.0,
ORD03596,2026-02-11,2026-02-11 17:20:00,C0888,Restaurant_02,Mohali,Sector 68,3,450,20.0,20,450,Cash,Restaurant App,Delivered,Shiprocket,RD143,4.2,35,29.0,True,5.0,
ORD00446,2026-05-17,2026-05-17 13:41:00,C0132,Restaurant_06,Mohali,Phase 7,2,240,100.0,50,190,Cash,Website,Failed,Not Assigned,Not Assigned,3.7,30,,,,Restaurant Delay
ORD00664,2026-03-06,2026-03-06 20:17:00,C1151,Restaurant_18,Chandigarh,Sector 17,3,750,50.0,50,750,UPI,Website,Delivered,In-house Rider,RD135,6.7,35,48.0,False,4.0,
ORD01025,2026-06-10,2026-06-10 09:08:00,C0401,Restaurant_03,Chandigarh,Sector 35,3,750,50.0,25,725,Wallet,Website,Delivered,Shadowfax,RD132,8.2,40,36.0,True,5.0,
ORD02828,2026-04-14,2026-04-14 10:30:00,C0337,Restaurant_04,Panchkula,Sector 8,5,1400,0.0,20,1420,UPI,Website,Failed,Not Assigned,Not Assigned,2.7,45,,,,Rider Unavailable
ORD03578,2026-06-09,2026-06-09 22:50:00,C0350,Restaurant_12,Mohali,Sector 68,4,1600,30.0,50,1620,Wallet,Website,Cancelled,Not Assigned,Not Assigned,0.1,30,,,,Customer Cancelled
ORD00627,2026-05-12,2026-05-12 18:16:00,C0167,Restaurant_06,Mohali,Sector 68,2,640,30.0,50,660,UPI,Website,Failed,Not Assigned,Not Assigned,4.5,40,,,,Payment Failed
ORD01482,2026-02-02,2026-02-02 15:18:00,C0222,Restaurant_20,Panchkula,Sector 15,4,1000,50.0,25,975,Cash,Restaurant App,Delivered,Ola Logistics,RD018,8.7,40,39.0,True,3.0,
ORD01513,2026-01-18,2026-01-18 23:49:00,C0430,Restaurant_04,Panchkula,Sector 5,3,960,30.0,50,980,Cash,Website,Delivered,In-house Rider,RD079,4.0,35,21.0,True,5.0,
ORD01113,2026-05-03,2026-05-03 17:29:00,C0617,Restaurant_20,Chandigarh,Sector 22,2,560,75.0,40,525,Credit Card,Restaurant App,Delivered,In-house Rider,RD091,6.2,50,28.0,True,4.0,
ORD01508,2026-06-02,2026-06-02 05:20:00,C0461,Restaurant_02,Chandigarh,Manimajra,2,300,0.0,20,320,Debit Card,Website,Cancelled,Not Assigned,Not Assigned,4.0,50,,,,Payment Failed
ORD01485,2026-05-20,2026-05-20 01:26:00,C0879,Restaurant_04,Mohali,Phase 3B2,1,320,50.0,30,300,Wallet,Restaurant App,Delivered,In-house Rider,RD082,6.6,35,37.0,False,5.0,
ORD03150,2026-06-04,2026-06-04 17:07:00,C1053,Restaurant_19,Mohali,Phase 7,4,1120,30.0,30,1120,Wallet,Restaurant App,Delivered,In-house Rider,RD115,3.4,35,24.0,True,3.0,
ORD00269,2026-06-18,2026-06-18 01:50:00,C1164,Restaurant_17,Mohali,Phase 3B2,3,1200,30.0,20,1190,Wallet,Website,Delivered,Shiprocket,RD005,0.9,30,14.0,True,5.0,
ORD02978,2026-04-18,2026-04-18 19:11:00,C0440,Restaurant_05,Chandigarh,Sector 22,1,180,0.0,40,220,Debit Card,Restaurant App,Delivered,Shadowfax,RD062,6.2,40,34.0,True,5.0,
ORD03196,2026-02-01,2026-02-01 07:32:00,C0097,Restaurant_07,Chandigarh,Sector 34,1,280,0.0,25,305,UPI,Restaurant App,Delivered,In-house Rider,RD101,3.2,50,20.0,True,5.0,
ORD01322,2026-05-30,2026-05-30 05:16:00,C0007,Restaurant_09,Mohali,Phase 3B2,1,400,0.0,60,460,Debit Card,Website,Failed,Not Assigned,Not Assigned,4.8,30,,,,Payment Failed
ORD01906,2026-03-25,2026-03-25 04:34:00,C0923,Restaurant_05,Chandigarh,Sector 35,2,360,50.0,60,370,UPI,Website,Delivered,Shiprocket,RD150,6.2,35,28.0,True,5.0,
ORD01120,2026-01-31,2026-01-31 06:20:00,C0494,Restaurant_06,Mohali,Phase 3B2,4,600,50.0,60,610,Wallet,Restaurant App,Delivered,In-house Rider,RD033,4.9,45,91.0,False,5.0,
ORD03806,2026-05-31,2026-05-31 19:01:00,C1060,Restaurant_18,Chandigarh,Sector 35,4,720,0.0,25,745,Debit Card,Website,Failed,Not Assigned,Not Assigned,6.9,50,,,,Rider Unavailable
ORD00012,2026-05-17,2026-05-17 04:50:00,C0013,Restaurant_20,Panchkula,Sector 15,1,250,100.0,30,180,Wallet,Website,Delivered,In-house Rider,RD058,7.2,35,38.0,False,5.0,
ORD00115,2026-03-23,2026-03-23 02:08:00,C0390,Restaurant_19,Panchkula,Sector 5,2,240,75.0,20,185,Debit Card,Website,Delivered,In-house Rider,RD064,4.4,45,27.0,True,3.0,
ORD00844,2026-03-15,2026-03-15 21:45:00,C0625,Restaurant_16,Panchkula,Sector 5,2,500,0.0,60,560,UPI,Website,Delivered,Shadowfax,RD029,6.2,35,29.0,True,4.0,
ORD01453,2026-02-26,2026-02-26 02:10:00,C0447,Restaurant_08,Chandigarh,Sector 17,4,1120,100.0,40,1060,Credit Card,Restaurant App,Delivered,In-house Rider,RD011,0.8,45,17.0,True,5.0,
ORD03330,2026-02-11,2026-02-11 22:46:00,C0451,Restaurant_15,Panchkula,Sector 5,1,150,0.0,50,200,Credit Card,Website,Delivered,Shadowfax,RD024,5.5,45,20.0,True,5.0,
ORD01756,2026-06-10,2026-06-10 15:01:00,C0042,Restaurant_13,Chandigarh,Manimajra,3,1200,30.0,40,1210,Cash,Website,Delivered,In-house Rider,RD092,1.4,35,20.0,True,5.0,
ORD01974,2026-04-01,2026-04-01 06:41:00,C0301,Restaurant_21,Mohali,Phase 5,4,880,50.0,40,870,Debit Card,Website,Delivered,In-house Rider,RD059,5.0,50,34.0,True,5.0,
ORD01789,2026-06-12,2026-06-12 10:52:00,C0329,Restaurant_06,Mohali,Sector 68,2,800,20.0,30,810,Credit Card,Restaurant App,Delivered,Ola Logistics,RD072,1.9,35,17.0,True,4.0,
ORD02401,2026-02-22,2026-02-22 22:26:00,C1017,Restaurant_07,Chandigarh,Manimajra,5,750,0.0,25,775,Credit Card,Restaurant App,Cancelled,Not Assigned,Not Assigned,3.3,35,,,,Restaurant Delay
ORD02701,2026-06-25,2026-06-25 01:26:00,C1132,Restaurant_05,Mohali,Phase 3B2,2,240,100.0,50,190,UPI,Restaurant App,Delivered,Shadowfax,RD082,4.6,45,22.0,True,5.0,
ORD00774,2026-02-18,2026-02-18 18:47:00,C0411,Restaurant_05,Panchkula,Sector 15,5,1100,20.0,25,1105,Cash,Restaurant App,Delivered,Shadowfax,RD006,2.9,30,14.0,True,5.0,
ORD01980,2026-03-17,2026-03-17 23:15:00,C0942,Restaurant_12,Panchkula,Sector 15,5,1400,0.0,30,1430,Debit Card,Restaurant App,Delivered,Ola Logistics,RD144,4.9,40,30.0,True,3.0,
ORD00691,2026-02-07,2026-02-07 08:06:00,C0886,Restaurant_19,Panchkula,Sector 5,5,1600,30.0,40,1610,Cash,Restaurant App,Delivered,Ola Logistics,RD091,4.6,45,32.0,True,4.0,
ORD01947,2026-01-17,2026-01-17 08:18:00,C0381,Restaurant_06,Chandigarh,Sector 34,5,750,0.0,50,800,Wallet,Website,Delivered,In-house Rider,RD110,5.2,50,34.0,True,5.0,
ORD00791,2026-02-03,2026-02-03 17:40:00,C0889,Restaurant_07,Chandigarh,Sector 22,2,700,50.0,60,710,Wallet,Restaurant App,Delivered,Shiprocket,RD131,6.2,45,32.0,True,5.0,
ORD02580,2026-02-06,2026-02-06 17:21:00,C0023,Restaurant_05,Mohali,Phase 3B2,1,250,30.0,20,240,Cash,Restaurant App,Delivered,In-house Rider,RD123,5.2,45,24.0,True,4.0,
ORD02916,2026-06-19,2026-06-19 13:34:00,C0596,Restaurant_14,Mohali,Phase 5,5,900,50.0,40,890,UPI,Website,Delivered,In-house Rider,RD118,6.0,30,35.0,False,5.0,
ORD00170,2026-03-14,2026-03-14 06:50:00,C0028,Restaurant_02,Mohali,Sector 68,5,600,100.0,40,540,Debit Card,Website,Delivered,In-house Rider,RD049,9.1,35,44.0,False,5.0,
ORD02288,2026-01-14,2026-01-14 09:05:00,C0724,Restaurant_17,Mohali,Sector 68,2,300,50.0,40,290,Credit Card,Website,Delivered,In-house Rider,RD082,4.7,30,37.0,False,5.0,
ORD03350,2026-05-08,2026-05-08 14:35:00,C0278,Restaurant_08,Chandigarh,Sector 35,1,150,50.0,20,120,Credit Card,Website,Failed,Not Assigned,Not Assigned,5.6,50,,,,Rider Unavailable
ORD01185,2026-01-20,2026-01-20 15:13:00,C0679,Restaurant_12,Mohali,Sector 68,2,500,30.0,25,495,UPI,Website,Delivered,In-house Rider,RD048,5.9,35,120.0,False,5.0,
ORD02122,2026-01-27,2026-01-27 12:26:00,C0320,Restaurant_16,Mohali,Sector 68,1,250,30.0,50,270,Wallet,Website,Delivered,In-house Rider,RD142,5.5,45,21.0,True,5.0,
ORD01554,2026-06-13,2026-06-13 07:10:00,C0064,Restaurant_19,Panchkula,Sector 11,1,180,0.0,30,210,Credit Card,Restaurant App,Delivered,In-house Rider,RD102,8.2,50,35.0,True,4.0,
ORD03135,2026-03-29,2026-03-29 19:48:00,C0888,Restaurant_25,Chandigarh,Manimajra,1,400,100.0,40,340,Debit Card,Website,Failed,Not Assigned,Not Assigned,6.0,40,,,,Customer Cancelled
ORD02810,2026-03-30,2026-03-30 08:53:00,C0016,Restaurant_19,Panchkula,Sector 5,5,900,20.0,30,910,Cash,Restaurant App,Delivered,In-house Rider,RD115,6.5,30,37.0,False,4.0,
ORD03565,2026-05-14,2026-05-14 23:13:00,C0328,Restaurant_21,Panchkula,Sector 15,2,640,20.0,25,645,Cash,Restaurant App,Delivered,Shadowfax,RD013,8.8,30,31.0,False,5.0,
ORD02789,2026-01-22,2026-01-22 03:58:00,C0636,Restaurant_17,Chandigarh,Sector 17,3,960,50.0,60,970,UPI,Restaurant App,Failed,Not Assigned,Not Assigned,4.5,30,,,,Address Issue
ORD00751,2026-02-28,2026-02-28 05:21:00,C0833,Restaurant_10,Panchkula,Sector 5,4,600,100.0,40,540,Cash,Website,Delivered,Shiprocket,RD133,3.4,40,28.0,True,5.0,
ORD02790,2026-03-03,2026-03-03 01:36:00,C0095,Restaurant_12,Panchkula,Sector 8,1,180,20.0,25,185,UPI,Restaurant App,Delivered,In-house Rider,RD079,6.8,35,72.0,False,3.0,
ORD02879,2026-02-15,2026-02-15 06:47:00,C0187,Restaurant_17,Mohali,Phase 3B2,2,560,50.0,30,540,Wallet,Website,Delivered,Shadowfax,RD005,2.8,45,26.0,True,5.0,
ORD01820,2026-03-14,2026-03-14 07:12:00,C0974,Restaurant_13,Panchkula,Sector 8,4,1000,75.0,20,945,Credit Card,Website,Delivered,In-house Rider,RD102,5.6,45,34.0,True,5.0,
ORD02096,2026-06-05,2026-06-05 21:07:00,C0260,Restaurant_04,Chandigarh,Sector 22,5,900,50.0,50,900,Wallet,Website,Delivered,In-house Rider,RD082,4.6,30,26.0,True,5.0,
ORD02811,2026-02-07,2026-02-07 14:28:00,C0447,Restaurant_18,Mohali,Phase 5,2,800,0.0,20,820,Cash,Website,Delivered,Shiprocket,RD046,2.2,40,22.0,True,5.0,
ORD00592,2026-01-14,2026-01-14 14:22:00,C0363,Restaurant_02,Panchkula,Sector 15,4,1000,0.0,20,1020,UPI,Restaurant App,Delivered,Shiprocket,RD098,4.9,50,32.0,True,5.0,
ORD00808,2026-05-11,2026-05-11 16:30:00,C1177,Restaurant_14,Chandigarh,Manimajra,5,900,75.0,40,865,Cash,Website,Delivered,In-house Rider,RD141,4.2,35,34.0,True,5.0,
ORD01084,2026-06-14,2026-06-14 12:52:00,C0471,Restaurant_12,Panchkula,Sector 15,2,560,100.0,50,510,UPI,Website,Delivered,In-house Rider,RD126,3.3,45,17.0,True,4.0,
ORD02554,2026-01-23,2026-01-23 08:36:00,C0197,Restaurant_23,Panchkula,Sector 8,5,1600,0.0,30,1630,UPI,Restaurant App,Delivered,Shadowfax,RD131,6.7,35,44.0,False,3.0,
ORD01045,2026-02-05,2026-02-05 23:14:00,C0422,Restaurant_12,Mohali,Phase 3B2,2,440,30.0,50,460,UPI,Restaurant App,Cancelled,Not Assigned,Not Assigned,7.9,35,,,,Payment Failed
ORD01449,2026-05-31,2026-05-31 20:23:00,C0041,Restaurant_17,Mohali,Phase 7,5,1400,100.0,30,1330,Credit Card,Website,Delivered,Shiprocket,RD007,5.8,40,32.0,True,5.0,
ORD00653,2026-01-13,2026-01-13 06:47:00,C0202,Restaurant_14,Mohali,Sector 68,3,960,20.0,25,965,Wallet,Restaurant App,Delivered,Shadowfax,RD102,7.8,40,37.0,True,5.0,
ORD02241,2026-05-20,2026-05-20 09:25:00,C0872,Restaurant_18,Panchkula,Sector 11,2,640,0.0,50,690,Credit Card,Website,Delivered,In-house Rider,RD025,9.2,40,39.0,True,5.0,
ORD01667,2026-02-27,2026-02-27 15:11:00,C0895,Restaurant_23,Mohali,Sector 68,3,960,75.0,60,945,Cash,Restaurant App,Delivered,In-house Rider,RD132,6.8,35,38.0,False,4.0,
ORD01240,2026-05-29,2026-05-29 22:01:00,C0442,Restaurant_17,Panchkula,Sector 5,2,800,0.0,30,830,Wallet,Restaurant App,Delivered,Shiprocket,RD022,1.7,40,17.0,True,4.0,
ORD00245,2026-05-27,2026-05-27 11:10:00,C0316,Restaurant_03,Panchkula,Sector 15,2,560,100.0,30,490,UPI,Restaurant App,Delivered,In-house Rider,RD123,2.0,35,31.0,True,3.0,
ORD01388,2026-03-20,2026-03-20 05:54:00,C0694,Restaurant_02,Panchkula,Sector 11,2,360,0.0,60,420,Wallet,Restaurant App,Delivered,Shadowfax,RD010,1.8,45,15.0,True,4.0,
ORD02023,2026-01-07,2026-01-07 13:15:00,C0816,Restaurant_19,Chandigarh,Sector 17,4,1400,75.0,20,1345,UPI,Website,Delivered,Ola Logistics,RD144,4.5,50,25.0,True,4.0,
ORD00060,2026-01-20,2026-01-20 07:47:00,C0114,Restaurant_08,Panchkula,Sector 11,3,540,75.0,30,495,Credit Card,Website,Delivered,Shiprocket,RD118,6.4,45,22.0,True,5.0,
ORD01246,2026-05-27,2026-05-27 11:17:00,C0537,Restaurant_14,Chandigarh,Sector 35,5,1250,30.0,50,1270,Cash,Restaurant App,Delivered,In-house Rider,RD073,4.6,50,30.0,True,2.0,
ORD00177,2026-03-27,2026-03-27 17:18:00,C1102,Restaurant_22,Mohali,Phase 5,2,440,20.0,30,450,Credit Card,Website,Cancelled,Not Assigned,Not Assigned,0.8,30,,,,Restaurant Delay
ORD00450,2026-04-16,2026-04-16 23:31:00,C1020,Restaurant_09,Chandigarh,Sector 34,3,360,75.0,60,345,Credit Card,Website,Delivered,In-house Rider,RD049,4.6,45,36.0,True,5.0,
ORD00056,2026-03-31,2026-03-31 11:54:00,C0309,Restaurant_06,Chandigarh,Sector 22,3,750,0.0,20,770,Credit Card,Restaurant App,Delivered,In-house Rider,RD089,5.4,45,38.0,True,4.0,
ORD03876,2026-02-21,2026-02-21 18:14:00,C0120,Restaurant_24,Mohali,Phase 3B2,1,180,75.0,50,155,UPI,Restaurant App,Delivered,Shadowfax,RD135,6.6,40,33.0,True,5.0,
ORD03327,2026-01-26,2026-01-26 15:43:00,C0338,Restaurant_23,Mohali,Phase 3B2,3,360,0.0,20,380,Cash,Website,Delivered,In-house Rider,RD052,2.8,45,24.0,True,4.0,
ORD02968,2026-03-11,2026-03-11 16:44:00,C0438,Restaurant_02,Mohali,Sector 68,2,300,0.0,60,360,Credit Card,Website,Delivered,Shadowfax,RD065,6.9,40,95.0,False,4.0,
ORD03458,2026-01-24,2026-01-24 12:32:00,C1006,Restaurant_09,Panchkula,Sector 5,2,560,20.0,50,590,Credit Card,Website,Delivered,In-house Rider,RD080,3.6,50,23.0,True,5.0,
ORD01973,2026-02-07,2026-02-07 14:56:00,C0257,Restaurant_08,Chandigarh,Sector 22,5,1750,0.0,60,1810,Wallet,Restaurant App,Delivered,In-house Rider,RD011,4.9,50,20.0,True,3.0,
ORD03270,2026-01-17,2026-01-17 12:46:00,C0498,Restaurant_12,Panchkula,Sector 11,2,800,0.0,60,860,Wallet,Restaurant App,Delivered,Shadowfax,RD053,6.2,40,42.0,False,5.0,
ORD01093,2026-06-04,2026-06-04 11:04:00,C0633,Restaurant_15,Panchkula,Sector 8,5,600,75.0,20,545,Wallet,Website,Delivered,In-house Rider,RD047,1.8,45,28.0,True,5.0,
ORD03795,2026-02-23,2026-02-23 14:43:00,C0685,Restaurant_15,Chandigarh,Manimajra,4,1120,0.0,25,1145,UPI,Website,Delivered,In-house Rider,RD018,5.1,40,31.0,True,4.0,
ORD01769,2026-01-26,2026-01-26 07:26:00,C1171,Restaurant_09,Chandigarh,Manimajra,3,750,0.0,25,775,Debit Card,Website,Cancelled,Not Assigned,Not Assigned,4.9,30,,,,Customer Cancelled
ORD01738,2026-05-19,2026-05-19 02:26:00,C0877,Restaurant_14,Chandigarh,Sector 17,4,600,0.0,30,630,Wallet,Restaurant App,Delivered,In-house Rider,RD001,3.7,45,29.0,True,2.0,
ORD03241,2026-02-23,2026-02-23 06:08:00,C0601,Restaurant_21,Panchkula,Sector 15,3,840,0.0,50,890,Wallet,Website,Delivered,Ola Logistics,RD048,4.8,40,24.0,True,4.0,
ORD01210,2026-01-25,2026-01-25 10:56:00,C0932,Restaurant_22,Mohali,Phase 7,2,440,0.0,40,480,Credit Card,Restaurant App,Delivered,In-house Rider,RD040,2.2,45,21.0,True,5.0,
ORD03108,2026-05-10,2026-05-10 02:32:00,C0035,Restaurant_06,Mohali,Phase 7,2,360,50.0,60,370,UPI,Restaurant App,Cancelled,Not Assigned,Not Assigned,4.1,30,,,,Rider Unavailable
ORD00642,2026-03-08,2026-03-08 22:04:00,C0988,Restaurant_17,Panchkula,Sector 5,3,840,20.0,50,870,Wallet,Website,Delivered,In-house Rider,RD049,9.3,50,30.0,True,5.0,
